/*
SQLyog Community v13.1.2 (64 bit)
MySQL - 5.7.19 : Database - e_learning_v2
*********************************************************************
*/

/*!40101 SET NAMES utf8 */;

/*!40101 SET SQL_MODE=''*/;

/*!40014 SET @OLD_UNIQUE_CHECKS=@@UNIQUE_CHECKS, UNIQUE_CHECKS=0 */;
/*!40014 SET @OLD_FOREIGN_KEY_CHECKS=@@FOREIGN_KEY_CHECKS, FOREIGN_KEY_CHECKS=0 */;
/*!40101 SET @OLD_SQL_MODE=@@SQL_MODE, SQL_MODE='NO_AUTO_VALUE_ON_ZERO' */;
/*!40111 SET @OLD_SQL_NOTES=@@SQL_NOTES, SQL_NOTES=0 */;
CREATE DATABASE /*!32312 IF NOT EXISTS*/`e_learning_v2` /*!40100 DEFAULT CHARACTER SET latin1 */;

/*Table structure for table `choices` */

DROP TABLE IF EXISTS `choices`;

CREATE TABLE `choices` (
  `choice_id` int(10) unsigned NOT NULL AUTO_INCREMENT,
  `question_id` int(10) unsigned NOT NULL,
  `choice_letter` enum('a','b','c','d') COLLATE utf8_unicode_ci NOT NULL,
  `choice` text COLLATE utf8_unicode_ci NOT NULL,
  `is_correct` tinyint(1) NOT NULL DEFAULT '0',
  `is_active` tinyint(1) NOT NULL DEFAULT '1',
  `created_at` timestamp NULL DEFAULT CURRENT_TIMESTAMP,
  `updated_at` timestamp NULL DEFAULT CURRENT_TIMESTAMP ON UPDATE CURRENT_TIMESTAMP,
  PRIMARY KEY (`choice_id`),
  KEY `question_id` (`question_id`),
  CONSTRAINT `question_id` FOREIGN KEY (`question_id`) REFERENCES `questions` (`question_id`) ON DELETE CASCADE ON UPDATE CASCADE
) ENGINE=InnoDB AUTO_INCREMENT=969 DEFAULT CHARSET=utf8 COLLATE=utf8_unicode_ci;

/*Data for the table `choices` */

insert  into `choices`(`choice_id`,`question_id`,`choice_letter`,`choice`,`is_correct`,`is_active`,`created_at`,`updated_at`) values 
(1,1,'a','4JJ1-TCX',1,1,'2018-12-17 13:21:29','2018-12-17 13:21:29'),
(2,1,'b','4JJ1-TC(HI)',0,1,'2018-12-17 13:21:29','2018-12-17 13:21:29'),
(3,1,'c','4JJ1-TCC',0,1,'2018-12-17 13:21:29','2018-12-17 13:21:29'),
(4,1,'d','None of the above',0,1,'2018-12-17 13:21:29','2018-12-17 13:21:29'),
(5,2,'a','500 PS / 1863 N-m',0,1,'2018-12-17 13:23:11','2018-12-17 13:23:11'),
(6,2,'b','390 PS / 1863 N-m',0,1,'2018-12-17 13:23:11','2018-12-17 13:23:11'),
(7,2,'c','400 PS / 1863 N-m',1,1,'2018-12-17 13:23:11','2018-12-17 13:23:11'),
(8,2,'d','None',0,1,'2018-12-17 13:23:11','2018-12-17 13:23:11'),
(9,3,'a','FVR 34',0,1,'2018-12-17 13:40:19','2018-12-17 13:40:19'),
(10,3,'b','FVM 34W',0,1,'2018-12-17 13:40:19','2018-12-17 13:40:19'),
(11,3,'c','FVM 34T',0,1,'2018-12-17 13:40:19','2018-12-17 13:40:19'),
(12,3,'d','FRR 90',1,1,'2018-12-17 13:40:19','2018-12-17 13:40:19'),
(13,4,'a','JR405E',0,1,'2018-12-17 13:46:41','2018-12-17 13:46:41'),
(14,4,'b','AWR6B45',1,1,'2018-12-17 13:46:41','2018-12-17 13:46:41'),
(15,4,'c','TB50LS',0,1,'2018-12-17 13:46:41','2018-12-17 13:46:41'),
(16,4,'d','None',0,1,'2018-12-17 13:46:41','2018-12-17 13:46:41'),
(17,5,'a','Open Wrench',0,1,'2018-12-17 13:52:54','2018-12-17 13:52:54'),
(18,5,'b','Hammer',1,1,'2018-12-17 13:52:54','2018-12-17 13:52:54'),
(19,5,'c','Chisel',0,1,'2018-12-17 13:52:54','2018-12-17 13:52:54'),
(20,5,'d','None',0,1,'2018-12-17 13:52:54','2018-12-17 13:52:54'),
(21,6,'a','Open Wrench and Box Wrench',0,1,'2018-12-17 13:54:33','2018-12-17 13:54:33'),
(22,6,'b','Pliers and Vice Grip',0,1,'2018-12-17 13:54:33','2018-12-17 13:54:33'),
(23,6,'c','Slide and Speeder Handle',0,1,'2018-12-17 13:54:33','2018-12-17 13:54:33'),
(24,6,'d','Extension Bar and Universal Joint',1,1,'2018-12-17 13:54:33','2018-12-17 13:54:33'),
(25,7,'a','Ratchet Handle',1,1,'2018-12-17 13:55:58','2018-12-17 13:55:58'),
(26,7,'b','Speeder Handle',0,1,'2018-12-17 13:55:58','2018-12-17 13:55:58'),
(27,7,'c','Spinner Handle',0,1,'2018-12-17 13:55:58','2018-12-17 13:55:58'),
(28,7,'d','None',0,1,'2018-12-17 13:55:58','2018-12-17 13:55:58'),
(29,8,'a','Pliers',1,1,'2018-12-17 13:57:59','2019-06-07 11:14:33'),
(30,8,'b','Screwdriver',0,1,'2018-12-17 13:57:59','2018-12-17 13:57:59'),
(31,8,'c','Wrench',0,1,'2018-12-17 13:57:59','2018-12-17 13:57:59'),
(32,8,'d','Chisel',0,1,'2018-12-17 13:57:59','2018-12-17 13:57:59'),
(33,9,'a','Box Wrench',0,1,'2018-12-17 13:59:28','2018-12-17 13:59:28'),
(34,9,'b','Open Wrench',1,1,'2018-12-17 13:59:28','2018-12-17 13:59:28'),
(35,9,'c','Pneumatic Wrench',0,1,'2018-12-17 13:59:28','2018-12-17 13:59:28'),
(36,9,'d','Impact Wrench',0,1,'2018-12-17 13:59:28','2018-12-17 13:59:28'),
(37,10,'a','Box Wrench',1,1,'2018-12-17 14:00:30','2018-12-17 14:00:30'),
(38,10,'b','Open Wrench',0,1,'2018-12-17 14:00:30','2018-12-17 14:00:30'),
(39,10,'c','Pneumatic Wrench',0,1,'2018-12-17 14:00:30','2018-12-17 14:00:30'),
(40,10,'d','Impact Wrench',0,1,'2018-12-17 14:00:30','2018-12-17 14:00:30'),
(41,11,'a','Spinner Handle',0,1,'2018-12-17 14:04:55','2018-12-17 14:04:55'),
(42,11,'b','Socket Wrench',0,1,'2018-12-17 14:04:55','2018-12-17 14:04:55'),
(43,11,'c','Hex Nut Wrench',0,1,'2018-12-17 14:04:55','2018-12-17 14:04:55'),
(44,11,'d','Screwdriver',1,1,'2018-12-17 14:04:55','2018-12-17 14:04:55'),
(45,12,'a','Box Wrench Set',0,1,'2018-12-17 14:06:52','2018-12-17 14:06:52'),
(46,12,'b','Socket Wrench Set',1,1,'2018-12-17 14:06:52','2018-12-17 14:06:52'),
(47,12,'c','Open Wrench Set',0,1,'2018-12-17 14:06:52','2018-12-17 14:06:52'),
(48,12,'d','None',0,1,'2018-12-17 14:06:52','2018-12-17 14:06:52'),
(49,13,'a','Vice Grip Pliers',1,1,'2018-12-17 14:08:30','2018-12-17 14:08:30'),
(50,13,'b','Cutting Pliers',0,1,'2018-12-17 14:08:30','2018-12-17 14:08:30'),
(51,13,'c','Combination Pliers',0,1,'2018-12-17 14:08:30','2018-12-17 14:08:30'),
(52,13,'d','Nose Pliers',0,1,'2018-12-17 14:08:30','2018-12-17 14:08:30'),
(53,14,'a','Dies',0,1,'2018-12-17 14:09:35','2018-12-17 14:09:35'),
(54,14,'b','Drill',0,1,'2018-12-17 14:09:35','2018-12-17 14:09:35'),
(55,14,'c','Taps',1,1,'2018-12-17 14:09:35','2018-12-17 14:09:35'),
(56,14,'d','Center Punch',0,1,'2018-12-17 14:09:35','2018-12-17 14:09:35'),
(57,15,'a','Bench Drill',0,1,'2018-12-17 14:10:45','2018-12-17 14:10:45'),
(58,15,'b','Dies',0,1,'2018-12-17 14:10:45','2018-12-17 14:10:45'),
(59,15,'c','Taps',0,1,'2018-12-17 14:10:45','2018-12-17 14:10:45'),
(60,15,'d','Electric Drill',1,1,'2018-12-17 14:10:45','2018-12-17 14:10:45'),
(61,16,'a','Air Compressor',1,1,'2018-12-17 14:12:18','2018-12-17 14:12:18'),
(62,16,'b','Oil Pump',0,1,'2018-12-17 14:12:18','2018-12-17 14:12:18'),
(63,16,'c','Hydraulic Press',0,1,'2018-12-17 14:12:18','2018-12-17 14:12:18'),
(64,16,'d','None',0,1,'2018-12-17 14:12:18','2018-12-17 14:12:18'),
(65,17,'a','Ratchet Handle',0,1,'2018-12-17 14:42:30','2018-12-17 14:42:30'),
(66,17,'b','Speeder Handle',1,1,'2018-12-17 14:42:30','2018-12-17 14:42:30'),
(67,17,'c','Spinner Handle',0,1,'2018-12-17 14:42:30','2018-12-17 14:42:30'),
(68,17,'d','None',0,1,'2018-12-17 14:42:30','2018-12-17 14:42:30'),
(69,18,'a','Vernier Caliper',0,1,'2018-12-17 14:43:52','2018-12-17 14:43:52'),
(70,18,'b','Dial Gauge',1,1,'2018-12-17 14:43:52','2018-12-17 14:43:52'),
(71,18,'c','Micrometer',0,1,'2018-12-17 14:43:52','2018-12-17 14:43:52'),
(72,18,'d','Bore Gauge',0,1,'2018-12-17 14:43:52','2018-12-17 14:43:52'),
(73,19,'a','Plastigauge',1,1,'2018-12-17 14:45:09','2018-12-17 14:45:09'),
(74,19,'b','Cylinder Gauge',0,1,'2018-12-17 14:45:09','2018-12-17 14:45:09'),
(75,19,'c','Thickness Gauge',0,1,'2018-12-17 14:45:09','2018-12-17 14:45:09'),
(76,19,'d','Bore Gauge',0,1,'2018-12-17 14:45:09','2018-12-17 14:45:09'),
(77,20,'a','Box Wrench',0,1,'2018-12-17 14:46:50','2018-12-17 14:46:50'),
(78,20,'b','Cylinder Gauge',0,1,'2018-12-17 14:46:50','2018-12-17 14:46:50'),
(79,20,'c','Torque Wrench',1,1,'2018-12-17 14:46:50','2018-12-17 14:46:50'),
(80,20,'d','Bore Gauge',0,1,'2018-12-17 14:46:50','2018-12-17 14:46:50'),
(81,21,'a','Plastigauge',0,1,'2018-12-17 14:48:23','2018-12-17 14:48:23'),
(82,21,'b','Cylinder Gauge',0,1,'2018-12-17 14:48:23','2018-12-17 14:48:23'),
(83,21,'c','Thickness (Feeler) Gauge',1,1,'2018-12-17 14:48:23','2018-12-17 14:48:23'),
(84,21,'d','Bore Gauge',0,1,'2018-12-17 14:48:23','2018-12-17 14:48:23'),
(85,22,'a','Dial Type',0,1,'2018-12-17 14:49:35','2018-12-17 14:49:35'),
(86,22,'b','Plate Type',1,1,'2018-12-17 14:49:35','2018-12-17 14:49:35'),
(87,22,'c','Auto-limit Type',0,1,'2018-12-17 14:49:35','2018-12-17 14:49:35'),
(88,22,'d','None',0,1,'2018-12-17 14:49:35','2018-12-17 14:49:35'),
(89,23,'a','Vernier Caliper',0,1,'2018-12-17 14:50:56','2018-12-17 14:50:56'),
(90,23,'b','Dial Gauge',0,1,'2018-12-17 14:50:56','2018-12-17 14:50:56'),
(91,23,'c','Micrometer',1,1,'2018-12-17 14:50:56','2018-12-17 14:50:56'),
(92,23,'d','Bore Gauge',0,1,'2018-12-17 14:50:56','2018-12-17 14:50:56'),
(93,24,'a','Vernier Caliper',1,1,'2018-12-17 14:51:52','2018-12-17 14:51:52'),
(94,24,'b','Dial Gauge',0,1,'2018-12-17 14:51:52','2018-12-17 14:51:52'),
(95,24,'c','Micrometer',0,1,'2018-12-17 14:51:52','2018-12-17 14:51:52'),
(96,24,'d','Bore Gauge',0,1,'2018-12-17 14:51:52','2018-12-17 14:51:52'),
(97,25,'a','Lock the micrometer with its anvil and spindle having no gap.',0,1,'2018-12-17 14:54:14','2018-12-17 14:54:14'),
(98,25,'b','Lock the micrometer with its anvil and spindle kept apart to provide space for thermal expansion.',1,1,'2018-12-17 14:54:14','2018-12-17 14:54:14'),
(99,25,'c','Lock the micrometer with rubber pad in between the anvil and spindle to keep them apart when stored.',0,1,'2018-12-17 14:54:14','2018-12-17 14:54:14'),
(100,25,'d','None',0,1,'2018-12-17 14:54:14','2018-12-17 14:54:14'),
(101,26,'a','Find a vernier caliper with a wider main scale to fit the workpiece.',0,1,'2018-12-17 14:57:41','2018-12-17 14:57:41'),
(102,26,'b','Hold the vernier caliper at the level of the workpiece\'s opening and estimate its depth.',0,1,'2018-12-17 14:57:41','2018-12-17 14:57:41'),
(103,26,'c','Use a straightedge as base then subtract its thickness from the actual reading of the vernier caliper to get the depth.',1,1,'2018-12-17 14:57:41','2018-12-17 14:57:41'),
(104,26,'d','None',0,1,'2018-12-17 14:57:41','2018-12-17 14:57:41'),
(105,27,'a','Global - Isuzu Dealer Service Standards',0,1,'2018-12-17 15:38:34','2018-12-17 15:38:34'),
(106,27,'b','Global - Isuzu Diagnostic Service System',1,1,'2018-12-17 15:38:34','2018-12-17 15:38:34'),
(107,27,'c','Tech 2',0,1,'2018-12-17 15:38:34','2018-12-17 15:38:34'),
(108,27,'d','TIS 2000',0,1,'2018-12-17 15:38:34','2018-12-17 15:38:34'),
(109,28,'a','Main Screen',0,1,'2018-12-17 16:01:49','2018-12-17 16:01:49'),
(110,28,'b','Table of Contents',0,1,'2018-12-17 16:01:49','2018-12-17 16:01:49'),
(111,28,'c','Tool Bar',1,1,'2018-12-17 16:01:49','2018-12-17 16:01:49'),
(112,28,'d','None',0,1,'2018-12-17 16:01:49','2018-12-17 16:01:49'),
(113,29,'a','Data Recording Module',1,1,'2018-12-17 16:03:31','2018-12-17 16:03:31'),
(114,29,'b','Health Report',0,1,'2018-12-17 16:03:31','2018-12-17 16:03:31'),
(115,29,'c','Diagnostic Trouble Code',0,1,'2018-12-17 16:03:31','2018-12-17 16:03:31'),
(116,29,'d','None',0,1,'2018-12-17 16:03:31','2018-12-17 16:03:31'),
(117,30,'a','Workshop Manual',0,1,'2018-12-17 16:07:32','2018-12-17 16:07:32'),
(118,30,'b','Electrical Troubleshooting Manuak',0,1,'2018-12-17 16:07:32','2018-12-17 16:07:32'),
(119,30,'c','Service Manual',0,1,'2018-12-17 16:07:32','2018-12-17 16:07:32'),
(120,30,'d','Service Information',1,1,'2018-12-17 16:07:32','2018-12-17 16:07:32'),
(121,31,'a','Graph',0,1,'2018-12-17 16:09:46','2018-12-17 16:09:46'),
(122,31,'b','Zoom Window',0,1,'2018-12-17 16:09:46','2018-12-17 16:09:46'),
(123,31,'c','Live Data',1,1,'2018-12-17 16:09:46','2018-12-17 16:09:46'),
(124,31,'d','None',0,1,'2018-12-17 16:09:46','2018-12-17 16:09:46'),
(125,32,'a','Utility Function',0,1,'2018-12-17 16:10:43','2018-12-17 16:10:43'),
(126,32,'b','Controller Programming',1,1,'2018-12-17 16:10:43','2018-12-17 16:10:43'),
(127,32,'c','Live Data',0,1,'2018-12-17 16:10:43','2018-12-17 16:10:43'),
(128,32,'d','None',0,1,'2018-12-17 16:10:43','2018-12-17 16:10:43'),
(129,33,'a','Data Recording Module',0,1,'2018-12-17 16:13:29','2018-12-17 16:13:29'),
(130,33,'b','Health Report',1,1,'2018-12-17 16:13:29','2018-12-17 16:13:29'),
(131,33,'c','Diagnostic Trouble Code',0,1,'2018-12-17 16:13:29','2018-12-17 16:13:29'),
(132,33,'d','None',0,1,'2018-12-17 16:13:29','2018-12-17 16:13:29'),
(133,34,'a','Smart DLC Cable',1,1,'2018-12-17 16:15:16','2018-12-17 16:15:16'),
(134,34,'b','Interface Box',0,1,'2018-12-17 16:15:16','2018-12-17 16:15:16'),
(135,34,'c','DRM Cable',0,1,'2018-12-17 16:15:16','2018-12-17 16:15:16'),
(136,34,'d','None',0,1,'2018-12-17 16:15:16','2018-12-17 16:15:16'),
(137,35,'a','Periodic Maintenance',1,1,'2018-12-17 16:18:03','2018-12-17 16:18:03'),
(138,35,'b','Troubleshooting',0,1,'2018-12-17 16:18:03','2018-12-17 16:18:03'),
(139,35,'c','Inspection',0,1,'2018-12-17 16:18:03','2018-12-17 16:18:03'),
(140,35,'d','None',0,1,'2018-12-17 16:18:03','2018-12-17 16:18:03'),
(141,36,'a','Air Filter',0,1,'2018-12-17 16:22:23','2018-12-17 16:22:23'),
(142,36,'b','Oil Filter',1,1,'2018-12-17 16:22:23','2018-12-17 16:22:23'),
(143,36,'c','Fuel Filter',0,1,'2018-12-17 16:22:23','2018-12-17 16:22:23'),
(144,36,'d','None',0,1,'2018-12-17 16:22:23','2018-12-17 16:22:23'),
(145,37,'a','Lubricating Action',0,1,'2018-12-17 16:23:17','2018-12-17 16:23:17'),
(146,37,'b','Cleaning Action',0,1,'2018-12-17 16:23:17','2018-12-17 16:23:17'),
(147,37,'c','Rust Preventive Action',0,1,'2018-12-17 16:23:17','2018-12-17 16:23:17'),
(148,37,'d','Cooling Function',1,1,'2018-12-17 16:23:17','2018-12-17 16:23:17'),
(149,38,'a','Drive Belt',1,1,'2018-12-17 16:24:12','2018-12-17 16:24:12'),
(150,38,'b','Chain',0,1,'2018-12-17 16:24:12','2018-12-17 16:24:12'),
(151,38,'c','Conveyor Belt',0,1,'2018-12-17 16:24:12','2018-12-17 16:24:12'),
(152,38,'d','None',0,1,'2018-12-17 16:24:12','2018-12-17 16:24:12'),
(153,39,'a','Oil Filer',0,1,'2018-12-17 16:25:13','2018-12-17 16:25:13'),
(154,39,'b','Fuel Filter',0,1,'2018-12-17 16:25:13','2018-12-17 16:25:13'),
(155,39,'c','Air Cleaner',1,1,'2018-12-17 16:25:13','2018-12-17 16:25:13'),
(156,39,'d','None',0,1,'2018-12-17 16:25:13','2018-12-17 16:25:13'),
(157,40,'a','Freon',0,1,'2018-12-17 16:25:57','2018-12-17 16:25:57'),
(158,40,'b','Long Life Coolant',1,1,'2018-12-17 16:25:57','2018-12-17 16:25:57'),
(159,40,'c','Engine Oil',0,1,'2018-12-17 16:25:57','2018-12-17 16:25:57'),
(160,40,'d','None',0,1,'2018-12-17 16:25:57','2018-12-17 16:25:57'),
(161,41,'a','Freon',0,1,'2018-12-17 16:27:59','2018-12-17 16:27:59'),
(162,41,'b','Long Life Coolant',0,1,'2018-12-17 16:27:59','2018-12-17 16:27:59'),
(163,41,'c','Engine Oil',1,1,'2018-12-17 16:27:59','2018-12-17 16:27:59'),
(164,41,'d','None',0,1,'2018-12-17 16:27:59','2018-12-17 16:27:59'),
(165,42,'a','Fuel Air Bleeding',1,1,'2018-12-17 16:35:25','2018-12-17 16:35:25'),
(166,42,'b','Fuel Drain Water',0,1,'2018-12-17 16:35:25','2018-12-17 16:35:25'),
(167,42,'c','Fuel Flushing',0,1,'2018-12-17 16:35:25','2018-12-17 16:35:25'),
(168,42,'d','None',0,1,'2018-12-17 16:35:25','2018-12-17 16:35:25'),
(169,43,'a','Drive Belt',0,1,'2018-12-17 16:37:10','2018-12-17 16:37:10'),
(170,43,'b','Timing Chain',0,1,'2018-12-17 16:37:10','2018-12-17 16:37:10'),
(171,43,'c','Propeller Shaft',0,1,'2018-12-17 16:37:10','2018-12-17 16:37:10'),
(172,43,'d','Clutch',1,1,'2018-12-17 16:37:10','2018-12-17 16:37:10'),
(173,44,'a','Transmission Fluid',0,1,'2018-12-17 16:38:27','2018-12-17 16:38:27'),
(174,44,'b','Power Steering Fluid',0,1,'2018-12-17 16:38:27','2018-12-17 16:38:27'),
(175,44,'c','Brake Fluid',1,1,'2018-12-17 16:38:27','2018-12-17 16:38:27'),
(176,44,'d','None',0,1,'2018-12-17 16:38:27','2018-12-17 16:38:27'),
(177,45,'a','Brake',0,1,'2018-12-17 16:40:13','2018-12-17 16:40:13'),
(178,45,'b','Differential',1,1,'2018-12-17 16:40:13','2018-12-17 16:40:13'),
(179,45,'c','Transmission',0,1,'2018-12-17 16:40:13','2018-12-17 16:40:13'),
(180,45,'d','Engine',0,1,'2018-12-17 16:40:13','2018-12-17 16:40:13'),
(181,46,'a','Steering System',1,1,'2018-12-17 16:41:06','2018-12-17 16:41:06'),
(182,46,'b','Brake System',0,1,'2018-12-17 16:41:06','2018-12-17 16:41:06'),
(183,46,'c','Transmission System',0,1,'2018-12-17 16:41:06','2018-12-17 16:41:06'),
(184,46,'d','Engine System',0,1,'2018-12-17 16:41:06','2018-12-17 16:41:06'),
(185,47,'a','Viscosity',1,1,'2018-12-17 16:44:58','2018-12-17 16:44:58'),
(186,47,'b','Malleability',0,1,'2018-12-17 16:44:58','2018-12-17 16:44:58'),
(187,47,'c','Opacity',0,1,'2018-12-17 16:44:58','2018-12-17 16:44:58'),
(188,47,'d','Turbidity',0,1,'2018-12-17 16:44:58','2018-12-17 16:44:58'),
(189,48,'a','Oil Filter',0,1,'2018-12-17 16:46:54','2018-12-17 16:46:54'),
(190,48,'b','Fuel Filter',1,1,'2018-12-17 16:46:54','2018-12-17 16:46:54'),
(191,48,'c','Air Cleaner',0,1,'2018-12-17 16:46:54','2018-12-17 16:46:54'),
(192,48,'d','None',0,1,'2018-12-17 16:46:54','2018-12-17 16:46:54'),
(193,49,'a','Automobile Engines',1,1,'2018-12-17 16:57:19','2018-12-17 16:57:19'),
(194,49,'b','Automobile Suspension',0,1,'2018-12-17 16:57:19','2018-12-17 16:57:19'),
(195,49,'c','Automobile Transmission',0,1,'2018-12-17 16:57:19','2018-12-17 16:57:19'),
(196,49,'d','None',0,1,'2018-12-17 16:57:19','2018-12-17 16:57:19'),
(197,50,'a','Gasoline Engines',0,1,'2018-12-17 17:03:07','2018-12-17 17:03:07'),
(198,50,'b','Gas Turbine Engine',0,1,'2018-12-17 17:03:07','2018-12-17 17:03:07'),
(199,50,'c','Diesel Engines',1,1,'2018-12-17 17:03:07','2018-12-17 17:03:07'),
(200,50,'d','Hybrid Engines',0,1,'2018-12-17 17:03:07','2018-12-17 17:03:07'),
(201,51,'a','Only air is drawn in.',0,1,'2018-12-17 17:04:05','2018-12-17 17:04:05'),
(202,51,'b','Both air and fuel is drawn in',1,1,'2018-12-17 17:04:05','2018-12-17 17:04:05'),
(203,51,'c','Only fuel is drawn in',0,1,'2018-12-17 17:04:05','2018-12-17 17:04:05'),
(204,51,'d','None',0,1,'2018-12-17 17:04:05','2018-12-17 17:04:05'),
(205,52,'a','100%',0,1,'2018-12-17 17:04:59','2018-12-17 17:04:59'),
(206,52,'b','46%',1,1,'2018-12-17 17:04:59','2018-12-17 17:04:59'),
(207,52,'c','32%',0,1,'2018-12-17 17:04:59','2018-12-17 17:04:59'),
(208,52,'d','None',0,1,'2018-12-17 17:04:59','2018-12-17 17:04:59'),
(209,53,'a','Intake Stroke',1,1,'2018-12-17 17:05:55','2018-12-17 17:05:55'),
(210,53,'b','Compression Stroke',0,1,'2018-12-17 17:05:55','2018-12-17 17:05:55'),
(211,53,'c','Combustion Stroke',0,1,'2018-12-17 17:05:55','2018-12-17 17:05:55'),
(212,53,'d','Exhaust Stroke',0,1,'2018-12-17 17:05:55','2018-12-17 17:05:55'),
(213,54,'a','Compression Ratio',0,1,'2018-12-17 17:08:19','2018-12-17 17:08:19'),
(214,54,'b','Air Fuel Ratio',0,1,'2018-12-17 17:08:19','2018-12-17 17:08:19'),
(215,54,'c','Piston Displacement',1,1,'2018-12-17 17:08:19','2018-12-17 17:08:19'),
(216,54,'d','None',0,1,'2018-12-17 17:08:19','2018-12-17 17:08:19'),
(217,55,'a','Stress-Strain Curve',0,1,'2018-12-17 17:09:42','2018-12-17 17:09:42'),
(218,55,'b','Engine Performance Curve',1,1,'2018-12-17 17:09:42','2019-06-07 17:19:59'),
(219,55,'c','Power Chart',0,1,'2018-12-17 17:09:42','2019-06-07 17:19:59'),
(220,55,'d','None',0,1,'2018-12-17 17:09:42','2018-12-17 17:09:42'),
(221,56,'a','Power',0,1,'2018-12-17 17:10:42','2018-12-17 17:10:42'),
(222,56,'b','Torque',1,1,'2018-12-17 17:10:42','2018-12-17 17:10:42'),
(223,56,'c','Acceleration',0,1,'2018-12-17 17:10:42','2018-12-17 17:10:42'),
(224,56,'d','None',0,1,'2018-12-17 17:10:42','2018-12-17 17:10:42'),
(225,57,'a','Compression Ratio',1,1,'2018-12-17 17:11:43','2018-12-17 17:11:43'),
(226,57,'b','Air Fuel Ratio',0,1,'2018-12-17 17:11:43','2018-12-17 17:11:43'),
(227,57,'c','Piston Displacement',0,1,'2018-12-17 17:11:43','2018-12-17 17:11:43'),
(228,57,'d','None',0,1,'2018-12-17 17:11:43','2018-12-17 17:11:43'),
(229,58,'a','Power',1,1,'2018-12-17 17:12:31','2018-12-17 17:12:31'),
(230,58,'b','Torque',0,1,'2018-12-17 17:12:31','2018-12-17 17:12:31'),
(231,58,'c','Acceleration',0,1,'2018-12-17 17:12:31','2018-12-17 17:12:31'),
(232,58,'d','None',0,1,'2018-12-17 17:12:31','2018-12-17 17:12:31'),
(233,59,'a','1.495 L',0,1,'2018-12-17 17:13:46','2018-12-17 17:13:46'),
(234,59,'b','14.700 L',0,1,'2018-12-17 17:13:46','2018-12-17 17:13:46'),
(235,59,'c','2.999 L',1,1,'2018-12-17 17:13:46','2018-12-17 17:13:46'),
(236,59,'d','None',0,1,'2018-12-17 17:13:46','2018-12-17 17:13:46'),
(237,60,'a','10 N-m',0,1,'2018-12-17 17:14:39','2018-12-17 17:14:39'),
(238,60,'b','6 N-m',1,1,'2018-12-17 17:14:39','2018-12-17 17:14:39'),
(239,60,'c','5.5 N-m',0,1,'2018-12-17 17:14:39','2018-12-17 17:14:39'),
(240,60,'d','None',0,1,'2018-12-17 17:14:39','2018-12-17 17:14:39'),
(241,61,'a','4.199 L',0,1,'2018-12-17 17:17:41','2018-12-17 17:17:41'),
(242,61,'b','7.790 L',1,1,'2018-12-17 17:17:41','2018-12-17 17:17:41'),
(243,61,'c','2.489 L',0,1,'2018-12-17 17:17:41','2018-12-17 17:17:41'),
(244,61,'d','None',0,1,'2018-12-17 17:17:41','2018-12-17 17:17:41'),
(245,62,'a','Cylinder Bore',0,1,'2018-12-17 17:20:22','2018-12-17 17:20:22'),
(246,62,'b','Cylinder Stroke',0,1,'2018-12-17 17:20:22','2018-12-17 17:20:22'),
(247,62,'c','Cylinder Block',0,1,'2018-12-17 17:20:22','2018-12-17 17:20:22'),
(248,62,'d','Cylinder Head',1,1,'2018-12-17 17:20:22','2018-12-17 17:20:22'),
(249,63,'a','Camshaft',0,1,'2018-12-17 17:43:33','2018-12-17 17:43:33'),
(250,63,'b','Crankshaft',1,1,'2018-12-17 17:43:33','2018-12-17 17:43:33'),
(251,63,'c','Propeller Shaft',0,1,'2018-12-17 17:43:33','2018-12-17 17:43:33'),
(252,63,'d','None',0,1,'2018-12-17 17:43:33','2018-12-17 17:43:33'),
(253,64,'a','Cylinder Bore',0,1,'2018-12-18 11:46:26','2018-12-18 11:46:26'),
(254,64,'b','Cylinder Stroke',0,1,'2018-12-18 11:46:26','2018-12-18 11:46:26'),
(255,64,'c','Cylinder Block',1,1,'2018-12-18 11:46:26','2018-12-18 11:46:26'),
(256,64,'d','Cylinder Head',0,1,'2018-12-18 11:46:26','2018-12-18 11:46:26'),
(257,65,'a','Integrated Cylinders',1,1,'2018-12-18 11:51:53','2018-12-18 11:51:53'),
(258,65,'b','Liner Type',0,1,'2018-12-18 11:51:53','2018-12-18 11:51:53'),
(259,65,'c','Open Liner Type',0,1,'2018-12-18 11:51:53','2018-12-18 11:51:53'),
(260,65,'d','None',0,1,'2018-12-18 11:51:53','2018-12-18 11:51:53'),
(261,66,'a','Single Overhead Cam',0,1,'2018-12-18 12:44:13','2018-12-18 12:44:13'),
(262,66,'b','Double Overhead Cam',0,1,'2018-12-18 12:44:13','2018-12-18 12:44:13'),
(263,66,'c','Overhead Cam',0,1,'2018-12-18 12:44:13','2018-12-18 12:44:13'),
(264,66,'d','Overhead Valve',1,1,'2018-12-18 12:44:13','2018-12-18 12:44:13'),
(265,67,'a','Piston',0,1,'2018-12-18 12:47:43','2018-12-18 12:47:43'),
(266,67,'b','Valves',1,1,'2018-12-18 12:47:43','2018-12-18 12:47:43'),
(267,67,'c','Crankshaft',0,1,'2018-12-18 12:47:43','2018-12-18 12:47:43'),
(268,67,'d','None',0,1,'2018-12-18 12:47:43','2018-12-18 12:47:43'),
(269,68,'a','Cooling System',1,1,'2018-12-18 12:49:17','2018-12-18 12:49:17'),
(270,68,'b','Fuel System',0,1,'2018-12-18 12:49:17','2018-12-18 12:49:17'),
(271,68,'c','Lubrication System',0,1,'2018-12-18 12:49:17','2018-12-18 12:49:17'),
(272,68,'d','Intake and Exhaust',0,1,'2018-12-18 12:49:17','2018-12-18 12:49:17'),
(273,69,'a','Water Pump',0,1,'2018-12-18 12:50:28','2018-12-18 12:50:28'),
(274,69,'b','Radiator Cap',0,1,'2018-12-18 12:50:28','2018-12-18 12:50:28'),
(275,69,'c','Thermostat',0,1,'2018-12-18 12:50:28','2018-12-18 12:50:28'),
(276,69,'d','Radiator',1,1,'2018-12-18 12:50:28','2018-12-18 12:50:28'),
(277,70,'a','Radiator',1,1,'2018-12-18 12:51:56','2018-12-18 12:51:56'),
(278,70,'b','Cooling Fan',0,1,'2018-12-18 12:51:56','2018-12-18 12:51:56'),
(279,70,'c','Thermostat',0,1,'2018-12-18 12:51:56','2018-12-18 12:51:56'),
(280,70,'d','Water Pump',0,1,'2018-12-18 12:51:56','2018-12-18 12:51:56'),
(281,71,'a','Radiator',0,1,'2018-12-18 12:52:58','2018-12-18 12:52:58'),
(282,71,'b','Cooling Fan',0,1,'2018-12-18 12:52:58','2018-12-18 12:52:58'),
(283,71,'c','Thermostat',0,1,'2018-12-18 12:52:58','2018-12-18 12:52:58'),
(284,71,'d','Water Pump',1,1,'2018-12-18 12:52:58','2018-12-18 12:52:58'),
(285,72,'a','Water Pump',0,1,'2018-12-18 12:54:02','2018-12-18 12:54:02'),
(286,72,'b','Fan Clutch',1,1,'2018-12-18 12:54:02','2018-12-18 12:54:02'),
(287,72,'c','Fan Belt',0,1,'2018-12-18 12:54:02','2018-12-18 12:54:02'),
(288,72,'d','Radiator Cap',0,1,'2018-12-18 12:54:02','2018-12-18 12:54:02'),
(289,73,'a','Coolant',1,1,'2018-12-18 12:54:36','2018-12-18 12:54:36'),
(290,73,'b','Engine Oil',0,1,'2018-12-18 12:54:36','2018-12-18 12:54:36'),
(291,73,'c','Grease',0,1,'2018-12-18 12:54:36','2018-12-18 12:54:36'),
(292,73,'d','Brake Fluid',0,1,'2018-12-18 12:54:36','2018-12-18 12:54:36'),
(293,74,'a','Cryoprotective Action',1,1,'2018-12-18 12:56:04','2018-12-18 12:56:04'),
(294,74,'b','Rust Prevention',0,1,'2018-12-18 12:56:04','2018-12-18 12:56:04'),
(295,74,'c','Cooling Action',0,1,'2018-12-18 12:56:04','2018-12-18 12:56:04'),
(296,74,'d','None',0,1,'2018-12-18 12:56:04','2018-12-18 12:56:04'),
(297,75,'a','Water Pump',0,1,'2018-12-18 12:57:14','2018-12-18 12:57:14'),
(298,75,'b','Radiator',0,1,'2018-12-18 12:57:14','2018-12-18 12:57:14'),
(299,75,'c','Radiator Cap',1,1,'2018-12-18 12:57:14','2018-12-18 12:57:14'),
(300,75,'d','None',0,1,'2018-12-18 12:57:14','2018-12-18 12:57:14'),
(301,76,'a','Cooling System',0,1,'2018-12-18 12:58:29','2018-12-18 12:58:29'),
(302,76,'b','Fuel System',0,1,'2018-12-18 12:58:29','2018-12-18 12:58:29'),
(303,76,'c','Lubrication System',1,1,'2018-12-18 12:58:29','2018-12-18 12:58:29'),
(304,76,'d','None',0,1,'2018-12-18 12:58:29','2018-12-18 12:58:29'),
(305,77,'a','Sealing Action',0,1,'2018-12-18 12:59:26','2018-12-18 12:59:26'),
(306,77,'b','Anti-Rust Action',1,1,'2018-12-18 12:59:26','2018-12-18 12:59:26'),
(307,77,'c','Purifying Action',0,1,'2018-12-18 12:59:26','2018-12-18 12:59:26'),
(308,77,'d','None',0,1,'2018-12-18 12:59:26','2018-12-18 12:59:26'),
(309,78,'a','American Petroleum Institute',1,1,'2018-12-18 13:01:02','2018-12-18 13:01:02'),
(310,78,'b','Society of Automotive Engineers',0,1,'2018-12-18 13:01:02','2018-12-18 13:01:02'),
(311,78,'c','ILSAC',0,1,'2018-12-18 13:01:02','2018-12-18 13:01:02'),
(312,78,'d','None',0,1,'2018-12-18 13:01:02','2018-12-18 13:01:02'),
(313,79,'a','Oil Pump',0,1,'2018-12-18 13:02:28','2018-12-18 13:04:00'),
(314,79,'b','Oil Gallery',0,1,'2018-12-18 13:02:28','2018-12-18 13:02:28'),
(315,79,'c','Oil Filter',1,1,'2018-12-18 13:02:28','2018-12-18 13:04:00'),
(316,79,'d','None',0,1,'2018-12-18 13:02:28','2018-12-18 13:02:28'),
(317,80,'a','Oil Pump',1,1,'2018-12-18 13:03:41','2018-12-18 13:03:41'),
(318,80,'b','Oil Gallery',0,1,'2018-12-18 13:03:41','2018-12-18 13:03:41'),
(319,80,'c','Oil Filter',0,1,'2018-12-18 13:03:41','2018-12-18 13:03:41'),
(320,80,'d','None',0,1,'2018-12-18 13:03:41','2018-12-18 13:03:41'),
(321,81,'a','Purifying Action',0,1,'2018-12-18 13:05:20','2018-12-18 13:05:20'),
(322,81,'b','Lubricating Action',0,1,'2018-12-18 13:05:20','2018-12-18 13:05:20'),
(323,81,'c','Sealing Action',0,1,'2018-12-18 13:05:20','2018-12-18 13:05:20'),
(324,81,'d','Acid Neutralization',1,1,'2018-12-18 13:05:20','2018-12-18 13:05:20'),
(325,82,'a','Oil Filter',0,1,'2018-12-18 13:06:31','2018-12-18 13:06:31'),
(326,82,'b','Air Filter',1,1,'2018-12-18 13:06:31','2018-12-18 13:06:31'),
(327,82,'c','Fuel Filter',0,1,'2018-12-18 13:06:31','2018-12-18 13:06:31'),
(328,82,'d','Water Sedimentor',0,1,'2018-12-18 13:06:31','2018-12-18 13:06:31'),
(329,83,'a','Exhaust Manifold',0,1,'2018-12-18 13:18:04','2018-12-18 13:18:04'),
(330,83,'b','Catalytic Converter',0,1,'2018-12-18 13:18:04','2018-12-18 13:18:04'),
(331,83,'c','Fuel Filter',0,1,'2018-12-18 13:18:04','2018-12-18 13:18:04'),
(332,83,'d','Intake Manifold',1,1,'2018-12-18 13:18:04','2018-12-18 13:18:04'),
(333,84,'a','Variable Geometry System',1,1,'2018-12-18 13:22:19','2018-12-18 13:22:19'),
(334,84,'b','Conventional Turbocharger',0,1,'2018-12-18 13:22:19','2018-12-18 13:22:19'),
(335,84,'c','Supercharger',0,1,'2018-12-18 13:22:19','2018-12-18 13:22:19'),
(336,84,'d','Naturally Aspirated',0,1,'2018-12-18 13:22:19','2018-12-18 13:22:19'),
(337,85,'a','Turbocharger',1,1,'2018-12-18 13:30:15','2018-12-18 13:30:15'),
(338,85,'b','Supercharger',0,1,'2018-12-18 13:30:15','2018-12-18 13:30:15'),
(339,85,'c','Naturally Aspirated',0,1,'2018-12-18 13:30:15','2018-12-18 13:30:15'),
(340,85,'d','None',0,1,'2018-12-18 13:30:15','2018-12-18 13:30:15'),
(341,86,'a','Radiator',0,1,'2018-12-18 13:36:20','2018-12-18 13:36:20'),
(342,86,'b','Condenser',0,1,'2018-12-18 13:36:20','2018-12-18 13:36:20'),
(343,86,'c','Intercooler',1,1,'2018-12-18 13:36:20','2018-12-18 13:36:20'),
(344,86,'d','Evaporator',0,1,'2018-12-18 13:36:20','2018-12-18 13:36:20'),
(345,87,'a','Intake Manifold',0,1,'2018-12-18 17:18:01','2018-12-18 17:18:01'),
(346,87,'b','Exhaust Manifold',1,1,'2018-12-18 17:18:01','2018-12-18 17:18:01'),
(347,87,'c','Exhaust Gas Recirculator',0,1,'2018-12-18 17:18:01','2018-12-18 17:18:01'),
(348,87,'d','Diesel Oxidation Catalyst',0,1,'2018-12-18 17:18:01','2018-12-18 17:18:01'),
(349,88,'a','Intake Manifold',0,1,'2018-12-18 17:19:11','2018-12-18 17:19:11'),
(350,88,'b','Exhaust Manifold',0,1,'2018-12-18 17:19:11','2018-12-18 17:19:11'),
(351,88,'c','Exhaust Gas Recirculator',0,1,'2018-12-18 17:19:11','2018-12-18 17:19:11'),
(352,88,'d','Diesel Oxidation Catalyst',1,1,'2018-12-18 17:19:11','2018-12-18 17:19:11'),
(353,89,'a','Intake Manifold',0,1,'2018-12-18 17:27:04','2018-12-18 17:27:04'),
(354,89,'b','Exhaust Manifold',0,1,'2018-12-18 17:27:04','2018-12-18 17:27:04'),
(355,89,'c','Exhaust Gas Recirculator',1,1,'2018-12-18 17:27:04','2018-12-18 17:27:04'),
(356,89,'d','Diesel Oxidation Catalyst',0,1,'2018-12-18 17:27:04','2018-12-18 17:27:04'),
(357,90,'a','Supply Pump',0,1,'2018-12-18 17:31:08','2018-12-18 17:31:08'),
(358,90,'b','In-Line Injection Pump',0,1,'2018-12-18 17:31:08','2018-12-18 17:31:08'),
(359,90,'c','Water Pump',0,1,'2018-12-18 17:31:08','2018-12-18 17:31:08'),
(360,90,'d','Distributor Injection Pump',1,1,'2018-12-18 17:31:08','2018-12-18 17:31:08'),
(361,91,'a','Spray Pattern',0,1,'2018-12-18 17:32:16','2018-12-18 17:32:16'),
(362,91,'b','Initial Injection Pressure',0,1,'2018-12-18 17:32:16','2018-12-18 17:32:16'),
(363,91,'c','Homologation',1,1,'2018-12-18 17:32:16','2018-12-18 17:32:16'),
(364,91,'d','Injection Timing',0,1,'2018-12-18 17:32:16','2018-12-18 17:32:16'),
(365,92,'a','Indirect Injection',0,1,'2018-12-18 17:33:48','2018-12-18 17:33:48'),
(366,92,'b','Common-Rail Direct Injection',1,1,'2018-12-18 17:33:48','2018-12-18 17:33:48'),
(367,92,'c','Direct Injection',0,1,'2018-12-18 17:33:48','2018-12-18 17:33:48'),
(368,92,'d','None',0,1,'2018-12-18 17:33:48','2018-12-18 17:33:48'),
(369,93,'a','ID Code',1,1,'2018-12-18 17:34:49','2018-12-18 17:34:49'),
(370,93,'b','PIN Code',0,1,'2018-12-18 17:34:49','2018-12-18 17:34:49'),
(371,93,'c','Initialization Code',0,1,'2018-12-18 17:34:49','2018-12-18 17:34:49'),
(372,93,'d','None',0,1,'2018-12-18 17:34:49','2018-12-18 17:34:49'),
(373,94,'a','Non-Injection State',0,1,'2018-12-18 17:37:00','2018-12-18 17:37:00'),
(374,94,'b','Injection End',0,1,'2018-12-18 17:37:00','2018-12-18 17:37:00'),
(375,94,'c','Injection Start',1,1,'2018-12-18 17:37:00','2018-12-18 17:37:00'),
(376,94,'d','None',0,1,'2018-12-18 17:37:00','2018-12-18 17:37:00'),
(377,95,'a','Pintle Type Injector',0,1,'2018-12-18 17:38:19','2018-12-18 17:38:19'),
(378,95,'b','Electronic Fuel Injector',0,1,'2018-12-18 17:38:19','2018-12-18 17:38:19'),
(379,95,'c','Multi-Hole Injector',1,1,'2018-12-18 17:38:19','2018-12-18 17:38:19'),
(380,95,'d','None',0,1,'2018-12-18 17:38:19','2018-12-18 17:38:19'),
(381,96,'a','Supply Pump',1,1,'2018-12-18 17:39:31','2018-12-18 17:39:31'),
(382,96,'b','In-Line Injection Pump',0,1,'2018-12-18 17:39:31','2018-12-18 17:39:31'),
(383,96,'c','Water Pump',0,1,'2018-12-18 17:39:31','2018-12-18 17:39:31'),
(384,96,'d','Distributor Type Injection Pump',0,1,'2018-12-18 17:39:31','2018-12-18 17:39:31'),
(385,97,'a','Governor',0,1,'2018-12-18 17:40:46','2018-12-18 17:40:46'),
(386,97,'b','Timer',0,1,'2018-12-18 17:40:46','2018-12-18 17:40:46'),
(387,97,'c','Injection Pump',0,1,'2018-12-18 17:40:46','2018-12-18 17:40:46'),
(388,97,'d','Electronic Control Module',1,1,'2018-12-18 17:40:46','2018-12-18 17:40:46'),
(389,98,'a','Injector Pipe',0,1,'2018-12-18 17:43:17','2018-12-18 17:43:17'),
(390,98,'b','Fuel Rail',1,1,'2018-12-18 17:43:17','2018-12-18 17:43:17'),
(391,98,'c','Injector',0,1,'2018-12-18 17:43:17','2018-12-18 17:43:17'),
(392,98,'d','None',0,1,'2018-12-18 17:43:17','2018-12-18 17:43:17'),
(393,99,'a','Transmission',1,1,'2018-12-19 08:20:05','2018-12-19 08:20:05'),
(394,99,'b','Differential',0,1,'2018-12-19 08:20:05','2018-12-19 08:20:05'),
(395,99,'c','Engine',0,1,'2018-12-19 08:20:05','2018-12-19 08:20:05'),
(396,99,'d','Brakes',0,1,'2018-12-19 08:20:05','2018-12-19 08:20:05'),
(397,100,'a','Constant Mesh',0,1,'2018-12-19 08:26:59','2018-12-19 08:26:59'),
(398,100,'b','Synchromesh',0,1,'2018-12-19 08:26:59','2018-12-19 08:26:59'),
(399,100,'c','Sliding Mesh',1,1,'2018-12-19 08:26:59','2018-12-19 08:26:59'),
(400,100,'d','Sequential Transmission',0,1,'2018-12-19 08:26:59','2018-12-19 08:26:59'),
(401,101,'a','Countershaft',0,1,'2018-12-19 08:28:01','2018-12-19 08:28:01'),
(402,101,'b','Mainshaft',1,1,'2018-12-19 08:28:01','2018-12-19 08:28:01'),
(403,101,'c','Input Shaft',0,1,'2018-12-19 08:28:01','2018-12-19 08:28:01'),
(404,101,'d','Shift Shaft',0,1,'2018-12-19 08:28:01','2018-12-19 08:28:01'),
(405,102,'a','Shift Fork',0,1,'2018-12-19 08:29:35','2018-12-19 08:29:35'),
(406,102,'b','Release Bearing',0,1,'2018-12-19 08:29:35','2018-12-19 08:29:35'),
(407,102,'c','Clutch',0,1,'2018-12-19 08:29:35','2018-12-19 08:29:35'),
(408,102,'d','Synchronizer',1,1,'2018-12-19 08:29:35','2018-12-19 08:29:35'),
(409,103,'a','Sequential Transmission',0,1,'2018-12-19 08:31:09','2018-12-19 08:31:09'),
(410,103,'b','Automatic Transmission',1,1,'2018-12-19 08:31:09','2018-12-19 08:31:09'),
(411,103,'c','Manual Transmission',0,1,'2018-12-19 08:31:09','2018-12-19 08:31:09'),
(412,103,'d','Continuously Variable Transmission',0,1,'2018-12-19 08:31:09','2018-12-19 08:31:09'),
(413,104,'a','Hypoid Gear Assembly',0,1,'2018-12-19 08:32:58','2018-12-19 08:32:58'),
(414,104,'b','Spur Gear Assembly',0,1,'2018-12-19 08:32:58','2018-12-19 08:32:58'),
(415,104,'c','Planetary Gear Assembly',1,1,'2018-12-19 08:32:58','2018-12-19 08:32:58'),
(416,104,'d','Spiral Bevel Gear',0,1,'2018-12-19 08:32:58','2018-12-19 08:32:58'),
(417,105,'a','Accumulators',1,1,'2018-12-19 08:34:10','2018-12-19 08:34:10'),
(418,105,'b','Valve Assembly',0,1,'2018-12-19 08:34:10','2018-12-19 08:34:10'),
(419,105,'c','Clutches and Brakes',0,1,'2018-12-19 08:34:10','2018-12-19 08:34:10'),
(420,105,'d','Solenoids',0,1,'2018-12-19 08:34:10','2018-12-19 08:34:10'),
(421,106,'a','Switches',0,1,'2018-12-19 08:35:15','2018-12-19 08:35:15'),
(422,106,'b','Valve Assembly',0,1,'2018-12-19 08:35:15','2018-12-19 08:35:15'),
(423,106,'c','Solenoids',0,1,'2018-12-19 08:35:15','2018-12-19 08:35:15'),
(424,106,'d','Sensors',1,1,'2018-12-19 08:35:15','2018-12-19 08:35:15'),
(425,107,'a','Constant Mesh',0,1,'2018-12-19 08:36:44','2018-12-19 08:36:44'),
(426,107,'b','Synchromesh',1,1,'2018-12-19 08:36:44','2018-12-19 08:36:44'),
(427,107,'c','Sliding Mesh',0,1,'2018-12-19 08:36:44','2018-12-19 08:36:44'),
(428,107,'d','Sequential Transmission',0,1,'2018-12-19 08:36:44','2018-12-19 08:36:44'),
(429,108,'a','Flywheel',0,1,'2018-12-19 08:40:10','2018-12-19 08:40:10'),
(430,108,'b','Torque Converter',0,1,'2018-12-19 08:40:10','2018-12-19 08:40:10'),
(431,108,'c','Clutch',1,1,'2018-12-19 08:40:10','2018-12-19 08:40:10'),
(432,108,'d','Output Shaft',0,1,'2018-12-19 08:40:10','2018-12-19 08:40:10'),
(433,109,'a','Input Shaft',1,1,'2018-12-19 08:41:00','2018-12-19 08:41:00'),
(434,109,'b','Output Shaft',0,1,'2018-12-19 08:41:00','2018-12-19 08:41:00'),
(435,109,'c','Countershaft',0,1,'2018-12-19 08:41:00','2018-12-19 08:41:00'),
(436,109,'d','Mainshaft',0,1,'2018-12-19 08:41:00','2018-12-19 08:41:00'),
(437,110,'a','Constant Mesh',0,1,'2018-12-19 08:44:46','2018-12-19 08:44:46'),
(438,110,'b','Synchromesh',0,1,'2018-12-19 08:44:46','2018-12-19 08:44:46'),
(439,110,'c','Sliding Mesh',0,1,'2018-12-19 08:44:46','2018-12-19 08:44:46'),
(440,110,'d','Oil Pump',1,1,'2018-12-19 08:44:46','2018-12-19 08:44:46'),
(441,111,'a','A/F Ratio',0,1,'2018-12-19 08:45:57','2018-12-19 08:45:57'),
(442,111,'b','Aspect Ratio',0,1,'2018-12-19 08:45:57','2018-12-19 08:45:57'),
(443,111,'c','Gear Ratio',1,1,'2018-12-19 08:45:57','2018-12-19 08:45:57'),
(444,111,'d','Compression Ratio',0,1,'2018-12-19 08:45:57','2018-12-19 08:45:57'),
(445,112,'a','Constant Mesh',1,1,'2018-12-19 08:47:02','2018-12-19 08:47:02'),
(446,112,'b','Synchromesh',0,1,'2018-12-19 08:47:02','2018-12-19 08:47:02'),
(447,112,'c','Sliding Mesh',0,1,'2018-12-19 08:47:02','2018-12-19 08:47:02'),
(448,112,'d','Sequential Transmission',0,1,'2018-12-19 08:47:02','2018-12-19 08:47:02'),
(449,113,'a','Clutch',0,1,'2018-12-19 08:51:02','2018-12-19 08:51:02'),
(450,113,'b','Master Cylinder',0,1,'2018-12-19 08:51:02','2018-12-19 08:51:02'),
(451,113,'c','Clutch Pedal',0,1,'2018-12-19 08:51:02','2018-12-19 08:51:02'),
(452,113,'d','Clutch Cover Assembly',1,1,'2018-12-19 08:51:02','2018-12-19 08:51:02'),
(453,114,'a','Clutch',0,1,'2018-12-19 08:52:02','2018-12-19 08:52:02'),
(454,114,'b','Master Cylinder',0,1,'2018-12-19 08:52:02','2018-12-19 08:52:02'),
(455,114,'c','Clutch Pedal',1,1,'2018-12-19 08:52:02','2018-12-19 08:52:02'),
(456,114,'d','Clutch Cover Assembly',0,1,'2018-12-19 08:52:02','2018-12-19 08:52:02'),
(457,115,'a','Clutch',0,1,'2018-12-19 08:52:47','2018-12-19 08:52:47'),
(458,115,'b','Master Cylinder',1,1,'2018-12-19 08:52:47','2018-12-19 08:52:47'),
(459,115,'c','Clutch Pedal',0,1,'2018-12-19 08:52:47','2018-12-19 08:52:47'),
(460,115,'d','Clutch Cover Assembly',0,1,'2018-12-19 08:52:47','2018-12-19 08:52:47'),
(461,116,'a','Release Fork',0,1,'2018-12-19 08:53:59','2018-12-19 08:53:59'),
(462,116,'b','Clutch',0,1,'2018-12-19 08:53:59','2018-12-19 08:53:59'),
(463,116,'c','Clutch Pedal',0,1,'2018-12-19 08:53:59','2018-12-19 08:53:59'),
(464,116,'d','Release Bearing',1,1,'2018-12-19 08:53:59','2018-12-19 08:53:59'),
(465,117,'a','Release Fork',1,1,'2018-12-19 08:56:40','2018-12-19 08:56:40'),
(466,117,'b','Clutch',0,1,'2018-12-19 08:56:40','2018-12-19 08:56:40'),
(467,117,'c','Clutch Pedal',0,1,'2018-12-19 08:56:40','2018-12-19 08:56:40'),
(468,117,'d','Release Bearing',0,1,'2018-12-19 08:56:40','2018-12-19 08:56:40'),
(469,118,'a','Extension Housing',1,1,'2018-12-19 08:59:04','2018-12-19 08:59:04'),
(470,118,'b','Transmission Case',0,1,'2018-12-19 08:59:04','2018-12-19 08:59:04'),
(471,118,'c','Front Bearing Hub/Cap',0,1,'2018-12-19 08:59:04','2018-12-19 08:59:04'),
(472,118,'d','Input Shaft',0,1,'2018-12-19 08:59:04','2018-12-19 08:59:04'),
(473,119,'a','Extension Housing',0,1,'2018-12-19 09:01:51','2018-12-19 09:01:51'),
(474,119,'b','Transmission Case',1,1,'2018-12-19 09:01:51','2018-12-19 09:01:51'),
(475,119,'c','Front Bearing Hub/Cap',0,1,'2018-12-19 09:01:51','2018-12-19 09:01:51'),
(476,119,'d','Input Shaft',0,1,'2018-12-19 09:01:51','2018-12-19 09:01:51'),
(477,120,'a','Extension Housing',0,1,'2018-12-19 09:02:54','2018-12-19 09:02:54'),
(478,120,'b','Transmission Case',0,1,'2018-12-19 09:02:54','2018-12-19 09:02:54'),
(479,120,'c','Front Bearing Hub/Cap',1,1,'2018-12-19 09:02:54','2018-12-19 09:02:54'),
(480,120,'d','Input Shaft',0,1,'2018-12-19 09:02:54','2018-12-19 09:02:54'),
(481,121,'a','Countershaft',1,1,'2018-12-19 09:09:21','2018-12-19 09:09:21'),
(482,121,'b','Mainshaft',0,1,'2018-12-19 09:09:21','2018-12-19 09:09:21'),
(483,121,'c','Input Shaft',0,1,'2018-12-19 09:09:21','2018-12-19 09:09:21'),
(484,121,'d','None',0,1,'2018-12-19 09:09:21','2018-12-19 09:09:21'),
(485,122,'a','Countershaft',0,1,'2018-12-19 09:10:08','2018-12-19 09:10:08'),
(486,122,'b','Mainshaft',0,1,'2018-12-19 09:10:08','2018-12-19 09:10:08'),
(487,122,'c','Reverse Idler Shaft',1,1,'2018-12-19 09:10:08','2018-12-19 09:10:08'),
(488,122,'d','None',0,1,'2018-12-19 09:10:08','2018-12-19 09:10:08'),
(489,123,'a','Delo GL-5 (80W-90, 85W-40)',1,1,'2018-12-19 09:26:42','2018-12-19 09:27:08'),
(490,123,'b','IGMO XTRM 15W-40',0,1,'2018-12-19 09:26:42','2018-12-19 09:26:42'),
(491,123,'c','BESCO Transaxle Oil 5W-30',0,1,'2018-12-19 09:26:42','2018-12-19 09:27:08'),
(492,123,'d','DEXRON III',0,1,'2018-12-19 09:26:42','2018-12-19 09:26:42'),
(493,124,'a','Delo GL-5 (80W-90, 85W-40)',0,1,'2018-12-19 09:28:13','2018-12-19 09:28:13'),
(494,124,'b','IGMO XTRM 15W-40',0,1,'2018-12-19 09:28:13','2018-12-19 09:28:13'),
(495,124,'c','BESCO Transaxle Oil 5W-30',1,1,'2018-12-19 09:28:13','2018-12-19 09:28:13'),
(496,124,'d','DEXRON III',0,1,'2018-12-19 09:28:13','2018-12-19 09:28:13'),
(497,125,'a','Fan Clutch',0,1,'2018-12-19 09:51:51','2018-12-19 09:51:51'),
(498,125,'b','Torque Converter',1,1,'2018-12-19 09:51:51','2018-12-19 09:51:51'),
(499,125,'c','Drive Belt',0,1,'2018-12-19 09:51:51','2018-12-19 09:51:51'),
(500,125,'d','Timing Chain',0,1,'2018-12-19 09:51:51','2018-12-19 09:51:51'),
(501,126,'a','Pump Impeller',1,1,'2018-12-19 10:04:22','2018-12-19 10:04:22'),
(502,126,'b','Turbine Runner',0,1,'2018-12-19 10:04:22','2018-12-19 10:04:22'),
(503,126,'c','Stator',0,1,'2018-12-19 10:04:22','2018-12-19 10:04:22'),
(504,126,'d','Lock-up Clutch',0,1,'2018-12-19 10:04:22','2018-12-19 10:04:22'),
(505,127,'a','Pump Impeller',0,1,'2018-12-19 10:06:12','2018-12-19 10:06:12'),
(506,127,'b','Turbine Runner',1,1,'2018-12-19 10:06:12','2018-12-19 10:06:12'),
(507,127,'c','Stator',0,1,'2018-12-19 10:06:12','2018-12-19 10:06:12'),
(508,127,'d','Lock-up Clutch',0,1,'2018-12-19 10:06:12','2018-12-19 10:06:12'),
(509,128,'a','Pump Impeller',0,1,'2018-12-19 10:28:16','2018-12-19 10:28:16'),
(510,128,'b','Turbine Runner',0,1,'2018-12-19 10:28:16','2018-12-19 10:28:16'),
(511,128,'c','Stator',0,1,'2018-12-19 10:28:16','2018-12-19 10:28:16'),
(512,128,'d','Lock-up Clutch',1,1,'2018-12-19 10:28:16','2018-12-19 10:28:16'),
(513,129,'a','Clutches and Brakes',0,1,'2018-12-19 10:30:36','2018-12-19 10:30:36'),
(514,129,'b','Forward Clutch Assembly',1,1,'2018-12-19 10:30:36','2018-12-19 10:30:36'),
(515,129,'c','Planetary Gear Assembly',0,1,'2018-12-19 10:30:36','2018-12-19 10:30:36'),
(516,129,'d','Oil Pump',0,1,'2018-12-19 10:30:36','2018-12-19 10:30:36'),
(517,130,'a','Clutches and Brakes',0,1,'2018-12-19 10:31:46','2018-12-19 10:31:46'),
(518,130,'b','Forward Clutch Assembly',0,1,'2018-12-19 10:31:46','2018-12-19 10:31:46'),
(519,130,'c','Planetary Gear Assembly',0,1,'2018-12-19 10:31:46','2018-12-19 10:31:46'),
(520,130,'d','Oil Pump',1,1,'2018-12-19 10:31:46','2018-12-19 10:31:46'),
(521,131,'a','Clutches and Brakes',1,1,'2018-12-19 10:33:03','2018-12-19 10:33:03'),
(522,131,'b','Forward Clutch Assembly',0,1,'2018-12-19 10:33:03','2018-12-19 10:33:03'),
(523,131,'c','Planetary Gear Assembly',0,1,'2018-12-19 10:33:03','2018-12-19 10:33:03'),
(524,131,'d','Oil Pump',0,1,'2018-12-19 10:33:03','2018-12-19 10:33:03'),
(525,132,'a','Input Shaft',0,1,'2018-12-19 10:34:27','2018-12-19 10:37:58'),
(526,132,'b','Output Shaft',0,1,'2018-12-19 10:34:27','2018-12-19 10:34:27'),
(527,132,'c','Intermediate Shaft',1,1,'2018-12-19 10:34:27','2018-12-19 10:37:58'),
(528,132,'d','Mainshaft',0,1,'2018-12-19 10:34:27','2018-12-19 10:34:27'),
(529,133,'a','Input Shaft',0,1,'2018-12-19 10:39:51','2018-12-19 10:39:51'),
(530,133,'b','Output Shaft',1,1,'2018-12-19 10:39:51','2018-12-19 10:39:51'),
(531,133,'c','Intermediate Shaft',0,1,'2018-12-19 10:39:51','2018-12-19 10:39:51'),
(532,133,'d','Mainshaft',0,1,'2018-12-19 10:39:51','2018-12-19 10:39:51'),
(533,134,'a','Input Shaft',1,1,'2018-12-19 10:41:12','2018-12-19 10:41:12'),
(534,134,'b','Output Shaft',0,1,'2018-12-19 10:41:12','2018-12-19 10:41:12'),
(535,134,'c','Intermediate Shaft',0,1,'2018-12-19 10:41:12','2018-12-19 10:41:12'),
(536,134,'d','Mainshaft',0,1,'2018-12-19 10:41:12','2018-12-19 10:41:12'),
(537,135,'a','Accumulators',0,1,'2018-12-19 10:42:36','2018-12-19 10:42:36'),
(538,135,'b','Solenoids',0,1,'2018-12-19 10:42:36','2018-12-19 10:42:36'),
(539,135,'c','Control Valve Assembly (Valve Body)',1,1,'2018-12-19 10:42:36','2018-12-19 10:42:36'),
(540,135,'d','Switches',0,1,'2018-12-19 10:42:36','2018-12-19 10:42:36'),
(541,136,'a','Accumulators',0,1,'2018-12-19 10:43:46','2018-12-19 10:43:46'),
(542,136,'b','Solenoids',1,1,'2018-12-19 10:43:46','2018-12-19 10:43:46'),
(543,136,'c','Control Valve Assembly (Valve Body)',0,1,'2018-12-19 10:43:46','2018-12-19 10:43:46'),
(544,136,'d','Select Lever',0,1,'2018-12-19 10:43:46','2018-12-19 10:43:46'),
(545,137,'a','Accumulators',0,1,'2018-12-19 10:46:18','2018-12-19 10:46:18'),
(546,137,'b','Solenoids',0,1,'2018-12-19 10:46:18','2018-12-19 10:46:18'),
(547,137,'c','Switches',1,1,'2018-12-19 10:46:18','2018-12-19 10:46:18'),
(548,137,'d','Control Valve Assembly (Valve Body)',0,1,'2018-12-19 10:46:18','2018-12-19 10:46:18'),
(549,138,'a','Select Lever',1,1,'2018-12-19 10:47:23','2018-12-19 10:47:23'),
(550,138,'b','Solenoids',0,1,'2018-12-19 10:47:23','2018-12-19 10:47:23'),
(551,138,'c','Switches',0,1,'2018-12-19 10:47:23','2018-12-19 10:47:23'),
(552,138,'d','Clutches and Brakes',0,1,'2018-12-19 10:47:23','2018-12-19 10:47:23'),
(553,139,'a','Transmission',0,1,'2018-12-19 10:48:43','2018-12-19 10:48:43'),
(554,139,'b','Differential',1,1,'2018-12-19 10:48:43','2018-12-19 10:48:43'),
(555,139,'c','Final Drive',0,1,'2018-12-19 10:48:43','2018-12-19 10:48:43'),
(556,139,'d','Propeller Shaft',0,1,'2018-12-19 10:48:43','2018-12-19 10:48:43'),
(557,140,'a','Hypoid Gear',1,1,'2018-12-19 10:51:04','2018-12-19 10:51:04'),
(558,140,'b','Spiral Bevel Gear',0,1,'2018-12-19 10:51:04','2018-12-19 10:51:04'),
(559,140,'c','Planetary Gear',0,1,'2018-12-19 10:51:04','2018-12-19 10:51:04'),
(560,140,'d','Differential Gear',0,1,'2018-12-19 10:51:04','2018-12-19 10:51:04'),
(561,141,'a','Hypoid Gear',0,1,'2018-12-19 10:52:14','2018-12-19 10:52:14'),
(562,141,'b','Spiral Bevel Gear',1,1,'2018-12-19 10:52:14','2018-12-19 10:52:14'),
(563,141,'c','Planetary Gear',0,1,'2018-12-19 10:52:14','2018-12-19 10:52:14'),
(564,141,'d','Differential Gear',0,1,'2018-12-19 10:52:14','2018-12-19 10:52:14'),
(565,142,'a','Transmission',0,1,'2018-12-19 10:53:42','2018-12-19 10:54:32'),
(566,142,'b','Propeller Shaft',0,1,'2018-12-19 10:53:42','2018-12-19 10:53:42'),
(567,142,'c','Final Drive',0,1,'2018-12-19 10:53:42','2018-12-19 10:53:42'),
(568,142,'d','Differential',1,1,'2018-12-19 10:53:42','2018-12-19 10:54:32'),
(569,143,'a','Ring Gear',0,1,'2018-12-19 10:56:02','2018-12-19 10:56:02'),
(570,143,'b','Differential Gear',0,1,'2018-12-19 10:56:02','2018-12-19 10:56:02'),
(571,143,'c','Differential Carrier',0,1,'2018-12-19 10:56:02','2018-12-19 10:56:02'),
(572,143,'d','Drive Pinion',1,1,'2018-12-19 10:56:02','2018-12-19 10:56:02'),
(573,144,'a','Ring Gear',1,1,'2018-12-19 10:58:03','2018-12-19 10:58:03'),
(574,144,'b','Differential Carrier',0,1,'2018-12-19 10:58:03','2018-12-19 10:58:03'),
(575,144,'c','Differential Gear',0,1,'2018-12-19 10:58:03','2018-12-19 10:58:03'),
(576,144,'d','Drive Pinion',0,1,'2018-12-19 10:58:03','2018-12-19 10:58:03'),
(577,145,'a','Ring Gear',0,1,'2018-12-19 10:59:32','2018-12-19 10:59:32'),
(578,145,'b','Pinion Mate Gear',0,1,'2018-12-19 10:59:32','2018-12-19 10:59:32'),
(579,145,'c','Drive Pinion',0,1,'2018-12-19 10:59:32','2018-12-19 10:59:32'),
(580,145,'d','Differential Gear',1,1,'2018-12-19 10:59:32','2018-12-19 10:59:32'),
(581,146,'a','Final Gear',0,1,'2018-12-19 11:02:36','2018-12-19 11:02:36'),
(582,146,'b','Differential Carrier',1,1,'2018-12-19 11:02:36','2018-12-19 11:02:36'),
(583,146,'c','Drive Pinion',0,1,'2018-12-19 11:02:36','2018-12-19 11:02:36'),
(584,146,'d','Differential Gear',0,1,'2018-12-19 11:02:36','2019-01-15 09:30:02'),
(585,147,'a','Multi-Plate Wet Clutch LSD',1,1,'2018-12-20 08:04:33','2018-12-20 08:04:33'),
(586,147,'b','Torque Sensing LSD (TORSEN)',0,1,'2018-12-20 08:04:33','2018-12-20 08:04:33'),
(587,147,'c','Viscous Coupling LSD',0,1,'2018-12-20 08:04:33','2018-12-20 08:04:33'),
(588,147,'d','Locking Differentials',0,1,'2018-12-20 08:04:33','2018-12-20 08:04:33'),
(589,148,'a','Multi-Plate Wet Clutch LSD',0,1,'2018-12-20 08:08:47','2018-12-20 08:08:47'),
(590,148,'b','Torque Sensing LSD (TORSEN)',0,1,'2018-12-20 08:08:47','2018-12-20 08:08:47'),
(591,148,'c','Viscous Coupling LSD',1,1,'2018-12-20 08:08:47','2018-12-20 08:08:47'),
(592,148,'d','Locking Differentials',0,1,'2018-12-20 08:08:47','2018-12-20 08:08:47'),
(593,149,'a','Multi-Plate Wet Clutch LSD',0,1,'2018-12-20 08:09:53','2018-12-20 08:09:53'),
(594,149,'b','Torque Sensing LSD (TORSEN)',1,1,'2018-12-20 08:09:53','2018-12-20 08:09:53'),
(595,149,'c','Viscous Coupling LSD',0,1,'2018-12-20 08:09:53','2018-12-20 08:09:53'),
(596,149,'d','Locking Differentials',0,1,'2018-12-20 08:09:53','2018-12-20 08:09:53'),
(597,150,'a','Propeller Shaft',1,1,'2018-12-20 08:13:36','2018-12-20 08:13:36'),
(598,150,'b','Input Shaft',0,1,'2018-12-20 08:13:36','2018-12-20 08:13:36'),
(599,150,'c','Drive Shaft',0,1,'2018-12-20 08:13:36','2018-12-20 08:13:36'),
(600,150,'d','Countershaft',0,1,'2018-12-20 08:13:36','2018-12-20 08:13:36'),
(601,151,'a','Universal Joint',0,1,'2018-12-20 08:24:24','2018-12-20 08:24:24'),
(602,151,'b','Propeller Shaft Tube',1,1,'2018-12-20 08:24:24','2018-12-20 08:24:24'),
(603,151,'c','Center Bearing',0,1,'2018-12-20 08:24:24','2018-12-20 08:24:24'),
(604,151,'d','Coupling',0,1,'2018-12-20 08:24:24','2018-12-20 08:24:24'),
(605,152,'a','Four Joint Type',0,1,'2018-12-20 08:26:28','2018-12-20 08:26:28'),
(606,152,'b','Three Joint Type',0,1,'2018-12-20 08:26:28','2018-12-20 08:26:28'),
(607,152,'c','One Joint Tyoe',0,1,'2018-12-20 08:26:28','2018-12-20 08:26:28'),
(608,152,'d','Two Joint Type',1,1,'2018-12-20 08:26:28','2018-12-20 08:26:28'),
(609,153,'a','Four Joint Type',0,1,'2018-12-20 08:31:53','2018-12-20 08:31:53'),
(610,153,'b','Three Joint Type',1,1,'2018-12-20 08:31:53','2018-12-20 08:31:53'),
(611,153,'c','One Joint Tyoe',0,1,'2018-12-20 08:31:53','2018-12-20 08:31:53'),
(612,153,'d','Two Joint Type',0,1,'2018-12-20 08:31:53','2018-12-20 08:31:53'),
(613,154,'a','Universal Joint',1,1,'2018-12-20 08:38:03','2018-12-20 08:38:03'),
(614,154,'b','Propeller Shaft',0,1,'2018-12-20 08:38:03','2018-12-20 08:38:03'),
(615,154,'c','Center Bearing',0,1,'2018-12-20 08:38:03','2018-12-20 08:38:03'),
(616,154,'d','Coupling',0,1,'2018-12-20 08:38:03','2018-12-20 08:38:03'),
(617,155,'a','Universal Joint',0,1,'2018-12-20 08:40:04','2018-12-20 08:40:04'),
(618,155,'b','Propeller Shaft',0,1,'2018-12-20 08:40:04','2018-12-20 08:40:04'),
(619,155,'c','Center Bearing',1,1,'2018-12-20 08:40:04','2018-12-20 08:40:04'),
(620,155,'d','Coupling',0,1,'2018-12-20 08:40:04','2018-12-20 08:40:04'),
(621,156,'a','Independent Suspension',1,1,'2018-12-20 08:42:20','2018-12-20 08:42:20'),
(622,156,'b','Rigid Axle Suspension',0,1,'2018-12-20 08:42:20','2018-12-20 08:42:20'),
(623,156,'c','Semi-Independent Suspension',0,1,'2018-12-20 08:42:20','2018-12-20 08:42:20'),
(624,156,'d','Tilting Suspension',0,1,'2018-12-20 08:42:20','2018-12-20 08:42:20'),
(625,157,'a','Independent Suspension',0,1,'2018-12-20 08:44:49','2018-12-20 08:44:49'),
(626,157,'b','Rigid Axle Suspension',1,1,'2018-12-20 08:44:49','2018-12-20 08:44:49'),
(627,157,'c','Semi-Independent Suspension',0,1,'2018-12-20 08:44:49','2018-12-20 08:44:49'),
(628,157,'d','Tilting Suspension',0,1,'2018-12-20 08:44:49','2018-12-20 08:44:49'),
(629,158,'a','Bouncing',0,1,'2018-12-20 08:46:02','2018-12-20 08:46:02'),
(630,158,'b','Rolling',0,1,'2018-12-20 08:46:02','2018-12-20 08:46:02'),
(631,158,'c','Yawing',0,1,'2018-12-20 08:46:02','2018-12-20 08:46:02'),
(632,158,'d','Pitching',1,1,'2018-12-20 08:46:02','2018-12-20 08:46:02'),
(633,159,'a','Bouncing',1,1,'2018-12-20 08:47:05','2018-12-20 08:47:05'),
(634,159,'b','Rolling',0,1,'2018-12-20 08:47:05','2018-12-20 08:47:05'),
(635,159,'c','Yawing',0,1,'2018-12-20 08:47:05','2018-12-20 08:47:05'),
(636,159,'d','Pitching',0,1,'2018-12-20 08:47:05','2018-12-20 08:47:05'),
(637,160,'a','Bouncing',0,1,'2018-12-20 08:48:40','2018-12-20 08:48:40'),
(638,160,'b','Rolling',0,1,'2018-12-20 08:48:40','2018-12-20 08:48:40'),
(639,160,'c','Yawing',1,1,'2018-12-20 08:48:40','2018-12-20 08:48:40'),
(640,160,'d','Pitching',0,1,'2018-12-20 08:48:40','2018-12-20 08:48:40'),
(641,161,'a','Bouncing',0,1,'2018-12-20 08:49:30','2018-12-20 08:49:30'),
(642,161,'b','Rolling',1,1,'2018-12-20 08:49:30','2018-12-20 08:49:30'),
(643,161,'c','Yawing',0,1,'2018-12-20 08:49:30','2018-12-20 08:49:30'),
(644,161,'d','Pitching',0,1,'2018-12-20 08:49:30','2018-12-20 08:49:30'),
(645,162,'a','Shock Absorber',0,1,'2018-12-20 08:50:35','2018-12-20 08:50:35'),
(646,162,'b','Axles',1,1,'2018-12-20 08:50:35','2018-12-20 08:50:35'),
(647,162,'c','Spring',0,1,'2018-12-20 08:50:35','2018-12-20 08:50:35'),
(648,162,'d','Stabilizer',0,1,'2018-12-20 08:50:35','2018-12-20 08:50:35'),
(649,163,'a','Rear Axle',0,1,'2018-12-20 08:52:44','2018-12-20 08:52:44'),
(650,163,'b','Rigid Axle',0,1,'2018-12-20 08:52:44','2018-12-20 08:52:44'),
(651,163,'c','Front Axle',1,1,'2018-12-20 08:52:44','2018-12-20 08:52:44'),
(652,163,'d','Independent Suspension',0,1,'2018-12-20 08:52:44','2018-12-20 08:52:44'),
(653,164,'a','Semi Floating Rear Axle',0,1,'2018-12-20 08:54:57','2018-12-20 08:54:57'),
(654,164,'b','Full Floating Rear Axle',1,1,'2018-12-20 08:54:57','2018-12-20 08:54:57'),
(655,164,'c','Independent Rear Axle',0,1,'2018-12-20 08:54:57','2018-12-20 08:54:57'),
(656,164,'d','Semi-Indpendent Rear Axle',0,1,'2018-12-20 08:54:57','2018-12-20 08:54:57'),
(657,165,'a','Semi Floating Rear Axle',1,1,'2018-12-20 08:56:21','2018-12-20 08:56:21'),
(658,165,'b','Full Floating Rear Axle',0,1,'2018-12-20 08:56:21','2018-12-20 08:56:21'),
(659,165,'c','Independent Rear Axle',0,1,'2018-12-20 08:56:21','2018-12-20 08:56:21'),
(660,165,'d','Semi-Indpendent Rear Axle',0,1,'2018-12-20 08:56:21','2018-12-20 08:56:21'),
(661,166,'a','Semi Floating Rear Axle',0,1,'2018-12-20 08:58:08','2018-12-20 08:58:08'),
(662,166,'b','Full Floating Rear Axle',0,1,'2018-12-20 08:58:08','2018-12-20 08:58:08'),
(663,166,'c','Independent Rear Axle',1,1,'2018-12-20 08:58:08','2018-12-20 08:58:08'),
(664,166,'d','Semi-Indpendent Rear Axle',0,1,'2018-12-20 08:58:08','2018-12-20 08:58:08'),
(665,167,'a','Stabilizer',0,1,'2018-12-20 08:59:36','2018-12-20 08:59:36'),
(666,167,'b','Tie Rod',0,1,'2018-12-20 08:59:36','2018-12-20 08:59:36'),
(667,167,'c','Knuckle',0,1,'2018-12-20 08:59:36','2018-12-20 08:59:36'),
(668,167,'d','Spring',1,1,'2018-12-20 08:59:36','2018-12-20 08:59:36'),
(669,168,'a','Shock Absorber',1,1,'2018-12-20 09:00:32','2018-12-20 09:00:32'),
(670,168,'b','Tie Rod',0,1,'2018-12-20 09:00:32','2018-12-20 09:00:32'),
(671,168,'c','Knuckle',0,1,'2018-12-20 09:00:32','2018-12-20 09:00:32'),
(672,168,'d','Stabilizer',0,1,'2018-12-20 09:00:32','2018-12-20 09:00:32'),
(673,169,'a','Torsion Bar',0,1,'2018-12-20 09:01:31','2018-12-20 09:01:31'),
(674,169,'b','Leaf Spring',1,1,'2018-12-20 09:01:31','2018-12-20 09:01:31'),
(675,169,'c','Coil Spring',0,1,'2018-12-20 09:01:31','2018-12-20 09:01:31'),
(676,169,'d','Air Spring',0,1,'2018-12-20 09:01:31','2018-12-20 09:01:31'),
(677,170,'a','Torsion Bar',1,1,'2018-12-20 09:02:35','2018-12-20 09:02:35'),
(678,170,'b','Leaf Spring',0,1,'2018-12-20 09:02:35','2018-12-20 09:02:35'),
(679,170,'c','Coil Spring',0,1,'2018-12-20 09:02:35','2018-12-20 09:02:35'),
(680,170,'d','Air Spring',0,1,'2018-12-20 09:02:35','2018-12-20 09:02:35'),
(681,171,'a','Torsion Bar',0,1,'2018-12-20 09:03:51','2018-12-20 09:03:51'),
(682,171,'b','Leaf Spring',0,1,'2018-12-20 09:03:51','2018-12-20 09:03:51'),
(683,171,'c','Coil Spring',1,1,'2018-12-20 09:03:51','2018-12-20 09:03:51'),
(684,171,'d','Air Spring',0,1,'2018-12-20 09:03:51','2018-12-20 09:03:51'),
(685,172,'a','Staggered Leaf Spring',0,1,'2018-12-20 09:15:19','2018-12-20 09:15:19'),
(686,172,'b','Multi-Leaf Spring',1,1,'2018-12-20 09:15:19','2018-12-20 09:15:19'),
(687,172,'c','Tapered Leaf Spring',0,1,'2018-12-20 09:15:19','2018-12-20 09:15:19'),
(688,172,'d','Alternating Leaf Spring',0,1,'2018-12-20 09:15:19','2018-12-20 09:15:19'),
(689,173,'a','Staggered Leaf Spring',0,1,'2018-12-20 09:16:32','2018-12-20 09:16:32'),
(690,173,'b','Multi-Leaf Spring',1,1,'2018-12-20 09:16:32','2018-12-20 09:16:32'),
(691,173,'c','Tapered Leaf Spring',0,1,'2018-12-20 09:16:32','2018-12-20 09:16:32'),
(692,173,'d','Alternating Leaf Spring',0,1,'2018-12-20 09:16:32','2018-12-20 09:16:32'),
(693,174,'a','Heat Generation Function',1,1,'2018-12-20 09:27:31','2018-12-20 09:28:50'),
(694,174,'b','Magnetic Function',0,1,'2018-12-20 09:27:31','2018-12-20 09:27:31'),
(695,174,'c','Light-emitting Function',0,1,'2018-12-20 09:27:31','2018-12-20 09:28:50'),
(696,174,'d','Moisture Producting Function',0,1,'2018-12-20 09:27:31','2018-12-20 09:27:31'),
(697,175,'a','Heat Generation Function',0,1,'2018-12-20 09:28:35','2018-12-20 09:28:35'),
(698,175,'b','Magnetic Function',0,1,'2018-12-20 09:28:35','2018-12-20 09:28:35'),
(699,175,'c','Light-emitting Function',1,1,'2018-12-20 09:28:35','2018-12-20 09:28:35'),
(700,175,'d','Moisture Producting Function',0,1,'2018-12-20 09:28:35','2018-12-20 09:28:35'),
(701,176,'a','Heat Generation Function',0,1,'2018-12-20 09:33:35','2018-12-20 09:33:35'),
(702,176,'b','Magnetic Function',1,1,'2018-12-20 09:33:35','2018-12-20 09:33:35'),
(703,176,'c','Light-emitting Function',0,1,'2018-12-20 09:33:35','2018-12-20 09:33:35'),
(704,176,'d','Moisture Producting Function',0,1,'2018-12-20 09:33:35','2018-12-20 09:33:35'),
(705,177,'a','Magnetism',0,1,'2018-12-20 09:34:48','2018-12-20 09:34:48'),
(706,177,'b','Pressure',0,1,'2018-12-20 09:34:48','2018-12-20 09:34:48'),
(707,177,'c','Temperature',0,1,'2018-12-20 09:34:48','2018-12-20 09:34:48'),
(708,177,'d','Electricity',1,1,'2018-12-20 09:34:48','2018-12-20 09:34:48'),
(709,178,'a','Piping',0,1,'2018-12-20 09:35:46','2018-12-20 09:35:46'),
(710,178,'b','Circuit',1,1,'2018-12-20 09:35:46','2018-12-20 09:35:46'),
(711,178,'c','Ducting',0,1,'2018-12-20 09:35:46','2018-12-20 09:35:46'),
(712,178,'d','Aqueduct',0,1,'2018-12-20 09:35:46','2018-12-20 09:35:46'),
(713,179,'a','Insulator',0,1,'2018-12-20 09:36:42','2018-12-20 09:36:42'),
(714,179,'b','Glass',0,1,'2018-12-20 09:36:42','2018-12-20 09:36:42'),
(715,179,'c','Conductor',1,1,'2018-12-20 09:36:42','2018-12-20 09:36:42'),
(716,179,'d','Wood',0,1,'2018-12-20 09:36:42','2018-12-20 09:36:42'),
(717,180,'a','Power (Source)',1,1,'2018-12-20 09:38:06','2018-12-20 09:38:06'),
(718,180,'b','Load',0,1,'2018-12-20 09:38:06','2018-12-20 09:38:06'),
(719,180,'c','Ground',0,1,'2018-12-20 09:38:06','2018-12-20 09:38:06'),
(720,180,'d','Connector',0,1,'2018-12-20 09:38:06','2018-12-20 09:38:06'),
(721,181,'a','Power (Source)',0,1,'2018-12-20 09:39:06','2018-12-20 09:39:06'),
(722,181,'b','Ground',0,1,'2018-12-20 09:39:06','2018-12-20 09:39:06'),
(723,181,'c','Connector',0,1,'2018-12-20 09:39:06','2018-12-20 09:39:06'),
(724,181,'d','Load',1,1,'2018-12-20 09:39:06','2018-12-20 09:39:06'),
(725,182,'a','Power (Source)',0,1,'2018-12-20 09:40:21','2018-12-20 09:40:21'),
(726,182,'b','Ground',1,1,'2018-12-20 09:40:21','2018-12-20 09:40:21'),
(727,182,'c','Connector',0,1,'2018-12-20 09:40:21','2018-12-20 09:40:21'),
(728,182,'d','Load',0,1,'2018-12-20 09:40:21','2018-12-20 09:40:21'),
(729,183,'a','Voltage',0,1,'2018-12-20 09:40:52','2018-12-20 09:40:52'),
(730,183,'b','Resistance',0,1,'2018-12-20 09:40:52','2018-12-20 09:40:52'),
(731,183,'c','Current',1,1,'2018-12-20 09:40:52','2018-12-20 09:40:52'),
(732,183,'d','Ground',0,1,'2018-12-20 09:40:52','2018-12-20 09:40:52'),
(733,184,'a','Direct Current',1,1,'2018-12-20 09:43:33','2018-12-20 09:43:33'),
(734,184,'b','Alternating Current',0,1,'2018-12-20 09:43:33','2018-12-20 09:43:33'),
(735,184,'c','Induction',0,1,'2018-12-20 09:43:33','2018-12-20 09:43:33'),
(736,184,'d','Wave Transmission',0,1,'2018-12-20 09:43:33','2018-12-20 09:43:33'),
(737,185,'a','Direct Current',0,1,'2018-12-20 09:45:00','2018-12-20 09:45:00'),
(738,185,'b','Wave Transmission',0,1,'2018-12-20 09:45:00','2018-12-20 09:45:00'),
(739,185,'c','Induction',0,1,'2018-12-20 09:45:00','2018-12-20 09:45:00'),
(740,185,'d','Alternating Current',1,1,'2018-12-20 09:45:00','2018-12-20 09:45:00'),
(741,186,'a','Current',0,1,'2018-12-20 09:45:52','2018-12-20 09:45:52'),
(742,186,'b','Resistance',0,1,'2018-12-20 09:45:52','2018-12-20 09:45:52'),
(743,186,'c','Voltage',1,1,'2018-12-20 09:45:52','2018-12-20 09:45:52'),
(744,186,'d','Ground',0,1,'2018-12-20 09:45:52','2018-12-20 09:45:52'),
(745,187,'a','Resistance',1,1,'2018-12-20 09:46:47','2018-12-20 09:46:47'),
(746,187,'b','Current',0,1,'2018-12-20 09:46:47','2018-12-20 09:46:47'),
(747,187,'c','Voltage',0,1,'2018-12-20 09:46:47','2018-12-20 09:46:47'),
(748,187,'d','Ground',0,1,'2018-12-20 09:46:47','2018-12-20 09:46:47'),
(749,188,'a','Increased Current',0,1,'2018-12-20 09:48:34','2018-12-20 09:48:34'),
(750,188,'b','Decreased Resistance',0,1,'2018-12-20 09:48:34','2018-12-20 09:48:34'),
(751,188,'c','Decreased Current',0,1,'2018-12-20 09:48:34','2018-12-20 09:48:34'),
(752,188,'d','Increased Resistance',1,1,'2018-12-20 09:48:34','2018-12-20 09:48:34'),
(753,189,'a','Increased Current',0,1,'2018-12-20 09:49:58','2018-12-20 09:49:58'),
(754,189,'b','Decreased Current',0,1,'2018-12-20 09:49:58','2018-12-20 09:49:58'),
(755,189,'c','Decreased Resistance',1,1,'2018-12-20 09:49:58','2018-12-20 09:49:58'),
(756,189,'d','Increased Current',0,1,'2018-12-20 09:49:58','2018-12-20 09:49:58'),
(757,190,'a','Newton\'s Law',0,1,'2018-12-20 09:51:25','2018-12-20 09:51:25'),
(758,190,'b','Ohm\'s Law',1,1,'2018-12-20 09:51:25','2018-12-20 09:51:25'),
(759,190,'c','Murphy\'s Law',0,1,'2018-12-20 09:51:25','2018-12-20 09:51:25'),
(760,190,'d','Lemon\'s Law',0,1,'2018-12-20 09:51:25','2018-12-20 09:51:25'),
(761,191,'a','Parallel Circuit',0,1,'2018-12-20 10:00:06','2018-12-20 10:00:06'),
(762,191,'b','Series Circuit',1,1,'2018-12-20 10:00:06','2018-12-20 10:00:06'),
(763,191,'c','Combination Circuit',0,1,'2018-12-20 10:00:06','2018-12-20 10:00:06'),
(764,191,'d','Short Circuit',0,1,'2018-12-20 10:00:06','2018-12-20 10:00:06'),
(765,192,'a','Voltage Drop',1,1,'2018-12-20 10:00:49','2018-12-20 10:00:49'),
(766,192,'b','Current Drop',0,1,'2018-12-20 10:00:49','2018-12-20 10:00:49'),
(767,192,'c','Voltage Rise',0,1,'2018-12-20 10:00:49','2018-12-20 10:00:49'),
(768,192,'d','Current Rise',0,1,'2018-12-20 10:00:49','2018-12-20 10:00:49'),
(769,193,'a','Series Circuit',0,1,'2018-12-20 10:02:19','2018-12-20 10:02:19'),
(770,193,'b','Parallel Circuit',1,1,'2018-12-20 10:02:19','2018-12-20 10:02:19'),
(771,193,'c','Combination Circuit',0,1,'2018-12-20 10:02:19','2018-12-20 10:02:19'),
(772,193,'d','Short Circuit',0,1,'2018-12-20 10:02:19','2018-12-20 10:02:19'),
(773,194,'a','Combination Circuit',1,1,'2018-12-20 10:03:32','2018-12-20 10:03:32'),
(774,194,'b','Short Circuit',0,1,'2018-12-20 10:03:32','2018-12-20 10:03:32'),
(775,194,'c','Parallel Circuit',0,1,'2018-12-20 10:03:32','2018-12-20 10:03:32'),
(776,194,'d','Series Circuit',0,1,'2018-12-20 10:03:32','2018-12-20 10:03:32'),
(777,195,'a','Short Circuit',0,1,'2018-12-20 10:36:45','2018-12-20 10:36:45'),
(778,195,'b','Closed Circuit',0,1,'2018-12-20 10:36:45','2018-12-20 10:36:45'),
(779,195,'c','Parallel Circuit',0,1,'2018-12-20 10:36:45','2018-12-20 10:36:45'),
(780,195,'d','Open Circuit',1,1,'2018-12-20 10:36:45','2018-12-20 10:36:45'),
(781,196,'a','Short Circuit',1,1,'2018-12-20 10:38:28','2018-12-20 10:38:28'),
(782,196,'b','Closed Circuit',0,1,'2018-12-20 10:38:28','2018-12-20 10:38:28'),
(783,196,'c','Parallel Circuit',0,1,'2018-12-20 10:38:28','2018-12-20 10:38:28'),
(784,196,'d','Open Circuit',0,1,'2018-12-20 10:38:28','2018-12-20 10:38:28'),
(785,197,'a','Short Circuit',0,1,'2018-12-20 10:41:08','2018-12-20 10:41:08'),
(786,197,'b','Open Circuit',0,1,'2018-12-20 10:41:08','2018-12-20 10:41:08'),
(787,197,'c','Parallel Circuit',0,1,'2018-12-20 10:41:08','2018-12-20 10:41:08'),
(788,197,'d','Grounded Circuit',1,1,'2018-12-20 10:41:08','2018-12-20 10:41:08'),
(789,198,'a','Isolate',0,1,'2018-12-20 10:42:09','2018-12-20 10:42:09'),
(790,198,'b','Verify',1,1,'2018-12-20 10:42:09','2018-12-20 10:42:09'),
(791,198,'c','Repair',0,1,'2018-12-20 10:42:09','2018-12-20 10:42:09'),
(792,198,'d','Recheck',0,1,'2018-12-20 10:42:09','2018-12-20 10:42:09'),
(793,199,'a','Orange base and green stripe',0,1,'2018-12-20 10:44:33','2018-12-20 10:44:33'),
(794,199,'b','Black base and yellow stripe',0,1,'2018-12-20 10:44:33','2018-12-20 10:44:33'),
(795,199,'c','Yellow base and black stripe',1,1,'2018-12-20 10:44:33','2018-12-20 10:44:33'),
(796,199,'d','Red Base and blue stripe',0,1,'2018-12-20 10:44:33','2018-12-20 10:44:33'),
(797,200,'a','Joint Connector',1,1,'2018-12-20 10:47:42','2018-12-20 10:47:42'),
(798,200,'b','Junction Connector',0,1,'2018-12-20 10:47:42','2018-12-20 10:47:42'),
(799,200,'c','Corner Connector',0,1,'2018-12-20 10:47:42','2018-12-20 10:47:42'),
(800,200,'d','Combined Connector',0,1,'2018-12-20 10:47:42','2018-12-20 10:47:42'),
(801,201,'a','Unit Location Diagram',0,1,'2018-12-20 10:48:50','2018-12-20 10:48:50'),
(802,201,'b','Junction Location Diagram',0,1,'2018-12-20 10:48:50','2018-12-20 10:48:50'),
(803,201,'c','Connector Location Diagram',1,1,'2018-12-20 10:48:50','2018-12-20 10:48:50'),
(804,201,'d','Splice Location Diagram',0,1,'2018-12-20 10:48:50','2018-12-20 10:48:50'),
(805,202,'a','Connector Location Diagram',0,1,'2018-12-20 10:52:27','2018-12-20 10:52:27'),
(806,202,'b','Unit Location Diagram',1,1,'2018-12-20 10:52:27','2018-12-20 10:52:27'),
(807,202,'c','Junction Location Diagram',0,1,'2018-12-20 10:52:27','2018-12-20 10:52:27'),
(808,202,'d','Splice Location Diagram',0,1,'2018-12-20 10:52:27','2018-12-20 10:52:27'),
(809,203,'a','Electrical Symbols',1,1,'2018-12-20 10:53:23','2018-12-20 10:53:23'),
(810,203,'b','Chemical Symbols',0,1,'2018-12-20 10:53:23','2018-12-20 10:53:23'),
(811,203,'c','Mechanical Symbols',0,1,'2018-12-20 10:53:23','2018-12-20 10:53:23'),
(812,203,'d','Wiring Symbols',0,1,'2018-12-20 10:53:23','2018-12-20 10:53:23'),
(813,204,'a','Charging System',0,1,'2018-12-21 08:26:21','2018-12-21 08:26:21'),
(814,204,'b','Starting System',1,1,'2018-12-21 08:26:21','2018-12-21 08:26:21'),
(815,204,'c','Battery',0,1,'2018-12-21 08:26:21','2018-12-21 08:26:21'),
(816,204,'d','Glow Plug',0,1,'2018-12-21 08:26:21','2018-12-21 08:26:21'),
(817,205,'a','Compressor',0,1,'2018-12-21 08:50:27','2018-12-21 08:50:27'),
(818,205,'b','Alternator',1,1,'2018-12-21 08:50:27','2018-12-21 08:50:27'),
(819,205,'c','Turbocharger',0,1,'2018-12-21 08:50:27','2018-12-21 08:50:27'),
(820,205,'d','Supercharger',0,1,'2018-12-21 08:50:27','2018-12-21 08:50:27'),
(821,206,'a','Battery',1,1,'2018-12-21 08:51:26','2018-12-21 08:51:26'),
(822,206,'b','Alternator',0,1,'2018-12-21 08:51:26','2018-12-21 08:51:26'),
(823,206,'c','Starter',0,1,'2018-12-21 08:51:26','2018-12-21 08:51:26'),
(824,206,'d','Compressor',0,1,'2018-12-21 08:51:26','2018-12-21 08:51:26'),
(825,207,'a','Open Circuit Voltage',0,1,'2018-12-21 08:55:36','2018-12-21 08:55:36'),
(826,207,'b','Reserve Capacity',0,1,'2018-12-21 08:55:36','2018-12-21 08:55:36'),
(827,207,'c','Specific Gravity',1,1,'2018-12-21 08:55:36','2018-12-21 08:55:36'),
(828,207,'d','Cold Cranking Amperes',0,1,'2018-12-21 08:55:36','2018-12-21 08:55:36'),
(829,208,'a','Open Circuit Voltage',1,1,'2018-12-21 08:57:23','2018-12-21 08:57:23'),
(830,208,'b','Reserve Capacity',0,1,'2018-12-21 08:57:23','2018-12-21 08:57:23'),
(831,208,'c','Specific Gravity',0,1,'2018-12-21 08:57:23','2018-12-21 08:57:23'),
(832,208,'d','Cold Cranking Amperes',0,1,'2018-12-21 08:57:23','2018-12-21 08:57:23'),
(833,209,'a','Open Circuit Voltage',0,1,'2018-12-26 07:41:17','2018-12-26 07:41:44'),
(834,209,'b','Reserve Capacity',1,1,'2018-12-26 07:41:17','2018-12-26 07:41:44'),
(835,209,'c','Specific Gravity',0,1,'2018-12-26 07:41:17','2018-12-26 07:41:17'),
(836,209,'d','Cold Cranking Amperes',0,1,'2018-12-26 07:41:17','2018-12-26 07:41:44'),
(837,210,'a','Open Circuit Voltage',0,1,'2018-12-26 07:44:10','2018-12-26 07:44:10'),
(838,210,'b','Reserve Capacity',0,1,'2018-12-26 07:44:10','2018-12-26 07:44:10'),
(839,210,'c','Specific Gravity',0,1,'2018-12-26 07:44:10','2018-12-26 07:44:10'),
(840,210,'d','Cold Cranking Amperes',1,1,'2018-12-26 07:44:10','2018-12-26 07:44:10'),
(841,211,'a','Specific Gravity',0,1,'2018-12-26 07:45:13','2018-12-26 07:45:13'),
(842,211,'b','Ampere Hour',0,1,'2018-12-26 07:45:13','2018-12-26 07:45:13'),
(843,211,'c','Short Circuit',1,1,'2018-12-26 07:45:13','2018-12-26 07:45:13'),
(844,211,'d','Reserve Capacity',0,1,'2018-12-26 07:45:13','2018-12-26 07:45:13'),
(845,212,'a','Cooling System',0,1,'2018-12-26 08:00:12','2018-12-26 08:00:12'),
(846,212,'b','Air Conditioning System',1,1,'2018-12-26 08:00:12','2018-12-26 08:00:12'),
(847,212,'c','Lubrication System',0,1,'2018-12-26 08:00:12','2018-12-26 08:00:12'),
(848,212,'d','Brake System',0,1,'2018-12-26 08:00:12','2018-12-26 08:00:12'),
(849,213,'a','Heater',0,1,'2018-12-26 08:31:36','2018-12-26 08:31:36'),
(850,213,'b','Manually Controlled Air Conditioners',1,1,'2018-12-26 08:31:36','2018-12-26 08:31:36'),
(851,213,'c','Cooler',0,1,'2018-12-26 08:31:36','2018-12-26 08:31:36'),
(852,213,'d','Automatically Controlled Air Conditioners (Auto Climate)',0,1,'2018-12-26 08:31:36','2018-12-26 08:31:36'),
(853,214,'a','Heater',0,1,'2018-12-26 08:32:31','2018-12-26 08:32:31'),
(854,214,'b','Manually Controlled Air Conditioners',0,1,'2018-12-26 08:32:31','2018-12-26 08:32:31'),
(855,214,'c','Cooler',0,1,'2018-12-26 08:32:31','2018-12-26 08:32:31'),
(856,214,'d','Automatically Controlled Air Conditioners (Auto Climate)',1,1,'2018-12-26 08:32:31','2018-12-26 08:32:31'),
(857,215,'a','Solid',0,1,'2018-12-26 08:34:30','2018-12-26 08:34:30'),
(858,215,'b','Liquid',1,1,'2018-12-26 08:34:30','2018-12-26 08:34:30'),
(859,215,'c','Gas',0,1,'2018-12-26 08:34:30','2018-12-26 08:34:30'),
(860,215,'d','Fire',0,1,'2018-12-26 08:34:30','2018-12-26 08:34:30'),
(861,216,'a','Refrigeration Cycle',1,1,'2018-12-26 08:39:16','2018-12-26 08:39:16'),
(862,216,'b','Otto Cycle',0,1,'2018-12-26 08:39:16','2018-12-26 08:39:16'),
(863,216,'c','Diesel Cycle',0,1,'2018-12-26 08:39:16','2018-12-26 08:39:16'),
(864,216,'d','Life Cycle',0,1,'2018-12-26 08:39:16','2018-12-26 08:39:16'),
(865,217,'a','Coolant',0,1,'2018-12-26 08:40:05','2018-12-26 08:40:05'),
(866,217,'b','Refrigerant',1,1,'2018-12-26 08:40:05','2018-12-26 08:40:05'),
(867,217,'c','Engine Oil',0,1,'2018-12-26 08:40:05','2018-12-26 08:40:05'),
(868,217,'d','Brake Fluid',0,1,'2018-12-26 08:40:05','2018-12-26 08:40:05'),
(869,218,'a','Condenser',0,1,'2018-12-26 08:45:11','2018-12-26 08:45:11'),
(870,218,'b','Expansion Valve',0,1,'2018-12-26 08:45:11','2018-12-26 08:45:11'),
(871,218,'c','Evaporator',0,1,'2018-12-26 08:45:11','2018-12-26 08:45:11'),
(872,218,'d','Compressor',1,1,'2018-12-26 08:45:11','2018-12-26 08:45:11'),
(873,219,'a','Condenser',1,1,'2018-12-26 08:46:16','2018-12-26 08:46:16'),
(874,219,'b','Expansion Valve',0,1,'2018-12-26 08:46:16','2018-12-26 08:46:16'),
(875,219,'c','Evaporator',0,1,'2018-12-26 08:46:16','2018-12-26 08:46:16'),
(876,219,'d','Compressor',0,1,'2018-12-26 08:46:16','2018-12-26 08:46:16'),
(877,220,'a','Expansion Valve',0,1,'2018-12-26 08:55:35','2018-12-26 08:55:35'),
(878,220,'b','Receiver-Drier',1,1,'2018-12-26 08:55:35','2018-12-26 08:55:35'),
(879,220,'c','Condenser',0,1,'2018-12-26 08:55:35','2018-12-26 08:55:35'),
(880,220,'d','Evaporator',0,1,'2018-12-26 08:55:35','2018-12-26 08:55:35'),
(881,221,'a','Expansion Valve',1,1,'2018-12-26 08:56:59','2018-12-26 08:56:59'),
(882,221,'b','Receiver-Drier',0,1,'2018-12-26 08:56:59','2018-12-26 08:56:59'),
(883,221,'c','Condenser',0,1,'2018-12-26 08:56:59','2018-12-26 08:56:59'),
(884,221,'d','Evaporator',0,1,'2018-12-26 08:56:59','2018-12-26 08:56:59'),
(885,222,'a','Compressor',0,1,'2018-12-26 08:59:07','2018-12-26 08:59:07'),
(886,222,'b','Receiver-Drier',0,1,'2018-12-26 08:59:07','2018-12-26 08:59:07'),
(887,222,'c','Evaporator',1,1,'2018-12-26 08:59:07','2018-12-26 08:59:07'),
(888,222,'d','Expanson Valve',0,1,'2018-12-26 08:59:07','2018-12-26 08:59:07'),
(889,223,'a','Outside Air Temperature Sensor',0,1,'2018-12-26 09:00:37','2018-12-26 09:00:37'),
(890,223,'b','Inside Air Temperature Sensor',1,1,'2018-12-26 09:00:37','2018-12-26 09:00:37'),
(891,223,'c','Engine Coolant Temperature Sensor',0,1,'2018-12-26 09:00:37','2018-12-26 09:00:37'),
(892,223,'d','Mass Air Flow Sensor',0,1,'2018-12-26 09:00:37','2018-12-26 09:00:37'),
(893,224,'a','Outside Air Temperature Sensor',1,1,'2018-12-26 09:01:27','2018-12-26 09:01:27'),
(894,224,'b','Inside Air Temperature Sensor',0,1,'2018-12-26 09:01:27','2018-12-26 09:01:27'),
(895,224,'c','Engine Coolant Temperature Sensor',0,1,'2018-12-26 09:01:27','2018-12-26 09:01:27'),
(896,224,'d','Mass Air Flow Sensor',0,1,'2018-12-26 09:01:27','2018-12-26 09:01:27'),
(897,225,'a','Outside Air Temperature Sensor',0,1,'2018-12-26 09:03:06','2018-12-26 09:03:06'),
(898,225,'b','Inside Air Temperature Sensor',0,1,'2018-12-26 09:03:06','2018-12-26 09:03:06'),
(899,225,'c','Engine Coolant Temperature Sensor',0,1,'2018-12-26 09:03:06','2018-12-26 09:03:06'),
(900,225,'d','Sun Sensor (Insulation Sensor)',1,1,'2018-12-26 09:03:06','2018-12-26 09:03:06'),
(901,226,'a','Blower Assembly',1,1,'2018-12-26 09:04:10','2018-12-26 09:04:10'),
(902,226,'b','Actuator',0,1,'2018-12-26 09:04:10','2018-12-26 09:04:10'),
(903,226,'c','Compressor',0,1,'2018-12-26 09:04:10','2018-12-26 09:04:10'),
(904,226,'d','Auto A/C Control Unit',0,1,'2018-12-26 09:04:10','2018-12-26 09:04:10'),
(905,227,'a','Chevrolet',0,1,'2019-06-06 11:31:40','2019-06-06 11:31:40'),
(906,227,'b','Ford',0,1,'2019-06-06 11:31:40','2019-06-06 11:31:40'),
(907,227,'c','Wolseley Motors of England',1,1,'2019-06-06 11:31:40','2019-06-06 11:31:40'),
(908,227,'d','Tata',0,1,'2019-06-06 11:31:40','2019-06-06 11:31:40'),
(909,228,'a','1918',0,1,'2019-06-06 11:34:35','2019-06-06 11:34:35'),
(910,228,'b','1934',1,1,'2019-06-06 11:34:35','2019-06-06 11:34:35'),
(911,228,'c','1922',0,1,'2019-06-06 11:34:35','2019-06-06 11:34:35'),
(912,228,'d','1901',0,1,'2019-06-06 11:34:35','2019-06-06 11:34:35'),
(913,229,'a','Model A-9',1,1,'2019-06-06 11:57:19','2019-06-06 11:57:19'),
(914,229,'b','Model A-10',0,1,'2019-06-06 11:57:19','2019-06-06 11:57:19'),
(915,229,'c','ELF',0,1,'2019-06-06 11:57:19','2019-06-06 11:57:19'),
(916,229,'d','Forward',0,1,'2019-06-06 11:57:19','2019-06-06 11:57:19'),
(917,230,'a','Mitsubishi',0,1,'2019-06-06 13:00:54','2019-06-06 13:07:13'),
(918,230,'b','Datsun',0,1,'2019-06-06 13:00:54','2019-06-06 13:07:13'),
(919,230,'c','Fuji Heavy Industries Incorporated',0,1,'2019-06-06 13:00:54','2019-06-06 13:07:13'),
(920,230,'d','Tokyo Gas and Electric Industrial Company',1,1,'2019-06-06 13:00:54','2019-06-06 13:07:13'),
(921,231,'a','1969',0,1,'2019-06-06 13:10:22','2019-06-06 13:10:22'),
(922,231,'b','1971',1,1,'2019-06-06 13:10:22','2019-06-06 13:10:22'),
(923,231,'c','1946',0,1,'2019-06-06 13:10:22','2019-06-06 13:10:22'),
(924,231,'d','1912',0,1,'2019-06-06 13:10:22','2019-06-06 13:10:22'),
(925,232,'a','GM Philipines Incorporated (GMPI)',1,1,'2019-06-06 13:15:27','2019-06-06 13:15:27'),
(926,232,'b','Isuzu Philippines Incorporated (IPI)',0,1,'2019-06-06 13:15:27','2019-06-06 13:15:27'),
(927,232,'c','Pilipinas GM Incorporated (PGMI)',0,1,'2019-06-06 13:15:27','2019-06-06 13:15:27'),
(928,232,'d','The Convenant Group',0,1,'2019-06-06 13:15:27','2019-06-06 13:15:27'),
(929,233,'a','1901',0,1,'2019-06-06 13:17:45','2019-06-06 13:17:45'),
(930,233,'b','1896',0,1,'2019-06-06 13:17:45','2019-06-06 13:17:45'),
(931,233,'c','1950',1,1,'2019-06-06 13:17:45','2019-06-06 13:17:45'),
(932,233,'d','2003',0,1,'2019-06-06 13:17:45','2019-06-06 13:17:45'),
(933,234,'a','1989',1,1,'2019-06-06 13:20:59','2019-06-06 13:20:59'),
(934,234,'b','1990',0,1,'2019-06-06 13:20:59','2019-06-06 13:20:59'),
(935,234,'c','2001',0,1,'2019-06-06 13:20:59','2019-06-06 13:20:59'),
(936,234,'d','2014',0,1,'2019-06-06 13:20:59','2019-06-06 13:20:59'),
(937,235,'a','Mitsubishi Corporation',0,1,'2019-06-06 13:23:21','2019-06-06 13:23:21'),
(938,235,'b','Ayala',0,1,'2019-06-06 13:23:21','2019-06-06 13:23:21'),
(939,235,'c','RCBC',0,1,'2019-06-06 13:23:21','2019-06-06 13:23:21'),
(940,235,'d','Ford',1,1,'2019-06-06 13:23:21','2019-06-06 13:23:21'),
(941,236,'a','Isuzu Crosswind',0,1,'2019-06-06 13:26:59','2019-06-06 13:26:59'),
(942,236,'b','Isuzu mu-X',0,1,'2019-06-06 13:26:59','2019-06-06 13:26:59'),
(943,236,'c','Isuzu D-max',0,1,'2019-06-06 13:26:59','2019-06-06 13:26:59'),
(944,236,'d','Isuzu Hi-Lander',1,1,'2019-06-06 13:26:59','2019-06-06 13:26:59'),
(945,237,'a','GM Philipines Incorporated (GMPI)',0,1,'2019-06-06 13:32:42','2019-06-06 13:32:42'),
(946,237,'b','Isuzu Motors Pilipinas Incorporated',0,1,'2019-06-06 13:32:42','2019-06-06 13:32:42'),
(947,237,'c','Isuzu Pilipinas Engine Corporation',1,1,'2019-06-06 13:32:42','2019-06-06 13:32:42'),
(948,237,'d','Isuzu Autoparts Manufacturing Corporation',0,1,'2019-06-06 13:32:42','2019-06-06 13:32:42'),
(949,238,'a','15%',0,1,'2019-06-06 13:47:40','2019-06-06 13:47:40'),
(950,238,'b','2%',0,1,'2019-06-06 13:47:40','2019-06-06 13:47:40'),
(951,238,'c','5.9%',1,1,'2019-06-06 13:47:40','2019-06-06 13:47:40'),
(952,238,'d','20%',0,1,'2019-06-06 13:47:40','2019-06-06 13:47:40'),
(953,239,'a','2010',0,1,'2019-06-06 13:49:44','2019-06-06 13:49:44'),
(954,239,'b','2006',1,1,'2019-06-06 13:49:44','2019-06-06 13:49:44'),
(955,239,'c','1997',0,1,'2019-06-06 13:49:44','2019-06-06 13:49:44'),
(956,239,'d','1950',0,1,'2019-06-06 13:49:44','2019-06-06 13:49:44'),
(957,240,'a','3.0 LS-A 4x4 AT',0,1,'2019-06-06 14:23:47','2019-06-06 14:23:47'),
(958,240,'b','3.0 LS-A 4x2 AT',0,1,'2019-06-06 14:23:47','2019-06-06 14:23:47'),
(959,240,'c','3.0 LS-A 4x2 AT 8N',0,1,'2019-06-06 14:23:47','2019-06-06 14:23:47'),
(960,240,'d','3.0 LS-A 4x2 AT LUXE',1,1,'2019-06-06 14:23:47','2019-06-06 14:23:47'),
(961,241,'a','3.0L LS-A 4x4 AT',0,1,'2019-06-10 08:14:46','2019-06-10 08:14:46'),
(962,241,'b','3.0L LS-A 4X2 AT',0,1,'2019-06-10 08:14:46','2019-06-10 08:14:46'),
(963,241,'c','3.0L LS-A 4x2 AT LUXE',1,1,'2019-06-10 08:14:46','2019-06-10 08:14:46'),
(964,241,'d','3.0L LS-A 4x2 AT 8N',0,1,'2019-06-10 08:14:46','2019-06-10 08:14:46'),
(965,242,'a','Hydraulic Brake System',0,1,'2019-06-10 08:17:36','2019-06-10 08:17:36'),
(966,242,'b','Full-Air Brake System',1,1,'2019-06-10 08:17:36','2019-06-10 08:17:36'),
(967,242,'c','Air-Over-Hydraulic Brake System',0,1,'2019-06-10 08:17:36','2019-06-10 08:17:36'),
(968,242,'d','Auxiliary Brake System',0,1,'2019-06-10 08:17:36','2019-06-10 08:17:36');

/*Table structure for table `dealers` */

DROP TABLE IF EXISTS `dealers`;

CREATE TABLE `dealers` (
  `dealer_id` int(10) unsigned NOT NULL AUTO_INCREMENT,
  `dealer_name` varchar(150) COLLATE utf8_unicode_ci NOT NULL,
  `branch` varchar(150) COLLATE utf8_unicode_ci NOT NULL,
  `is_authorized` tinyint(1) NOT NULL DEFAULT '0',
  `is_active` tinyint(1) NOT NULL DEFAULT '1',
  `created_at` timestamp NOT NULL DEFAULT CURRENT_TIMESTAMP,
  `updated_at` timestamp NOT NULL DEFAULT CURRENT_TIMESTAMP ON UPDATE CURRENT_TIMESTAMP,
  PRIMARY KEY (`dealer_id`)
) ENGINE=InnoDB AUTO_INCREMENT=46 DEFAULT CHARSET=utf8 COLLATE=utf8_unicode_ci;

/*Data for the table `dealers` */

insert  into `dealers`(`dealer_id`,`dealer_name`,`branch`,`is_authorized`,`is_active`,`created_at`,`updated_at`) values 
(1,'Isuzu Alabang','IADI',0,1,'2018-12-17 09:55:13','2018-12-17 09:55:13'),
(2,'Isuzu Pasig','IADI',0,1,'2018-12-17 09:55:26','2018-12-17 09:55:26'),
(3,'Isuzu Cavite','IADI',0,1,'2018-12-17 09:55:38','2018-12-17 09:55:38'),
(4,'Isuzu Rizal','IADI',0,1,'2018-12-17 09:56:04','2018-12-17 09:56:04'),
(5,'Isuzu Taytay','IADI',0,1,'2018-12-17 09:57:19','2018-12-17 09:57:19'),
(6,'Isuzu Mandaue','Isuzu Cebu Incorporated',0,1,'2018-12-17 09:57:55','2018-12-17 09:57:55'),
(7,'Isuzu Cebu City','Isuzu Cebu Incorporated',0,1,'2018-12-17 09:58:11','2018-12-17 09:58:11'),
(8,'Isuzu Cebu South','Isuzu Cebu Incorporated',0,1,'2018-12-17 09:58:42','2018-12-17 09:58:42'),
(9,'Isuzu Bohol','Isuzu Cebu Incorporated',0,1,'2018-12-17 09:58:56','2018-12-17 09:58:56'),
(10,'Isuzu Iloilo','Isuzu Iloilo Corporation',0,1,'2018-12-17 09:59:20','2018-12-17 09:59:20'),
(11,'Isuzu Batangas','GENCARS',0,1,'2018-12-17 10:00:50','2018-12-17 10:00:50'),
(12,'Isuzu Batangas City','GENCARS',0,1,'2018-12-17 10:01:18','2018-12-17 10:01:18'),
(13,'Isuzu Makati','GENCARS',0,1,'2018-12-17 10:01:29','2018-12-17 10:01:29'),
(14,'Isuzu Legazpi','GENCARS',0,1,'2018-12-17 10:01:51','2018-12-17 10:01:51'),
(15,'Isuzu Naga','GENCARS',0,1,'2018-12-17 10:02:08','2018-12-17 10:02:08'),
(16,'Isuzu Santa Rosa','GENCARS',0,1,'2018-12-17 10:02:26','2018-12-17 10:02:26'),
(17,'Isuzu San Pablo','GENCARS',0,1,'2018-12-17 10:02:38','2018-12-17 10:02:38'),
(18,'Isuzu Isabela','B.M. Domingo Motor Sales Incorporated',0,1,'2018-12-17 10:03:18','2018-12-17 10:03:18'),
(19,'Isuzu Iguig','B.M. Domingo Motor Sales Incorporated',0,1,'2018-12-17 10:03:41','2018-12-17 10:03:41'),
(20,'Isuzu Cabanatuan','B.M. Domingo Motor Sales Incorporated',0,1,'2018-12-17 10:04:16','2018-12-17 10:04:16'),
(21,'Isuzu Bulacan','B.M. Domingo Motor Sales Incorporated',0,1,'2018-12-17 10:04:59','2018-12-17 10:04:59'),
(22,'Isuzu Meycauayan','B.M. Domingo Motor Sales Incorporated',0,1,'2018-12-17 10:05:37','2018-12-17 10:05:37'),
(23,'Isuzu Tarlac','B.M. Domingo Motor Sales Incorporated',0,1,'2018-12-17 10:06:00','2018-12-17 10:06:00'),
(24,'Isuzu Quezon Avenue','Industrial and Transport Equipment Incorporated (INTECO)',0,1,'2018-12-17 10:06:51','2018-12-17 10:06:51'),
(25,'Isuzu EDSA','Industrial and Transport Equipment Incorporated (INTECO)',0,1,'2018-12-17 10:07:14','2018-12-17 10:07:14'),
(26,'Isuzu Pangasinan','Industrial and Transport Equipment Incorporated (INTECO)',0,1,'2018-12-17 10:08:00','2018-12-17 10:08:00'),
(27,'Isuzu Dagupan','Industrial and Transport Equipment Incoporated (INTECO)',0,1,'2018-12-17 10:09:03','2018-12-17 10:09:03'),
(28,'Isuzu Pampanga','Industrial and Transport Equipment Incoporated (INTECO)',0,1,'2018-12-17 10:09:36','2018-12-17 10:09:36'),
(29,'Isuzu Commonwealth','Yuchengco Group of Companies',0,1,'2018-12-17 10:10:41','2018-12-17 10:10:41'),
(30,'Isuzu Greenhills','Yuchengo Group of Companies',0,1,'2018-12-17 10:11:11','2018-12-17 10:11:11'),
(31,'Isuzu Manila','Yuchengco Group of Companies',0,1,'2018-12-17 10:11:35','2018-12-17 10:11:35'),
(32,'Isuzu General Santos','MTL Gensan Motors Incorporated',0,1,'2018-12-17 10:12:43','2018-12-17 10:12:43'),
(33,'Isuzu Butuan','Northern Mindanao Automotive Dealership Incorporated (NMADI)',0,1,'2018-12-17 10:13:20','2018-12-17 10:13:20'),
(34,'Isuzu Leyte','Yuchengco Group of Companies',0,1,'2018-12-17 10:29:15','2018-12-17 10:29:15'),
(35,'Isuzu Zamboanga','MTL Gensan Motors Incorporated',0,1,'2018-12-17 10:30:06','2018-12-17 10:30:06'),
(36,'Isuzu Dipolog','Northern Mindanao Automotive Dealership Incorporated (NMADI)',0,1,'2018-12-17 10:31:10','2018-12-17 10:31:10'),
(37,'Isuzu Bacolod','Southern Automart & Trading Corporation (SATC)',0,1,'2018-12-17 10:38:18','2018-12-17 10:41:41'),
(38,'Isuzu Dumaguete','Southern Automart & Trading Corporation (SATC)',0,1,'2018-12-17 10:38:48','2018-12-17 10:38:48'),
(39,'Isuzu Cagayan de Oro','Cebu Southern Motors Incorporated (CSMI)',0,1,'2018-12-17 10:39:24','2018-12-17 10:39:24'),
(40,'Isuzu Davao','Southern Motors of Davao (SMDI)',0,1,'2018-12-17 10:42:43','2018-12-17 10:42:43'),
(41,'Isuzu Pagbilao Quezon','MBT Autoworx Corporation',0,1,'2018-12-17 10:52:19','2018-12-17 10:52:19'),
(45,'Isuzu Calapan City','Mina De Oro Motors Incorporated',0,1,'2019-01-08 14:38:19','2019-01-08 14:38:19');

/*Table structure for table `emails` */

DROP TABLE IF EXISTS `emails`;

CREATE TABLE `emails` (
  `email_id` int(10) unsigned NOT NULL AUTO_INCREMENT,
  `email_category` enum('creation','before','during','after','opened','finish','others','basic') COLLATE utf8_unicode_ci NOT NULL,
  `subject` varchar(100) COLLATE utf8_unicode_ci NOT NULL,
  `sender` varchar(100) COLLATE utf8_unicode_ci NOT NULL,
  `recipient` varchar(100) COLLATE utf8_unicode_ci NOT NULL,
  `title` varchar(250) COLLATE utf8_unicode_ci NOT NULL,
  `message` text COLLATE utf8_unicode_ci,
  `cc` varchar(100) COLLATE utf8_unicode_ci DEFAULT NULL,
  `attachment` text COLLATE utf8_unicode_ci,
  `sent_at` timestamp NULL DEFAULT NULL,
  `created_at` timestamp NULL DEFAULT CURRENT_TIMESTAMP,
  `updated_at` timestamp NULL DEFAULT CURRENT_TIMESTAMP ON UPDATE CURRENT_TIMESTAMP,
  PRIMARY KEY (`email_id`),
  KEY `email_category_id` (`email_category`)
) ENGINE=InnoDB AUTO_INCREMENT=2794 DEFAULT CHARSET=utf8 COLLATE=utf8_unicode_ci;

/*Data for the table `emails` */

insert  into `emails`(`email_id`,`email_category`,`subject`,`sender`,`recipient`,`title`,`message`,`cc`,`attachment`,`sent_at`,`created_at`,`updated_at`) values 
(2244,'creation','New Exam Schedule','interface-notif@isuzuphil.com','batan.gv@isuzualabang.com','You have new <span style=\"color: #5caad2;\">Exam Schedule!</span>','Good Day! <strong>IPC Administration</strong> has been created a new schedule for a examination. <br>\r\n						Please click the button to navigate directly to your system.',NULL,NULL,NULL,'2019-01-22 09:25:19','2019-01-22 09:25:19'),
(2245,'creation','New Exam Schedule','interface-notif@isuzuphil.com','jacintocasio@yahoo.com','You have new <span style=\"color: #5caad2;\">Exam Schedule!</span>','Good Day! <strong>IPC Administration</strong> has been created a new schedule for a examination. <br>\r\n						Please click the button to navigate directly to your system.',NULL,NULL,NULL,'2019-01-22 09:25:19','2019-01-22 09:25:19'),
(2246,'creation','New Exam Schedule','interface-notif@isuzuphil.com','gamboarn@yahoo.com','You have new <span style=\"color: #5caad2;\">Exam Schedule!</span>','Good Day! <strong>IPC Administration</strong> has been created a new schedule for a examination. <br>\r\n						Please click the button to navigate directly to your system.',NULL,NULL,NULL,'2019-01-22 09:25:19','2019-01-22 09:25:19'),
(2247,'creation','New Exam Schedule','interface-notif@isuzuphil.com','duquiatan.as@isuzucavite.com','You have new <span style=\"color: #5caad2;\">Exam Schedule!</span>','Good Day! <strong>IPC Administration</strong> has been created a new schedule for a examination. <br>\r\n						Please click the button to navigate directly to your system.',NULL,NULL,NULL,'2019-01-22 09:25:19','2019-01-22 09:25:19'),
(2248,'creation','New Exam Schedule','interface-notif@isuzuphil.com','Ybanez.ep@isuzumandaue.com','You have new <span style=\"color: #5caad2;\">Exam Schedule!</span>','Good Day! <strong>IPC Administration</strong> has been created a new schedule for a examination. <br>\r\n						Please click the button to navigate directly to your system.',NULL,NULL,NULL,'2019-01-22 09:25:19','2019-01-22 09:25:19'),
(2249,'creation','New Exam Schedule','interface-notif@isuzuphil.com','arwynnsanhi@bmdmotors.com','You have new <span style=\"color: #5caad2;\">Exam Schedule!</span>','Good Day! <strong>IPC Administration</strong> has been created a new schedule for a examination. <br>\r\n						Please click the button to navigate directly to your system.',NULL,NULL,NULL,'2019-01-22 09:25:19','2019-01-22 09:25:19'),
(2250,'creation','New Exam Schedule','interface-notif@isuzuphil.com','richardgime10@gmail.com','You have new <span style=\"color: #5caad2;\">Exam Schedule!</span>','Good Day! <strong>IPC Administration</strong> has been created a new schedule for a examination. <br>\r\n						Please click the button to navigate directly to your system.',NULL,NULL,NULL,'2019-01-22 09:25:19','2019-01-22 09:25:19'),
(2251,'creation','New Exam Schedule','interface-notif@isuzuphil.com','susanreyes_isuzugencars@yahoo.com','You have new <span style=\"color: #5caad2;\">Exam Schedule!</span>','Good Day! <strong>IPC Administration</strong> has been created a new schedule for a examination. <br>\r\n						Please click the button to navigate directly to your system.',NULL,NULL,NULL,'2019-01-22 09:25:19','2019-01-22 09:25:19'),
(2252,'creation','New Exam Schedule','interface-notif@isuzuphil.com','abrille@gmail.com','You have new <span style=\"color: #5caad2;\">Exam Schedule!</span>','Good Day! <strong>IPC Administration</strong> has been created a new schedule for a examination. <br>\r\n						Please click the button to navigate directly to your system.',NULL,NULL,NULL,'2019-01-22 09:25:19','2019-01-22 09:25:19'),
(2253,'creation','New Exam Schedule','interface-notif@isuzuphil.com','batan.gv@isuzualabang.com','You have new <span style=\"color: #5caad2;\">Exam Schedule!</span>','Good Day! <strong>IPC Administration</strong> has been created a new schedule for a examination. <br>\r\n						Please click the button to navigate directly to your system.',NULL,NULL,NULL,'2019-01-22 09:30:53','2019-01-22 09:30:53'),
(2254,'creation','New Exam Schedule','interface-notif@isuzuphil.com','jacintocasio@yahoo.com','You have new <span style=\"color: #5caad2;\">Exam Schedule!</span>','Good Day! <strong>IPC Administration</strong> has been created a new schedule for a examination. <br>\r\n						Please click the button to navigate directly to your system.',NULL,NULL,NULL,'2019-01-22 09:30:53','2019-01-22 09:30:53'),
(2255,'creation','New Exam Schedule','interface-notif@isuzuphil.com','gamboarn@yahoo.com','You have new <span style=\"color: #5caad2;\">Exam Schedule!</span>','Good Day! <strong>IPC Administration</strong> has been created a new schedule for a examination. <br>\r\n						Please click the button to navigate directly to your system.',NULL,NULL,NULL,'2019-01-22 09:30:53','2019-01-22 09:30:53'),
(2256,'creation','New Exam Schedule','interface-notif@isuzuphil.com','duquiatan.as@isuzucavite.com','You have new <span style=\"color: #5caad2;\">Exam Schedule!</span>','Good Day! <strong>IPC Administration</strong> has been created a new schedule for a examination. <br>\r\n						Please click the button to navigate directly to your system.',NULL,NULL,NULL,'2019-01-22 09:30:53','2019-01-22 09:30:53'),
(2257,'creation','New Exam Schedule','interface-notif@isuzuphil.com','Ybanez.ep@isuzumandaue.com','You have new <span style=\"color: #5caad2;\">Exam Schedule!</span>','Good Day! <strong>IPC Administration</strong> has been created a new schedule for a examination. <br>\r\n						Please click the button to navigate directly to your system.',NULL,NULL,NULL,'2019-01-22 09:30:53','2019-01-22 09:30:53'),
(2258,'creation','New Exam Schedule','interface-notif@isuzuphil.com','arwynnsanhi@bmdmotors.com','You have new <span style=\"color: #5caad2;\">Exam Schedule!</span>','Good Day! <strong>IPC Administration</strong> has been created a new schedule for a examination. <br>\r\n						Please click the button to navigate directly to your system.',NULL,NULL,NULL,'2019-01-22 09:30:53','2019-01-22 09:30:53'),
(2259,'creation','New Exam Schedule','interface-notif@isuzuphil.com','richardgime10@gmail.com','You have new <span style=\"color: #5caad2;\">Exam Schedule!</span>','Good Day! <strong>IPC Administration</strong> has been created a new schedule for a examination. <br>\r\n						Please click the button to navigate directly to your system.',NULL,NULL,NULL,'2019-01-22 09:30:53','2019-01-22 09:30:53'),
(2260,'creation','New Exam Schedule','interface-notif@isuzuphil.com','susanreyes_isuzugencars@yahoo.com','You have new <span style=\"color: #5caad2;\">Exam Schedule!</span>','Good Day! <strong>IPC Administration</strong> has been created a new schedule for a examination. <br>\r\n						Please click the button to navigate directly to your system.',NULL,NULL,NULL,'2019-01-22 09:30:53','2019-01-22 09:30:53'),
(2261,'creation','New Exam Schedule','interface-notif@isuzuphil.com','abrille@gmail.com','You have new <span style=\"color: #5caad2;\">Exam Schedule!</span>','Good Day! <strong>IPC Administration</strong> has been created a new schedule for a examination. <br>\r\n						Please click the button to navigate directly to your system.',NULL,NULL,NULL,'2019-01-22 09:30:53','2019-01-22 09:30:53'),
(2262,'creation','New Exam Schedule','interface-notif@isuzuphil.com','batan.gv@isuzualabang.com','You have new <span style=\"color: #5caad2;\">Exam Schedule!</span>','Good Day! <strong>IPC Administration</strong> has been created a new schedule for a examination. <br>\r\n						Please click the button to navigate directly to your system.',NULL,NULL,NULL,'2019-01-22 09:32:42','2019-01-22 09:32:42'),
(2263,'creation','New Exam Schedule','interface-notif@isuzuphil.com','jacintocasio@yahoo.com','You have new <span style=\"color: #5caad2;\">Exam Schedule!</span>','Good Day! <strong>IPC Administration</strong> has been created a new schedule for a examination. <br>\r\n						Please click the button to navigate directly to your system.',NULL,NULL,NULL,'2019-01-22 09:32:42','2019-01-22 09:32:42'),
(2264,'creation','New Exam Schedule','interface-notif@isuzuphil.com','gamboarn@yahoo.com','You have new <span style=\"color: #5caad2;\">Exam Schedule!</span>','Good Day! <strong>IPC Administration</strong> has been created a new schedule for a examination. <br>\r\n						Please click the button to navigate directly to your system.',NULL,NULL,NULL,'2019-01-22 09:32:42','2019-01-22 09:32:42'),
(2265,'creation','New Exam Schedule','interface-notif@isuzuphil.com','duquiatan.as@isuzucavite.com','You have new <span style=\"color: #5caad2;\">Exam Schedule!</span>','Good Day! <strong>IPC Administration</strong> has been created a new schedule for a examination. <br>\r\n						Please click the button to navigate directly to your system.',NULL,NULL,NULL,'2019-01-22 09:32:42','2019-01-22 09:32:42'),
(2266,'creation','New Exam Schedule','interface-notif@isuzuphil.com','Ybanez.ep@isuzumandaue.com','You have new <span style=\"color: #5caad2;\">Exam Schedule!</span>','Good Day! <strong>IPC Administration</strong> has been created a new schedule for a examination. <br>\r\n						Please click the button to navigate directly to your system.',NULL,NULL,NULL,'2019-01-22 09:32:42','2019-01-22 09:32:42'),
(2267,'creation','New Exam Schedule','interface-notif@isuzuphil.com','arwynnsanhi@bmdmotors.com','You have new <span style=\"color: #5caad2;\">Exam Schedule!</span>','Good Day! <strong>IPC Administration</strong> has been created a new schedule for a examination. <br>\r\n						Please click the button to navigate directly to your system.',NULL,NULL,NULL,'2019-01-22 09:32:42','2019-01-22 09:32:42'),
(2268,'creation','New Exam Schedule','interface-notif@isuzuphil.com','richardgime10@gmail.com','You have new <span style=\"color: #5caad2;\">Exam Schedule!</span>','Good Day! <strong>IPC Administration</strong> has been created a new schedule for a examination. <br>\r\n						Please click the button to navigate directly to your system.',NULL,NULL,NULL,'2019-01-22 09:32:42','2019-01-22 09:32:42'),
(2269,'creation','New Exam Schedule','interface-notif@isuzuphil.com','susanreyes_isuzugencars@yahoo.com','You have new <span style=\"color: #5caad2;\">Exam Schedule!</span>','Good Day! <strong>IPC Administration</strong> has been created a new schedule for a examination. <br>\r\n						Please click the button to navigate directly to your system.',NULL,NULL,NULL,'2019-01-22 09:32:42','2019-01-22 09:32:42'),
(2270,'creation','New Exam Schedule','interface-notif@isuzuphil.com','abrille@gmail.com','You have new <span style=\"color: #5caad2;\">Exam Schedule!</span>','Good Day! <strong>IPC Administration</strong> has been created a new schedule for a examination. <br>\r\n						Please click the button to navigate directly to your system.',NULL,NULL,NULL,'2019-01-22 09:32:42','2019-01-22 09:32:42'),
(2271,'creation','New Exam Schedule','interface-notif@isuzuphil.com','batan.gv@isuzualabang.com','You have new <span style=\"color: #5caad2;\">Exam Schedule!</span>','Good Day! <strong>IPC Administration</strong> has been created a new schedule for a examination. <br>\r\n						Please click the button to navigate directly to your system.',NULL,NULL,NULL,'2019-01-22 09:34:04','2019-01-22 09:34:04'),
(2272,'creation','New Exam Schedule','interface-notif@isuzuphil.com','jacintocasio@yahoo.com','You have new <span style=\"color: #5caad2;\">Exam Schedule!</span>','Good Day! <strong>IPC Administration</strong> has been created a new schedule for a examination. <br>\r\n						Please click the button to navigate directly to your system.',NULL,NULL,NULL,'2019-01-22 09:34:04','2019-01-22 09:34:04'),
(2273,'creation','New Exam Schedule','interface-notif@isuzuphil.com','gamboarn@yahoo.com','You have new <span style=\"color: #5caad2;\">Exam Schedule!</span>','Good Day! <strong>IPC Administration</strong> has been created a new schedule for a examination. <br>\r\n						Please click the button to navigate directly to your system.',NULL,NULL,NULL,'2019-01-22 09:34:04','2019-01-22 09:34:04'),
(2274,'creation','New Exam Schedule','interface-notif@isuzuphil.com','duquiatan.as@isuzucavite.com','You have new <span style=\"color: #5caad2;\">Exam Schedule!</span>','Good Day! <strong>IPC Administration</strong> has been created a new schedule for a examination. <br>\r\n						Please click the button to navigate directly to your system.',NULL,NULL,NULL,'2019-01-22 09:34:04','2019-01-22 09:34:04'),
(2275,'creation','New Exam Schedule','interface-notif@isuzuphil.com','Ybanez.ep@isuzumandaue.com','You have new <span style=\"color: #5caad2;\">Exam Schedule!</span>','Good Day! <strong>IPC Administration</strong> has been created a new schedule for a examination. <br>\r\n						Please click the button to navigate directly to your system.',NULL,NULL,NULL,'2019-01-22 09:34:04','2019-01-22 09:34:04'),
(2276,'creation','New Exam Schedule','interface-notif@isuzuphil.com','arwynnsanhi@bmdmotors.com','You have new <span style=\"color: #5caad2;\">Exam Schedule!</span>','Good Day! <strong>IPC Administration</strong> has been created a new schedule for a examination. <br>\r\n						Please click the button to navigate directly to your system.',NULL,NULL,NULL,'2019-01-22 09:34:04','2019-01-22 09:34:04'),
(2277,'creation','New Exam Schedule','interface-notif@isuzuphil.com','richardgime10@gmail.com','You have new <span style=\"color: #5caad2;\">Exam Schedule!</span>','Good Day! <strong>IPC Administration</strong> has been created a new schedule for a examination. <br>\r\n						Please click the button to navigate directly to your system.',NULL,NULL,NULL,'2019-01-22 09:34:04','2019-01-22 09:34:04'),
(2278,'creation','New Exam Schedule','interface-notif@isuzuphil.com','susanreyes_isuzugencars@yahoo.com','You have new <span style=\"color: #5caad2;\">Exam Schedule!</span>','Good Day! <strong>IPC Administration</strong> has been created a new schedule for a examination. <br>\r\n						Please click the button to navigate directly to your system.',NULL,NULL,NULL,'2019-01-22 09:34:04','2019-01-22 09:34:04'),
(2279,'creation','New Exam Schedule','interface-notif@isuzuphil.com','abrille@gmail.com','You have new <span style=\"color: #5caad2;\">Exam Schedule!</span>','Good Day! <strong>IPC Administration</strong> has been created a new schedule for a examination. <br>\r\n						Please click the button to navigate directly to your system.',NULL,NULL,NULL,'2019-01-22 09:34:04','2019-01-22 09:34:04'),
(2280,'opened','Initialized Examination','interface-notif@isuzuphil.com','nap-marquez@isuzuphil.com','Examination <span style=\"color: #5caad2;\">Initiated!</span>','Isuzu Alabang of <strong>IADI</strong> has been initiated the examination. <br>\r\n					Please click the button to navigate directly to our system.',NULL,NULL,NULL,'2019-01-22 09:44:46','2019-01-22 09:44:46'),
(2281,'opened','Initialized Examination','interface-notif@isuzuphil.com','marilou-cabarles@isuzuphil.com','Examination <span style=\"color: #5caad2;\">Initiated!</span>','Isuzu Alabang of <strong>IADI</strong> has been initiated the examination. <br>\r\n					Please click the button to navigate directly to our system.',NULL,NULL,NULL,'2019-01-22 09:44:46','2019-01-22 09:44:46'),
(2282,'opened','Initialized Examination','interface-notif@isuzuphil.com','carl-lat@isuzuphil.com','Examination <span style=\"color: #5caad2;\">Initiated!</span>','Isuzu Alabang of <strong>IADI</strong> has been initiated the examination. <br>\r\n					Please click the button to navigate directly to our system.',NULL,NULL,NULL,'2019-01-22 09:44:46','2019-01-22 09:44:46'),
(2283,'opened','Initialized Examination','interface-notif@isuzuphil.com','prince-tiburcio@isuzuphil.com','Examination <span style=\"color: #5caad2;\">Initiated!</span>','Isuzu Alabang of <strong>IADI</strong> has been initiated the examination. <br>\r\n					Please click the button to navigate directly to our system.',NULL,NULL,NULL,'2019-01-22 09:44:46','2019-01-22 09:44:46'),
(2284,'opened','Initialized Examination','interface-notif@isuzuphil.com','nap-marquez@isuzuphil.com','Examination <span style=\"color: #5caad2;\">Initiated!</span>','Isuzu Alabang of <strong>IADI</strong> has been initiated the examination. <br>\r\n					Please click the button to navigate directly to our system.',NULL,NULL,NULL,'2019-01-22 10:13:01','2019-01-22 10:13:01'),
(2285,'opened','Initialized Examination','interface-notif@isuzuphil.com','marilou-cabarles@isuzuphil.com','Examination <span style=\"color: #5caad2;\">Initiated!</span>','Isuzu Alabang of <strong>IADI</strong> has been initiated the examination. <br>\r\n					Please click the button to navigate directly to our system.',NULL,NULL,NULL,'2019-01-22 10:13:01','2019-01-22 10:13:01'),
(2286,'opened','Initialized Examination','interface-notif@isuzuphil.com','carl-lat@isuzuphil.com','Examination <span style=\"color: #5caad2;\">Initiated!</span>','Isuzu Alabang of <strong>IADI</strong> has been initiated the examination. <br>\r\n					Please click the button to navigate directly to our system.',NULL,NULL,NULL,'2019-01-22 10:13:01','2019-01-22 10:13:01'),
(2287,'opened','Initialized Examination','interface-notif@isuzuphil.com','prince-tiburcio@isuzuphil.com','Examination <span style=\"color: #5caad2;\">Initiated!</span>','Isuzu Alabang of <strong>IADI</strong> has been initiated the examination. <br>\r\n					Please click the button to navigate directly to our system.',NULL,NULL,NULL,'2019-01-22 10:13:01','2019-01-22 10:13:01'),
(2288,'opened','Initialized Examination','interface-notif@isuzuphil.com','nap-marquez@isuzuphil.com','Examination <span style=\"color: #5caad2;\">Initiated!</span>','Isuzu Alabang of <strong>IADI</strong> has been initiated the examination. <br>\r\n					Please click the button to navigate directly to our system.',NULL,NULL,NULL,'2019-01-22 11:46:55','2019-01-22 11:46:55'),
(2289,'opened','Initialized Examination','interface-notif@isuzuphil.com','marilou-cabarles@isuzuphil.com','Examination <span style=\"color: #5caad2;\">Initiated!</span>','Isuzu Alabang of <strong>IADI</strong> has been initiated the examination. <br>\r\n					Please click the button to navigate directly to our system.',NULL,NULL,NULL,'2019-01-22 11:46:55','2019-01-22 11:46:55'),
(2290,'opened','Initialized Examination','interface-notif@isuzuphil.com','carl-lat@isuzuphil.com','Examination <span style=\"color: #5caad2;\">Initiated!</span>','Isuzu Alabang of <strong>IADI</strong> has been initiated the examination. <br>\r\n					Please click the button to navigate directly to our system.',NULL,NULL,NULL,'2019-01-22 11:46:55','2019-01-22 11:46:55'),
(2291,'opened','Initialized Examination','interface-notif@isuzuphil.com','prince-tiburcio@isuzuphil.com','Examination <span style=\"color: #5caad2;\">Initiated!</span>','Isuzu Alabang of <strong>IADI</strong> has been initiated the examination. <br>\r\n					Please click the button to navigate directly to our system.',NULL,NULL,NULL,'2019-01-22 11:46:55','2019-01-22 11:46:55'),
(2292,'opened','Initialized Examination','interface-notif@isuzuphil.com','nap-marquez@isuzuphil.com','Examination <span style=\"color: #5caad2;\">Initiated!</span>','Isuzu Alabang of <strong>IADI</strong> has been initiated the examination. <br>\r\n					Please click the button to navigate directly to our system.',NULL,NULL,NULL,'2019-01-22 12:55:03','2019-01-22 12:55:03'),
(2293,'opened','Initialized Examination','interface-notif@isuzuphil.com','marilou-cabarles@isuzuphil.com','Examination <span style=\"color: #5caad2;\">Initiated!</span>','Isuzu Alabang of <strong>IADI</strong> has been initiated the examination. <br>\r\n					Please click the button to navigate directly to our system.',NULL,NULL,NULL,'2019-01-22 12:55:03','2019-01-22 12:55:03'),
(2294,'opened','Initialized Examination','interface-notif@isuzuphil.com','carl-lat@isuzuphil.com','Examination <span style=\"color: #5caad2;\">Initiated!</span>','Isuzu Alabang of <strong>IADI</strong> has been initiated the examination. <br>\r\n					Please click the button to navigate directly to our system.',NULL,NULL,NULL,'2019-01-22 12:55:03','2019-01-22 12:55:03'),
(2295,'opened','Initialized Examination','interface-notif@isuzuphil.com','prince-tiburcio@isuzuphil.com','Examination <span style=\"color: #5caad2;\">Initiated!</span>','Isuzu Alabang of <strong>IADI</strong> has been initiated the examination. <br>\r\n					Please click the button to navigate directly to our system.',NULL,NULL,NULL,'2019-01-22 12:55:03','2019-01-22 12:55:03'),
(2296,'creation','New Module Schedule','interface-notif@isuzuphil.com','batan.gv@isuzualabang.com','You have new <span style=\"color: #5caad2;\">Module Schedule!</span>','Hi Mam/Sir, <strong>IPC Administration</strong> has been created a new schedule for a module viewing. <br>\r\n                    Please click the button to navigate directly to your system.',NULL,NULL,NULL,'2019-01-22 14:07:26','2019-01-22 14:07:26'),
(2297,'creation','New Module Schedule','interface-notif@isuzuphil.com','duquiatan.as@isuzucavite.com','You have new <span style=\"color: #5caad2;\">Module Schedule!</span>','Hi Mam/Sir, <strong>IPC Administration</strong> has been created a new schedule for a module viewing. <br>\r\n                    Please click the button to navigate directly to your system.',NULL,NULL,NULL,'2019-01-22 14:07:26','2019-01-22 14:07:26'),
(2298,'creation','New Module Schedule','interface-notif@isuzuphil.com','batan.gv@isuzualabang.com','You have new <span style=\"color: #5caad2;\">Module Schedule!</span>','Hi Mam/Sir, <strong>IPC Administration</strong> has been created a new schedule for a module viewing. <br>\r\n                    Please click the button to navigate directly to your system.',NULL,NULL,NULL,'2019-01-22 14:07:47','2019-01-22 14:07:47'),
(2299,'creation','New Module Schedule','interface-notif@isuzuphil.com','duquiatan.as@isuzucavite.com','You have new <span style=\"color: #5caad2;\">Module Schedule!</span>','Hi Mam/Sir, <strong>IPC Administration</strong> has been created a new schedule for a module viewing. <br>\r\n                    Please click the button to navigate directly to your system.',NULL,NULL,NULL,'2019-01-22 14:07:47','2019-01-22 14:07:47'),
(2300,'creation','New Module Schedule','interface-notif@isuzuphil.com','batan.gv@isuzualabang.com','You have new <span style=\"color: #5caad2;\">Module Schedule!</span>','Hi Mam/Sir, <strong>IPC Administration</strong> has been created a new schedule for a module viewing. <br>\r\n                    Please click the button to navigate directly to your system.',NULL,NULL,NULL,'2019-01-22 14:08:03','2019-01-22 14:08:03'),
(2301,'creation','New Module Schedule','interface-notif@isuzuphil.com','duquiatan.as@isuzucavite.com','You have new <span style=\"color: #5caad2;\">Module Schedule!</span>','Hi Mam/Sir, <strong>IPC Administration</strong> has been created a new schedule for a module viewing. <br>\r\n                    Please click the button to navigate directly to your system.',NULL,NULL,NULL,'2019-01-22 14:08:03','2019-01-22 14:08:03'),
(2302,'creation','New Module Schedule','interface-notif@isuzuphil.com','batan.gv@isuzualabang.com','You have new <span style=\"color: #5caad2;\">Module Schedule!</span>','Hi Mam/Sir, <strong>IPC Administration</strong> has been created a new schedule for a module viewing. <br>\r\n                    Please click the button to navigate directly to your system.',NULL,NULL,NULL,'2019-01-22 14:08:18','2019-01-22 14:08:18'),
(2303,'creation','New Module Schedule','interface-notif@isuzuphil.com','duquiatan.as@isuzucavite.com','You have new <span style=\"color: #5caad2;\">Module Schedule!</span>','Hi Mam/Sir, <strong>IPC Administration</strong> has been created a new schedule for a module viewing. <br>\r\n                    Please click the button to navigate directly to your system.',NULL,NULL,NULL,'2019-01-22 14:08:18','2019-01-22 14:08:18'),
(2304,'opened','Initialized Module','interface-notif@isuzuphil.com','nap-marquez@isuzuphil.com','Module <span style=\"color: #5caad2;\">Initiated!</span>','Isuzu Alabang of <strong>IADI</strong> has been initiated the module viewing. <br>\r\n                            Please click the button to navigate directly to our system.',NULL,NULL,NULL,'2019-01-22 14:08:31','2019-01-22 14:08:31'),
(2305,'opened','Initialized Module','interface-notif@isuzuphil.com','marilou-cabarles@isuzuphil.com','Module <span style=\"color: #5caad2;\">Initiated!</span>','Isuzu Alabang of <strong>IADI</strong> has been initiated the module viewing. <br>\r\n                            Please click the button to navigate directly to our system.',NULL,NULL,NULL,'2019-01-22 14:08:31','2019-01-22 14:08:31'),
(2306,'opened','Initialized Module','interface-notif@isuzuphil.com','carl-lat@isuzuphil.com','Module <span style=\"color: #5caad2;\">Initiated!</span>','Isuzu Alabang of <strong>IADI</strong> has been initiated the module viewing. <br>\r\n                            Please click the button to navigate directly to our system.',NULL,NULL,NULL,'2019-01-22 14:08:31','2019-01-22 14:08:31'),
(2307,'opened','Initialized Module','interface-notif@isuzuphil.com','prince-tiburcio@isuzuphil.com','Module <span style=\"color: #5caad2;\">Initiated!</span>','Isuzu Alabang of <strong>IADI</strong> has been initiated the module viewing. <br>\r\n                            Please click the button to navigate directly to our system.',NULL,NULL,NULL,'2019-01-22 14:08:31','2019-01-22 14:08:31'),
(2308,'opened','Initialized Examination','interface-notif@isuzuphil.com','nap-marquez@isuzuphil.com','Examination <span style=\"color: #5caad2;\">Initiated!</span>','Isuzu Cagayan de Oro of <strong>Cebu Southern Motors Incorporated (CSMI)</strong> has been initiated the examination. <br>\r\n					Please click the button to navigate directly to our system.',NULL,NULL,NULL,'2019-01-23 09:25:15','2019-01-23 09:25:15'),
(2309,'opened','Initialized Examination','interface-notif@isuzuphil.com','marilou-cabarles@isuzuphil.com','Examination <span style=\"color: #5caad2;\">Initiated!</span>','Isuzu Cagayan de Oro of <strong>Cebu Southern Motors Incorporated (CSMI)</strong> has been initiated the examination. <br>\r\n					Please click the button to navigate directly to our system.',NULL,NULL,NULL,'2019-01-23 09:25:15','2019-01-23 09:25:15'),
(2310,'opened','Initialized Examination','interface-notif@isuzuphil.com','carl-lat@isuzuphil.com','Examination <span style=\"color: #5caad2;\">Initiated!</span>','Isuzu Cagayan de Oro of <strong>Cebu Southern Motors Incorporated (CSMI)</strong> has been initiated the examination. <br>\r\n					Please click the button to navigate directly to our system.',NULL,NULL,NULL,'2019-01-23 09:25:15','2019-01-23 09:25:15'),
(2311,'opened','Initialized Examination','interface-notif@isuzuphil.com','prince-tiburcio@isuzuphil.com','Examination <span style=\"color: #5caad2;\">Initiated!</span>','Isuzu Cagayan de Oro of <strong>Cebu Southern Motors Incorporated (CSMI)</strong> has been initiated the examination. <br>\r\n					Please click the button to navigate directly to our system.',NULL,NULL,NULL,'2019-01-23 09:25:15','2019-01-23 09:25:15'),
(2312,'creation','New Module Schedule','interface-notif@isuzuphil.com','batan.gv@isuzualabang.com','You have new <span style=\"color: #5caad2;\">Module Schedule!</span>','Hi Mam/Sir, <strong>IPC Administration</strong> has been created a new schedule for a module viewing. <br>\r\n                    Please click the button to navigate directly to your system.',NULL,NULL,NULL,'2019-03-06 07:32:35','2019-03-06 07:32:35'),
(2313,'creation','New Module Schedule','interface-notif@isuzuphil.com','armanmbulahan@gmail.com','You have new <span style=\"color: #5caad2;\">Module Schedule!</span>','Hi Mam/Sir, <strong>IPC Administration</strong> has been created a new schedule for a module viewing. <br>\r\n                    Please click the button to navigate directly to your system.',NULL,NULL,NULL,'2019-03-06 07:32:35','2019-03-06 07:32:35'),
(2314,'creation','New Module Schedule','interface-notif@isuzuphil.com','jacintocasio@yahoo.com','You have new <span style=\"color: #5caad2;\">Module Schedule!</span>','Hi Mam/Sir, <strong>IPC Administration</strong> has been created a new schedule for a module viewing. <br>\r\n                    Please click the button to navigate directly to your system.',NULL,NULL,NULL,'2019-03-06 07:32:35','2019-03-06 07:32:35'),
(2315,'creation','New Module Schedule','interface-notif@isuzuphil.com','gamboarn@yahoo.com','You have new <span style=\"color: #5caad2;\">Module Schedule!</span>','Hi Mam/Sir, <strong>IPC Administration</strong> has been created a new schedule for a module viewing. <br>\r\n                    Please click the button to navigate directly to your system.',NULL,NULL,NULL,'2019-03-06 07:32:35','2019-03-06 07:32:35'),
(2316,'creation','New Module Schedule','interface-notif@isuzuphil.com','leomabonga10@gmail.com','You have new <span style=\"color: #5caad2;\">Module Schedule!</span>','Hi Mam/Sir, <strong>IPC Administration</strong> has been created a new schedule for a module viewing. <br>\r\n                    Please click the button to navigate directly to your system.',NULL,NULL,NULL,'2019-03-06 07:32:35','2019-03-06 07:32:35'),
(2317,'creation','New Module Schedule','interface-notif@isuzuphil.com','jd_molo@yahoo.com','You have new <span style=\"color: #5caad2;\">Module Schedule!</span>','Hi Mam/Sir, <strong>IPC Administration</strong> has been created a new schedule for a module viewing. <br>\r\n                    Please click the button to navigate directly to your system.',NULL,NULL,NULL,'2019-03-06 07:32:35','2019-03-06 07:32:35'),
(2318,'creation','New Module Schedule','interface-notif@isuzuphil.com','jerry.monleon1966@isuzumandaue.com','You have new <span style=\"color: #5caad2;\">Module Schedule!</span>','Hi Mam/Sir, <strong>IPC Administration</strong> has been created a new schedule for a module viewing. <br>\r\n                    Please click the button to navigate directly to your system.',NULL,NULL,NULL,'2019-03-06 07:32:35','2019-03-06 07:32:35'),
(2319,'creation','New Module Schedule','interface-notif@isuzuphil.com','rodelas.eo@isuzupasig.com','You have new <span style=\"color: #5caad2;\">Module Schedule!</span>','Hi Mam/Sir, <strong>IPC Administration</strong> has been created a new schedule for a module viewing. <br>\r\n                    Please click the button to navigate directly to your system.',NULL,NULL,NULL,'2019-03-06 07:32:35','2019-03-06 07:32:35'),
(2320,'creation','New Module Schedule','interface-notif@isuzuphil.com','jham0501@gmail.com','You have new <span style=\"color: #5caad2;\">Module Schedule!</span>','Hi Mam/Sir, <strong>IPC Administration</strong> has been created a new schedule for a module viewing. <br>\r\n                    Please click the button to navigate directly to your system.',NULL,NULL,NULL,'2019-03-06 07:32:35','2019-03-06 07:32:35'),
(2321,'creation','New Module Schedule','interface-notif@isuzuphil.com','maming.da@isuzupasig.com','You have new <span style=\"color: #5caad2;\">Module Schedule!</span>','Hi Mam/Sir, <strong>IPC Administration</strong> has been created a new schedule for a module viewing. <br>\r\n                    Please click the button to navigate directly to your system.',NULL,NULL,NULL,'2019-03-06 07:32:35','2019-03-06 07:32:35'),
(2322,'creation','New Module Schedule','interface-notif@isuzuphil.com','bellosillo.gb@isuzurizal.com','You have new <span style=\"color: #5caad2;\">Module Schedule!</span>','Hi Mam/Sir, <strong>IPC Administration</strong> has been created a new schedule for a module viewing. <br>\r\n                    Please click the button to navigate directly to your system.',NULL,NULL,NULL,'2019-03-06 07:32:35','2019-03-06 07:32:35'),
(2323,'creation','New Module Schedule','interface-notif@isuzuphil.com','duquiatan.as@isuzucavite.com','You have new <span style=\"color: #5caad2;\">Module Schedule!</span>','Hi Mam/Sir, <strong>IPC Administration</strong> has been created a new schedule for a module viewing. <br>\r\n                    Please click the button to navigate directly to your system.',NULL,NULL,NULL,'2019-03-06 07:32:35','2019-03-06 07:32:35'),
(2324,'creation','New Module Schedule','interface-notif@isuzuphil.com','laqui.dm@isuzucavite.com','You have new <span style=\"color: #5caad2;\">Module Schedule!</span>','Hi Mam/Sir, <strong>IPC Administration</strong> has been created a new schedule for a module viewing. <br>\r\n                    Please click the button to navigate directly to your system.',NULL,NULL,NULL,'2019-03-06 07:32:35','2019-03-06 07:32:35'),
(2325,'creation','New Module Schedule','interface-notif@isuzuphil.com','tinoy.gg@isuzuiloilo.com','You have new <span style=\"color: #5caad2;\">Module Schedule!</span>','Hi Mam/Sir, <strong>IPC Administration</strong> has been created a new schedule for a module viewing. <br>\r\n                    Please click the button to navigate directly to your system.',NULL,NULL,NULL,'2019-03-06 07:32:35','2019-03-06 07:32:35'),
(2326,'creation','New Module Schedule','interface-notif@isuzuphil.com','Ybanez.ep@isuzumandaue.com','You have new <span style=\"color: #5caad2;\">Module Schedule!</span>','Hi Mam/Sir, <strong>IPC Administration</strong> has been created a new schedule for a module viewing. <br>\r\n                    Please click the button to navigate directly to your system.',NULL,NULL,NULL,'2019-03-06 07:32:35','2019-03-06 07:32:35'),
(2327,'creation','New Module Schedule','interface-notif@isuzuphil.com','eufemio.ybanez@yahoo.com','You have new <span style=\"color: #5caad2;\">Module Schedule!</span>','Hi Mam/Sir, <strong>IPC Administration</strong> has been created a new schedule for a module viewing. <br>\r\n                    Please click the button to navigate directly to your system.',NULL,NULL,NULL,'2019-03-06 07:32:35','2019-03-06 07:32:35'),
(2328,'creation','New Module Schedule','interface-notif@isuzuphil.com','Descallar.ra@isuzumandaue.com','You have new <span style=\"color: #5caad2;\">Module Schedule!</span>','Hi Mam/Sir, <strong>IPC Administration</strong> has been created a new schedule for a module viewing. <br>\r\n                    Please click the button to navigate directly to your system.',NULL,NULL,NULL,'2019-03-06 07:32:35','2019-03-06 07:32:35'),
(2329,'creation','New Module Schedule','interface-notif@isuzuphil.com','jerlius@yahoo.com','You have new <span style=\"color: #5caad2;\">Module Schedule!</span>','Hi Mam/Sir, <strong>IPC Administration</strong> has been created a new schedule for a module viewing. <br>\r\n                    Please click the button to navigate directly to your system.',NULL,NULL,NULL,'2019-03-06 07:32:35','2019-03-06 07:32:35'),
(2330,'creation','New Module Schedule','interface-notif@isuzuphil.com','arwynnsanhi@bmdmotors.com','You have new <span style=\"color: #5caad2;\">Module Schedule!</span>','Hi Mam/Sir, <strong>IPC Administration</strong> has been created a new schedule for a module viewing. <br>\r\n                    Please click the button to navigate directly to your system.',NULL,NULL,NULL,'2019-03-06 07:32:35','2019-03-06 07:32:35'),
(2331,'creation','New Module Schedule','interface-notif@isuzuphil.com','bobbypaltao@yahoo.com','You have new <span style=\"color: #5caad2;\">Module Schedule!</span>','Hi Mam/Sir, <strong>IPC Administration</strong> has been created a new schedule for a module viewing. <br>\r\n                    Please click the button to navigate directly to your system.',NULL,NULL,NULL,'2019-03-06 07:32:35','2019-03-06 07:32:35'),
(2332,'creation','New Module Schedule','interface-notif@isuzuphil.com','rsdimas_service@yahoo.com','You have new <span style=\"color: #5caad2;\">Module Schedule!</span>','Hi Mam/Sir, <strong>IPC Administration</strong> has been created a new schedule for a module viewing. <br>\r\n                    Please click the button to navigate directly to your system.',NULL,NULL,NULL,'2019-03-06 07:32:35','2019-03-06 07:32:35'),
(2333,'creation','New Module Schedule','interface-notif@isuzuphil.com','ramiemonterola@yahoo.com','You have new <span style=\"color: #5caad2;\">Module Schedule!</span>','Hi Mam/Sir, <strong>IPC Administration</strong> has been created a new schedule for a module viewing. <br>\r\n                    Please click the button to navigate directly to your system.',NULL,NULL,NULL,'2019-03-06 07:32:35','2019-03-06 07:32:35'),
(2334,'creation','New Module Schedule','interface-notif@isuzuphil.com','ahsibulo@isuzucommonwealth.com','You have new <span style=\"color: #5caad2;\">Module Schedule!</span>','Hi Mam/Sir, <strong>IPC Administration</strong> has been created a new schedule for a module viewing. <br>\r\n                    Please click the button to navigate directly to your system.',NULL,NULL,NULL,'2019-03-06 07:32:35','2019-03-06 07:32:35'),
(2335,'creation','New Module Schedule','interface-notif@isuzuphil.com','mghufemia@isuzumanila.com','You have new <span style=\"color: #5caad2;\">Module Schedule!</span>','Hi Mam/Sir, <strong>IPC Administration</strong> has been created a new schedule for a module viewing. <br>\r\n                    Please click the button to navigate directly to your system.',NULL,NULL,NULL,'2019-03-06 07:32:35','2019-03-06 07:32:35'),
(2336,'creation','New Module Schedule','interface-notif@isuzuphil.com','mg_manuel5462@yahoo.com','You have new <span style=\"color: #5caad2;\">Module Schedule!</span>','Hi Mam/Sir, <strong>IPC Administration</strong> has been created a new schedule for a module viewing. <br>\r\n                    Please click the button to navigate directly to your system.',NULL,NULL,NULL,'2019-03-06 07:32:35','2019-03-06 07:32:35'),
(2337,'creation','New Module Schedule','interface-notif@isuzuphil.com','oqparungao@yahoo.com.ph','You have new <span style=\"color: #5caad2;\">Module Schedule!</span>','Hi Mam/Sir, <strong>IPC Administration</strong> has been created a new schedule for a module viewing. <br>\r\n                    Please click the button to navigate directly to your system.',NULL,NULL,NULL,'2019-03-06 07:32:35','2019-03-06 07:32:35'),
(2338,'creation','New Module Schedule','interface-notif@isuzuphil.com','manuelboycastro@yahoo.com','You have new <span style=\"color: #5caad2;\">Module Schedule!</span>','Hi Mam/Sir, <strong>IPC Administration</strong> has been created a new schedule for a module viewing. <br>\r\n                    Please click the button to navigate directly to your system.',NULL,NULL,NULL,'2019-03-06 07:32:35','2019-03-06 07:32:35'),
(2339,'creation','New Module Schedule','interface-notif@isuzuphil.com','busime.isuzubacolod@gmail.com','You have new <span style=\"color: #5caad2;\">Module Schedule!</span>','Hi Mam/Sir, <strong>IPC Administration</strong> has been created a new schedule for a module viewing. <br>\r\n                    Please click the button to navigate directly to your system.',NULL,NULL,NULL,'2019-03-06 07:32:35','2019-03-06 07:32:35'),
(2340,'creation','New Module Schedule','interface-notif@isuzuphil.com','dedaleleazar@yahoo.com','You have new <span style=\"color: #5caad2;\">Module Schedule!</span>','Hi Mam/Sir, <strong>IPC Administration</strong> has been created a new schedule for a module viewing. <br>\r\n                    Please click the button to navigate directly to your system.',NULL,NULL,NULL,'2019-03-06 07:32:35','2019-03-06 07:32:35'),
(2341,'creation','New Module Schedule','interface-notif@isuzuphil.com','pasion.rd@isuzutaytay.com','You have new <span style=\"color: #5caad2;\">Module Schedule!</span>','Hi Mam/Sir, <strong>IPC Administration</strong> has been created a new schedule for a module viewing. <br>\r\n                    Please click the button to navigate directly to your system.',NULL,NULL,NULL,'2019-03-06 07:32:35','2019-03-06 07:32:35'),
(2342,'creation','New Module Schedule','interface-notif@isuzuphil.com','cenon_liwanag@yahoo.com','You have new <span style=\"color: #5caad2;\">Module Schedule!</span>','Hi Mam/Sir, <strong>IPC Administration</strong> has been created a new schedule for a module viewing. <br>\r\n                    Please click the button to navigate directly to your system.',NULL,NULL,NULL,'2019-03-06 07:32:35','2019-03-06 07:32:35'),
(2343,'creation','New Module Schedule','interface-notif@isuzuphil.com','richardgime10@gmail.com','You have new <span style=\"color: #5caad2;\">Module Schedule!</span>','Hi Mam/Sir, <strong>IPC Administration</strong> has been created a new schedule for a module viewing. <br>\r\n                    Please click the button to navigate directly to your system.',NULL,NULL,NULL,'2019-03-06 07:32:35','2019-03-06 07:32:35'),
(2344,'creation','New Module Schedule','interface-notif@isuzuphil.com','glennsanjuan20@yahoo.com','You have new <span style=\"color: #5caad2;\">Module Schedule!</span>','Hi Mam/Sir, <strong>IPC Administration</strong> has been created a new schedule for a module viewing. <br>\r\n                    Please click the button to navigate directly to your system.',NULL,NULL,NULL,'2019-03-06 07:32:35','2019-03-06 07:32:35'),
(2345,'creation','New Module Schedule','interface-notif@isuzuphil.com','jerry.monleon1966@gmail.com','You have new <span style=\"color: #5caad2;\">Module Schedule!</span>','Hi Mam/Sir, <strong>IPC Administration</strong> has been created a new schedule for a module viewing. <br>\r\n                    Please click the button to navigate directly to your system.',NULL,NULL,NULL,'2019-03-06 07:32:35','2019-03-06 07:32:35'),
(2346,'creation','New Module Schedule','interface-notif@isuzuphil.com','susanreyes_isuzugencars@yahoo.com','You have new <span style=\"color: #5caad2;\">Module Schedule!</span>','Hi Mam/Sir, <strong>IPC Administration</strong> has been created a new schedule for a module viewing. <br>\r\n                    Please click the button to navigate directly to your system.',NULL,NULL,NULL,'2019-03-06 07:32:35','2019-03-06 07:32:35'),
(2347,'creation','New Module Schedule','interface-notif@isuzuphil.com','memmayor@yahoo.com','You have new <span style=\"color: #5caad2;\">Module Schedule!</span>','Hi Mam/Sir, <strong>IPC Administration</strong> has been created a new schedule for a module viewing. <br>\r\n                    Please click the button to navigate directly to your system.',NULL,NULL,NULL,'2019-03-06 07:32:35','2019-03-06 07:32:35'),
(2348,'creation','New Module Schedule','interface-notif@isuzuphil.com','bobby.paltao@yahoo.com','You have new <span style=\"color: #5caad2;\">Module Schedule!</span>','Hi Mam/Sir, <strong>IPC Administration</strong> has been created a new schedule for a module viewing. <br>\r\n                    Please click the button to navigate directly to your system.',NULL,NULL,NULL,'2019-03-06 07:32:35','2019-03-06 07:32:35'),
(2349,'creation','New Module Schedule','interface-notif@isuzuphil.com','resty.miranda16@yahoo.com','You have new <span style=\"color: #5caad2;\">Module Schedule!</span>','Hi Mam/Sir, <strong>IPC Administration</strong> has been created a new schedule for a module viewing. <br>\r\n                    Please click the button to navigate directly to your system.',NULL,NULL,NULL,'2019-03-06 07:32:35','2019-03-06 07:32:35'),
(2350,'creation','New Module Schedule','interface-notif@isuzuphil.com','wenceslao.cammayo@yahoo.com','You have new <span style=\"color: #5caad2;\">Module Schedule!</span>','Hi Mam/Sir, <strong>IPC Administration</strong> has been created a new schedule for a module viewing. <br>\r\n                    Please click the button to navigate directly to your system.',NULL,NULL,NULL,'2019-03-06 07:32:35','2019-03-06 07:32:35'),
(2351,'creation','New Module Schedule','interface-notif@isuzuphil.com','adello.sibuloisuzugreenhills@yahoo.com','You have new <span style=\"color: #5caad2;\">Module Schedule!</span>','Hi Mam/Sir, <strong>IPC Administration</strong> has been created a new schedule for a module viewing. <br>\r\n                    Please click the button to navigate directly to your system.',NULL,NULL,NULL,'2019-03-06 07:32:35','2019-03-06 07:32:35'),
(2352,'creation','New Module Schedule','interface-notif@isuzuphil.com','isuzugensan@yahoo.com','You have new <span style=\"color: #5caad2;\">Module Schedule!</span>','Hi Mam/Sir, <strong>IPC Administration</strong> has been created a new schedule for a module viewing. <br>\r\n                    Please click the button to navigate directly to your system.',NULL,NULL,NULL,'2019-03-06 07:32:35','2019-03-06 07:32:35'),
(2353,'creation','New Module Schedule','interface-notif@isuzuphil.com','isuzubtn@gmail.com','You have new <span style=\"color: #5caad2;\">Module Schedule!</span>','Hi Mam/Sir, <strong>IPC Administration</strong> has been created a new schedule for a module viewing. <br>\r\n                    Please click the button to navigate directly to your system.',NULL,NULL,NULL,'2019-03-06 07:32:35','2019-03-06 07:32:35'),
(2354,'creation','New Module Schedule','interface-notif@isuzuphil.com','michael.hufemiaisuzuleyte@yahoo.com','You have new <span style=\"color: #5caad2;\">Module Schedule!</span>','Hi Mam/Sir, <strong>IPC Administration</strong> has been created a new schedule for a module viewing. <br>\r\n                    Please click the button to navigate directly to your system.',NULL,NULL,NULL,'2019-03-06 07:32:35','2019-03-06 07:32:35'),
(2355,'creation','New Module Schedule','interface-notif@isuzuphil.com','izu_zambo@yahoo.com','You have new <span style=\"color: #5caad2;\">Module Schedule!</span>','Hi Mam/Sir, <strong>IPC Administration</strong> has been created a new schedule for a module viewing. <br>\r\n                    Please click the button to navigate directly to your system.',NULL,NULL,NULL,'2019-03-06 07:32:35','2019-03-06 07:32:35'),
(2356,'creation','New Module Schedule','interface-notif@isuzuphil.com','isuzudipolog@yahoo.com','You have new <span style=\"color: #5caad2;\">Module Schedule!</span>','Hi Mam/Sir, <strong>IPC Administration</strong> has been created a new schedule for a module viewing. <br>\r\n                    Please click the button to navigate directly to your system.',NULL,NULL,NULL,'2019-03-06 07:32:35','2019-03-06 07:32:35'),
(2357,'creation','New Module Schedule','interface-notif@isuzuphil.com','cheryll_decena@yahoo.com','You have new <span style=\"color: #5caad2;\">Module Schedule!</span>','Hi Mam/Sir, <strong>IPC Administration</strong> has been created a new schedule for a module viewing. <br>\r\n                    Please click the button to navigate directly to your system.',NULL,NULL,NULL,'2019-03-06 07:32:35','2019-03-06 07:32:35'),
(2358,'creation','New Module Schedule','interface-notif@isuzuphil.com','isuzudumaguete@hotmail.com','You have new <span style=\"color: #5caad2;\">Module Schedule!</span>','Hi Mam/Sir, <strong>IPC Administration</strong> has been created a new schedule for a module viewing. <br>\r\n                    Please click the button to navigate directly to your system.',NULL,NULL,NULL,'2019-03-06 07:32:35','2019-03-06 07:32:35'),
(2359,'creation','New Module Schedule','interface-notif@isuzuphil.com','abrille@gmail.com','You have new <span style=\"color: #5caad2;\">Module Schedule!</span>','Hi Mam/Sir, <strong>IPC Administration</strong> has been created a new schedule for a module viewing. <br>\r\n                    Please click the button to navigate directly to your system.',NULL,NULL,NULL,'2019-03-06 07:32:35','2019-03-06 07:32:35'),
(2360,'creation','New Module Schedule','interface-notif@isuzuphil.com','isuzupagbilaoservice.main@gmail.com','You have new <span style=\"color: #5caad2;\">Module Schedule!</span>','Hi Mam/Sir, <strong>IPC Administration</strong> has been created a new schedule for a module viewing. <br>\r\n                    Please click the button to navigate directly to your system.',NULL,NULL,NULL,'2019-03-06 07:32:35','2019-03-06 07:32:35'),
(2361,'creation','New Module Schedule','interface-notif@isuzuphil.com','wenceslaocammayo@yahoo.com','You have new <span style=\"color: #5caad2;\">Module Schedule!</span>','Hi Mam/Sir, <strong>IPC Administration</strong> has been created a new schedule for a module viewing. <br>\r\n                    Please click the button to navigate directly to your system.',NULL,NULL,NULL,'2019-03-06 07:32:35','2019-03-06 07:32:35'),
(2362,'creation','New Module Schedule','interface-notif@isuzuphil.com','batan.gv@isuzualabang.com','You have new <span style=\"color: #5caad2;\">Module Schedule!</span>','Hi Mam/Sir, <strong>IPC Administration</strong> has been created a new schedule for a module viewing. <br>\r\n                    Please click the button to navigate directly to your system.',NULL,NULL,NULL,'2019-03-06 07:33:17','2019-03-06 07:33:17'),
(2363,'creation','New Module Schedule','interface-notif@isuzuphil.com','armanmbulahan@gmail.com','You have new <span style=\"color: #5caad2;\">Module Schedule!</span>','Hi Mam/Sir, <strong>IPC Administration</strong> has been created a new schedule for a module viewing. <br>\r\n                    Please click the button to navigate directly to your system.',NULL,NULL,NULL,'2019-03-06 07:33:17','2019-03-06 07:33:17'),
(2364,'creation','New Module Schedule','interface-notif@isuzuphil.com','jacintocasio@yahoo.com','You have new <span style=\"color: #5caad2;\">Module Schedule!</span>','Hi Mam/Sir, <strong>IPC Administration</strong> has been created a new schedule for a module viewing. <br>\r\n                    Please click the button to navigate directly to your system.',NULL,NULL,NULL,'2019-03-06 07:33:17','2019-03-06 07:33:17'),
(2365,'creation','New Module Schedule','interface-notif@isuzuphil.com','gamboarn@yahoo.com','You have new <span style=\"color: #5caad2;\">Module Schedule!</span>','Hi Mam/Sir, <strong>IPC Administration</strong> has been created a new schedule for a module viewing. <br>\r\n                    Please click the button to navigate directly to your system.',NULL,NULL,NULL,'2019-03-06 07:33:17','2019-03-06 07:33:17'),
(2366,'creation','New Module Schedule','interface-notif@isuzuphil.com','leomabonga10@gmail.com','You have new <span style=\"color: #5caad2;\">Module Schedule!</span>','Hi Mam/Sir, <strong>IPC Administration</strong> has been created a new schedule for a module viewing. <br>\r\n                    Please click the button to navigate directly to your system.',NULL,NULL,NULL,'2019-03-06 07:33:17','2019-03-06 07:33:17'),
(2367,'creation','New Module Schedule','interface-notif@isuzuphil.com','jd_molo@yahoo.com','You have new <span style=\"color: #5caad2;\">Module Schedule!</span>','Hi Mam/Sir, <strong>IPC Administration</strong> has been created a new schedule for a module viewing. <br>\r\n                    Please click the button to navigate directly to your system.',NULL,NULL,NULL,'2019-03-06 07:33:17','2019-03-06 07:33:17'),
(2368,'creation','New Module Schedule','interface-notif@isuzuphil.com','jerry.monleon1966@isuzumandaue.com','You have new <span style=\"color: #5caad2;\">Module Schedule!</span>','Hi Mam/Sir, <strong>IPC Administration</strong> has been created a new schedule for a module viewing. <br>\r\n                    Please click the button to navigate directly to your system.',NULL,NULL,NULL,'2019-03-06 07:33:17','2019-03-06 07:33:17'),
(2369,'creation','New Module Schedule','interface-notif@isuzuphil.com','rodelas.eo@isuzupasig.com','You have new <span style=\"color: #5caad2;\">Module Schedule!</span>','Hi Mam/Sir, <strong>IPC Administration</strong> has been created a new schedule for a module viewing. <br>\r\n                    Please click the button to navigate directly to your system.',NULL,NULL,NULL,'2019-03-06 07:33:17','2019-03-06 07:33:17'),
(2370,'creation','New Module Schedule','interface-notif@isuzuphil.com','jham0501@gmail.com','You have new <span style=\"color: #5caad2;\">Module Schedule!</span>','Hi Mam/Sir, <strong>IPC Administration</strong> has been created a new schedule for a module viewing. <br>\r\n                    Please click the button to navigate directly to your system.',NULL,NULL,NULL,'2019-03-06 07:33:17','2019-03-06 07:33:17'),
(2371,'creation','New Module Schedule','interface-notif@isuzuphil.com','maming.da@isuzupasig.com','You have new <span style=\"color: #5caad2;\">Module Schedule!</span>','Hi Mam/Sir, <strong>IPC Administration</strong> has been created a new schedule for a module viewing. <br>\r\n                    Please click the button to navigate directly to your system.',NULL,NULL,NULL,'2019-03-06 07:33:17','2019-03-06 07:33:17'),
(2372,'creation','New Module Schedule','interface-notif@isuzuphil.com','bellosillo.gb@isuzurizal.com','You have new <span style=\"color: #5caad2;\">Module Schedule!</span>','Hi Mam/Sir, <strong>IPC Administration</strong> has been created a new schedule for a module viewing. <br>\r\n                    Please click the button to navigate directly to your system.',NULL,NULL,NULL,'2019-03-06 07:33:17','2019-03-06 07:33:17'),
(2373,'creation','New Module Schedule','interface-notif@isuzuphil.com','duquiatan.as@isuzucavite.com','You have new <span style=\"color: #5caad2;\">Module Schedule!</span>','Hi Mam/Sir, <strong>IPC Administration</strong> has been created a new schedule for a module viewing. <br>\r\n                    Please click the button to navigate directly to your system.',NULL,NULL,NULL,'2019-03-06 07:33:17','2019-03-06 07:33:17'),
(2374,'creation','New Module Schedule','interface-notif@isuzuphil.com','laqui.dm@isuzucavite.com','You have new <span style=\"color: #5caad2;\">Module Schedule!</span>','Hi Mam/Sir, <strong>IPC Administration</strong> has been created a new schedule for a module viewing. <br>\r\n                    Please click the button to navigate directly to your system.',NULL,NULL,NULL,'2019-03-06 07:33:17','2019-03-06 07:33:17'),
(2375,'creation','New Module Schedule','interface-notif@isuzuphil.com','tinoy.gg@isuzuiloilo.com','You have new <span style=\"color: #5caad2;\">Module Schedule!</span>','Hi Mam/Sir, <strong>IPC Administration</strong> has been created a new schedule for a module viewing. <br>\r\n                    Please click the button to navigate directly to your system.',NULL,NULL,NULL,'2019-03-06 07:33:17','2019-03-06 07:33:17'),
(2376,'creation','New Module Schedule','interface-notif@isuzuphil.com','Ybanez.ep@isuzumandaue.com','You have new <span style=\"color: #5caad2;\">Module Schedule!</span>','Hi Mam/Sir, <strong>IPC Administration</strong> has been created a new schedule for a module viewing. <br>\r\n                    Please click the button to navigate directly to your system.',NULL,NULL,NULL,'2019-03-06 07:33:17','2019-03-06 07:33:17'),
(2377,'creation','New Module Schedule','interface-notif@isuzuphil.com','eufemio.ybanez@yahoo.com','You have new <span style=\"color: #5caad2;\">Module Schedule!</span>','Hi Mam/Sir, <strong>IPC Administration</strong> has been created a new schedule for a module viewing. <br>\r\n                    Please click the button to navigate directly to your system.',NULL,NULL,NULL,'2019-03-06 07:33:17','2019-03-06 07:33:17'),
(2378,'creation','New Module Schedule','interface-notif@isuzuphil.com','Descallar.ra@isuzumandaue.com','You have new <span style=\"color: #5caad2;\">Module Schedule!</span>','Hi Mam/Sir, <strong>IPC Administration</strong> has been created a new schedule for a module viewing. <br>\r\n                    Please click the button to navigate directly to your system.',NULL,NULL,NULL,'2019-03-06 07:33:17','2019-03-06 07:33:17'),
(2379,'creation','New Module Schedule','interface-notif@isuzuphil.com','jerlius@yahoo.com','You have new <span style=\"color: #5caad2;\">Module Schedule!</span>','Hi Mam/Sir, <strong>IPC Administration</strong> has been created a new schedule for a module viewing. <br>\r\n                    Please click the button to navigate directly to your system.',NULL,NULL,NULL,'2019-03-06 07:33:17','2019-03-06 07:33:17'),
(2380,'creation','New Module Schedule','interface-notif@isuzuphil.com','arwynnsanhi@bmdmotors.com','You have new <span style=\"color: #5caad2;\">Module Schedule!</span>','Hi Mam/Sir, <strong>IPC Administration</strong> has been created a new schedule for a module viewing. <br>\r\n                    Please click the button to navigate directly to your system.',NULL,NULL,NULL,'2019-03-06 07:33:17','2019-03-06 07:33:17'),
(2381,'creation','New Module Schedule','interface-notif@isuzuphil.com','bobbypaltao@yahoo.com','You have new <span style=\"color: #5caad2;\">Module Schedule!</span>','Hi Mam/Sir, <strong>IPC Administration</strong> has been created a new schedule for a module viewing. <br>\r\n                    Please click the button to navigate directly to your system.',NULL,NULL,NULL,'2019-03-06 07:33:17','2019-03-06 07:33:17'),
(2382,'creation','New Module Schedule','interface-notif@isuzuphil.com','rsdimas_service@yahoo.com','You have new <span style=\"color: #5caad2;\">Module Schedule!</span>','Hi Mam/Sir, <strong>IPC Administration</strong> has been created a new schedule for a module viewing. <br>\r\n                    Please click the button to navigate directly to your system.',NULL,NULL,NULL,'2019-03-06 07:33:17','2019-03-06 07:33:17'),
(2383,'creation','New Module Schedule','interface-notif@isuzuphil.com','ramiemonterola@yahoo.com','You have new <span style=\"color: #5caad2;\">Module Schedule!</span>','Hi Mam/Sir, <strong>IPC Administration</strong> has been created a new schedule for a module viewing. <br>\r\n                    Please click the button to navigate directly to your system.',NULL,NULL,NULL,'2019-03-06 07:33:17','2019-03-06 07:33:17'),
(2384,'creation','New Module Schedule','interface-notif@isuzuphil.com','ahsibulo@isuzucommonwealth.com','You have new <span style=\"color: #5caad2;\">Module Schedule!</span>','Hi Mam/Sir, <strong>IPC Administration</strong> has been created a new schedule for a module viewing. <br>\r\n                    Please click the button to navigate directly to your system.',NULL,NULL,NULL,'2019-03-06 07:33:17','2019-03-06 07:33:17'),
(2385,'creation','New Module Schedule','interface-notif@isuzuphil.com','mghufemia@isuzumanila.com','You have new <span style=\"color: #5caad2;\">Module Schedule!</span>','Hi Mam/Sir, <strong>IPC Administration</strong> has been created a new schedule for a module viewing. <br>\r\n                    Please click the button to navigate directly to your system.',NULL,NULL,NULL,'2019-03-06 07:33:17','2019-03-06 07:33:17'),
(2386,'creation','New Module Schedule','interface-notif@isuzuphil.com','mg_manuel5462@yahoo.com','You have new <span style=\"color: #5caad2;\">Module Schedule!</span>','Hi Mam/Sir, <strong>IPC Administration</strong> has been created a new schedule for a module viewing. <br>\r\n                    Please click the button to navigate directly to your system.',NULL,NULL,NULL,'2019-03-06 07:33:17','2019-03-06 07:33:17'),
(2387,'creation','New Module Schedule','interface-notif@isuzuphil.com','oqparungao@yahoo.com.ph','You have new <span style=\"color: #5caad2;\">Module Schedule!</span>','Hi Mam/Sir, <strong>IPC Administration</strong> has been created a new schedule for a module viewing. <br>\r\n                    Please click the button to navigate directly to your system.',NULL,NULL,NULL,'2019-03-06 07:33:17','2019-03-06 07:33:17'),
(2388,'creation','New Module Schedule','interface-notif@isuzuphil.com','manuelboycastro@yahoo.com','You have new <span style=\"color: #5caad2;\">Module Schedule!</span>','Hi Mam/Sir, <strong>IPC Administration</strong> has been created a new schedule for a module viewing. <br>\r\n                    Please click the button to navigate directly to your system.',NULL,NULL,NULL,'2019-03-06 07:33:17','2019-03-06 07:33:17'),
(2389,'creation','New Module Schedule','interface-notif@isuzuphil.com','busime.isuzubacolod@gmail.com','You have new <span style=\"color: #5caad2;\">Module Schedule!</span>','Hi Mam/Sir, <strong>IPC Administration</strong> has been created a new schedule for a module viewing. <br>\r\n                    Please click the button to navigate directly to your system.',NULL,NULL,NULL,'2019-03-06 07:33:17','2019-03-06 07:33:17'),
(2390,'creation','New Module Schedule','interface-notif@isuzuphil.com','dedaleleazar@yahoo.com','You have new <span style=\"color: #5caad2;\">Module Schedule!</span>','Hi Mam/Sir, <strong>IPC Administration</strong> has been created a new schedule for a module viewing. <br>\r\n                    Please click the button to navigate directly to your system.',NULL,NULL,NULL,'2019-03-06 07:33:17','2019-03-06 07:33:17'),
(2391,'creation','New Module Schedule','interface-notif@isuzuphil.com','pasion.rd@isuzutaytay.com','You have new <span style=\"color: #5caad2;\">Module Schedule!</span>','Hi Mam/Sir, <strong>IPC Administration</strong> has been created a new schedule for a module viewing. <br>\r\n                    Please click the button to navigate directly to your system.',NULL,NULL,NULL,'2019-03-06 07:33:17','2019-03-06 07:33:17'),
(2392,'creation','New Module Schedule','interface-notif@isuzuphil.com','cenon_liwanag@yahoo.com','You have new <span style=\"color: #5caad2;\">Module Schedule!</span>','Hi Mam/Sir, <strong>IPC Administration</strong> has been created a new schedule for a module viewing. <br>\r\n                    Please click the button to navigate directly to your system.',NULL,NULL,NULL,'2019-03-06 07:33:17','2019-03-06 07:33:17'),
(2393,'creation','New Module Schedule','interface-notif@isuzuphil.com','richardgime10@gmail.com','You have new <span style=\"color: #5caad2;\">Module Schedule!</span>','Hi Mam/Sir, <strong>IPC Administration</strong> has been created a new schedule for a module viewing. <br>\r\n                    Please click the button to navigate directly to your system.',NULL,NULL,NULL,'2019-03-06 07:33:17','2019-03-06 07:33:17'),
(2394,'creation','New Module Schedule','interface-notif@isuzuphil.com','glennsanjuan20@yahoo.com','You have new <span style=\"color: #5caad2;\">Module Schedule!</span>','Hi Mam/Sir, <strong>IPC Administration</strong> has been created a new schedule for a module viewing. <br>\r\n                    Please click the button to navigate directly to your system.',NULL,NULL,NULL,'2019-03-06 07:33:17','2019-03-06 07:33:17'),
(2395,'creation','New Module Schedule','interface-notif@isuzuphil.com','jerry.monleon1966@gmail.com','You have new <span style=\"color: #5caad2;\">Module Schedule!</span>','Hi Mam/Sir, <strong>IPC Administration</strong> has been created a new schedule for a module viewing. <br>\r\n                    Please click the button to navigate directly to your system.',NULL,NULL,NULL,'2019-03-06 07:33:17','2019-03-06 07:33:17'),
(2396,'creation','New Module Schedule','interface-notif@isuzuphil.com','susanreyes_isuzugencars@yahoo.com','You have new <span style=\"color: #5caad2;\">Module Schedule!</span>','Hi Mam/Sir, <strong>IPC Administration</strong> has been created a new schedule for a module viewing. <br>\r\n                    Please click the button to navigate directly to your system.',NULL,NULL,NULL,'2019-03-06 07:33:17','2019-03-06 07:33:17'),
(2397,'creation','New Module Schedule','interface-notif@isuzuphil.com','memmayor@yahoo.com','You have new <span style=\"color: #5caad2;\">Module Schedule!</span>','Hi Mam/Sir, <strong>IPC Administration</strong> has been created a new schedule for a module viewing. <br>\r\n                    Please click the button to navigate directly to your system.',NULL,NULL,NULL,'2019-03-06 07:33:17','2019-03-06 07:33:17'),
(2398,'creation','New Module Schedule','interface-notif@isuzuphil.com','bobby.paltao@yahoo.com','You have new <span style=\"color: #5caad2;\">Module Schedule!</span>','Hi Mam/Sir, <strong>IPC Administration</strong> has been created a new schedule for a module viewing. <br>\r\n                    Please click the button to navigate directly to your system.',NULL,NULL,NULL,'2019-03-06 07:33:17','2019-03-06 07:33:17'),
(2399,'creation','New Module Schedule','interface-notif@isuzuphil.com','resty.miranda16@yahoo.com','You have new <span style=\"color: #5caad2;\">Module Schedule!</span>','Hi Mam/Sir, <strong>IPC Administration</strong> has been created a new schedule for a module viewing. <br>\r\n                    Please click the button to navigate directly to your system.',NULL,NULL,NULL,'2019-03-06 07:33:17','2019-03-06 07:33:17'),
(2400,'creation','New Module Schedule','interface-notif@isuzuphil.com','wenceslao.cammayo@yahoo.com','You have new <span style=\"color: #5caad2;\">Module Schedule!</span>','Hi Mam/Sir, <strong>IPC Administration</strong> has been created a new schedule for a module viewing. <br>\r\n                    Please click the button to navigate directly to your system.',NULL,NULL,NULL,'2019-03-06 07:33:17','2019-03-06 07:33:17'),
(2401,'creation','New Module Schedule','interface-notif@isuzuphil.com','adello.sibuloisuzugreenhills@yahoo.com','You have new <span style=\"color: #5caad2;\">Module Schedule!</span>','Hi Mam/Sir, <strong>IPC Administration</strong> has been created a new schedule for a module viewing. <br>\r\n                    Please click the button to navigate directly to your system.',NULL,NULL,NULL,'2019-03-06 07:33:17','2019-03-06 07:33:17'),
(2402,'creation','New Module Schedule','interface-notif@isuzuphil.com','isuzugensan@yahoo.com','You have new <span style=\"color: #5caad2;\">Module Schedule!</span>','Hi Mam/Sir, <strong>IPC Administration</strong> has been created a new schedule for a module viewing. <br>\r\n                    Please click the button to navigate directly to your system.',NULL,NULL,NULL,'2019-03-06 07:33:17','2019-03-06 07:33:17'),
(2403,'creation','New Module Schedule','interface-notif@isuzuphil.com','isuzubtn@gmail.com','You have new <span style=\"color: #5caad2;\">Module Schedule!</span>','Hi Mam/Sir, <strong>IPC Administration</strong> has been created a new schedule for a module viewing. <br>\r\n                    Please click the button to navigate directly to your system.',NULL,NULL,NULL,'2019-03-06 07:33:17','2019-03-06 07:33:17'),
(2404,'creation','New Module Schedule','interface-notif@isuzuphil.com','michael.hufemiaisuzuleyte@yahoo.com','You have new <span style=\"color: #5caad2;\">Module Schedule!</span>','Hi Mam/Sir, <strong>IPC Administration</strong> has been created a new schedule for a module viewing. <br>\r\n                    Please click the button to navigate directly to your system.',NULL,NULL,NULL,'2019-03-06 07:33:17','2019-03-06 07:33:17'),
(2405,'creation','New Module Schedule','interface-notif@isuzuphil.com','izu_zambo@yahoo.com','You have new <span style=\"color: #5caad2;\">Module Schedule!</span>','Hi Mam/Sir, <strong>IPC Administration</strong> has been created a new schedule for a module viewing. <br>\r\n                    Please click the button to navigate directly to your system.',NULL,NULL,NULL,'2019-03-06 07:33:17','2019-03-06 07:33:17'),
(2406,'creation','New Module Schedule','interface-notif@isuzuphil.com','isuzudipolog@yahoo.com','You have new <span style=\"color: #5caad2;\">Module Schedule!</span>','Hi Mam/Sir, <strong>IPC Administration</strong> has been created a new schedule for a module viewing. <br>\r\n                    Please click the button to navigate directly to your system.',NULL,NULL,NULL,'2019-03-06 07:33:17','2019-03-06 07:33:17'),
(2407,'creation','New Module Schedule','interface-notif@isuzuphil.com','cheryll_decena@yahoo.com','You have new <span style=\"color: #5caad2;\">Module Schedule!</span>','Hi Mam/Sir, <strong>IPC Administration</strong> has been created a new schedule for a module viewing. <br>\r\n                    Please click the button to navigate directly to your system.',NULL,NULL,NULL,'2019-03-06 07:33:17','2019-03-06 07:33:17'),
(2408,'creation','New Module Schedule','interface-notif@isuzuphil.com','isuzudumaguete@hotmail.com','You have new <span style=\"color: #5caad2;\">Module Schedule!</span>','Hi Mam/Sir, <strong>IPC Administration</strong> has been created a new schedule for a module viewing. <br>\r\n                    Please click the button to navigate directly to your system.',NULL,NULL,NULL,'2019-03-06 07:33:17','2019-03-06 07:33:17'),
(2409,'creation','New Module Schedule','interface-notif@isuzuphil.com','abrille@gmail.com','You have new <span style=\"color: #5caad2;\">Module Schedule!</span>','Hi Mam/Sir, <strong>IPC Administration</strong> has been created a new schedule for a module viewing. <br>\r\n                    Please click the button to navigate directly to your system.',NULL,NULL,NULL,'2019-03-06 07:33:17','2019-03-06 07:33:17'),
(2410,'creation','New Module Schedule','interface-notif@isuzuphil.com','isuzupagbilaoservice.main@gmail.com','You have new <span style=\"color: #5caad2;\">Module Schedule!</span>','Hi Mam/Sir, <strong>IPC Administration</strong> has been created a new schedule for a module viewing. <br>\r\n                    Please click the button to navigate directly to your system.',NULL,NULL,NULL,'2019-03-06 07:33:17','2019-03-06 07:33:17'),
(2411,'creation','New Module Schedule','interface-notif@isuzuphil.com','wenceslaocammayo@yahoo.com','You have new <span style=\"color: #5caad2;\">Module Schedule!</span>','Hi Mam/Sir, <strong>IPC Administration</strong> has been created a new schedule for a module viewing. <br>\r\n                    Please click the button to navigate directly to your system.',NULL,NULL,NULL,'2019-03-06 07:33:17','2019-03-06 07:33:17'),
(2412,'creation','New Module Schedule','interface-notif@isuzuphil.com','batan.gv@isuzualabang.com','You have new <span style=\"color: #5caad2;\">Module Schedule!</span>','Hi Mam/Sir, <strong>IPC Administration</strong> has been created a new schedule for a module viewing. <br>\r\n                    Please click the button to navigate directly to your system.',NULL,NULL,NULL,'2019-03-06 07:34:03','2019-03-06 07:34:03'),
(2413,'creation','New Module Schedule','interface-notif@isuzuphil.com','armanmbulahan@gmail.com','You have new <span style=\"color: #5caad2;\">Module Schedule!</span>','Hi Mam/Sir, <strong>IPC Administration</strong> has been created a new schedule for a module viewing. <br>\r\n                    Please click the button to navigate directly to your system.',NULL,NULL,NULL,'2019-03-06 07:34:03','2019-03-06 07:34:03'),
(2414,'creation','New Module Schedule','interface-notif@isuzuphil.com','jacintocasio@yahoo.com','You have new <span style=\"color: #5caad2;\">Module Schedule!</span>','Hi Mam/Sir, <strong>IPC Administration</strong> has been created a new schedule for a module viewing. <br>\r\n                    Please click the button to navigate directly to your system.',NULL,NULL,NULL,'2019-03-06 07:34:03','2019-03-06 07:34:03'),
(2415,'creation','New Module Schedule','interface-notif@isuzuphil.com','gamboarn@yahoo.com','You have new <span style=\"color: #5caad2;\">Module Schedule!</span>','Hi Mam/Sir, <strong>IPC Administration</strong> has been created a new schedule for a module viewing. <br>\r\n                    Please click the button to navigate directly to your system.',NULL,NULL,NULL,'2019-03-06 07:34:03','2019-03-06 07:34:03'),
(2416,'creation','New Module Schedule','interface-notif@isuzuphil.com','leomabonga10@gmail.com','You have new <span style=\"color: #5caad2;\">Module Schedule!</span>','Hi Mam/Sir, <strong>IPC Administration</strong> has been created a new schedule for a module viewing. <br>\r\n                    Please click the button to navigate directly to your system.',NULL,NULL,NULL,'2019-03-06 07:34:03','2019-03-06 07:34:03'),
(2417,'creation','New Module Schedule','interface-notif@isuzuphil.com','jd_molo@yahoo.com','You have new <span style=\"color: #5caad2;\">Module Schedule!</span>','Hi Mam/Sir, <strong>IPC Administration</strong> has been created a new schedule for a module viewing. <br>\r\n                    Please click the button to navigate directly to your system.',NULL,NULL,NULL,'2019-03-06 07:34:03','2019-03-06 07:34:03'),
(2418,'creation','New Module Schedule','interface-notif@isuzuphil.com','jerry.monleon1966@isuzumandaue.com','You have new <span style=\"color: #5caad2;\">Module Schedule!</span>','Hi Mam/Sir, <strong>IPC Administration</strong> has been created a new schedule for a module viewing. <br>\r\n                    Please click the button to navigate directly to your system.',NULL,NULL,NULL,'2019-03-06 07:34:03','2019-03-06 07:34:03'),
(2419,'creation','New Module Schedule','interface-notif@isuzuphil.com','rodelas.eo@isuzupasig.com','You have new <span style=\"color: #5caad2;\">Module Schedule!</span>','Hi Mam/Sir, <strong>IPC Administration</strong> has been created a new schedule for a module viewing. <br>\r\n                    Please click the button to navigate directly to your system.',NULL,NULL,NULL,'2019-03-06 07:34:03','2019-03-06 07:34:03'),
(2420,'creation','New Module Schedule','interface-notif@isuzuphil.com','jham0501@gmail.com','You have new <span style=\"color: #5caad2;\">Module Schedule!</span>','Hi Mam/Sir, <strong>IPC Administration</strong> has been created a new schedule for a module viewing. <br>\r\n                    Please click the button to navigate directly to your system.',NULL,NULL,NULL,'2019-03-06 07:34:03','2019-03-06 07:34:03'),
(2421,'creation','New Module Schedule','interface-notif@isuzuphil.com','maming.da@isuzupasig.com','You have new <span style=\"color: #5caad2;\">Module Schedule!</span>','Hi Mam/Sir, <strong>IPC Administration</strong> has been created a new schedule for a module viewing. <br>\r\n                    Please click the button to navigate directly to your system.',NULL,NULL,NULL,'2019-03-06 07:34:03','2019-03-06 07:34:03'),
(2422,'creation','New Module Schedule','interface-notif@isuzuphil.com','bellosillo.gb@isuzurizal.com','You have new <span style=\"color: #5caad2;\">Module Schedule!</span>','Hi Mam/Sir, <strong>IPC Administration</strong> has been created a new schedule for a module viewing. <br>\r\n                    Please click the button to navigate directly to your system.',NULL,NULL,NULL,'2019-03-06 07:34:03','2019-03-06 07:34:03'),
(2423,'creation','New Module Schedule','interface-notif@isuzuphil.com','duquiatan.as@isuzucavite.com','You have new <span style=\"color: #5caad2;\">Module Schedule!</span>','Hi Mam/Sir, <strong>IPC Administration</strong> has been created a new schedule for a module viewing. <br>\r\n                    Please click the button to navigate directly to your system.',NULL,NULL,NULL,'2019-03-06 07:34:03','2019-03-06 07:34:03'),
(2424,'creation','New Module Schedule','interface-notif@isuzuphil.com','laqui.dm@isuzucavite.com','You have new <span style=\"color: #5caad2;\">Module Schedule!</span>','Hi Mam/Sir, <strong>IPC Administration</strong> has been created a new schedule for a module viewing. <br>\r\n                    Please click the button to navigate directly to your system.',NULL,NULL,NULL,'2019-03-06 07:34:03','2019-03-06 07:34:03'),
(2425,'creation','New Module Schedule','interface-notif@isuzuphil.com','tinoy.gg@isuzuiloilo.com','You have new <span style=\"color: #5caad2;\">Module Schedule!</span>','Hi Mam/Sir, <strong>IPC Administration</strong> has been created a new schedule for a module viewing. <br>\r\n                    Please click the button to navigate directly to your system.',NULL,NULL,NULL,'2019-03-06 07:34:03','2019-03-06 07:34:03'),
(2426,'creation','New Module Schedule','interface-notif@isuzuphil.com','Ybanez.ep@isuzumandaue.com','You have new <span style=\"color: #5caad2;\">Module Schedule!</span>','Hi Mam/Sir, <strong>IPC Administration</strong> has been created a new schedule for a module viewing. <br>\r\n                    Please click the button to navigate directly to your system.',NULL,NULL,NULL,'2019-03-06 07:34:03','2019-03-06 07:34:03'),
(2427,'creation','New Module Schedule','interface-notif@isuzuphil.com','eufemio.ybanez@yahoo.com','You have new <span style=\"color: #5caad2;\">Module Schedule!</span>','Hi Mam/Sir, <strong>IPC Administration</strong> has been created a new schedule for a module viewing. <br>\r\n                    Please click the button to navigate directly to your system.',NULL,NULL,NULL,'2019-03-06 07:34:03','2019-03-06 07:34:03'),
(2428,'creation','New Module Schedule','interface-notif@isuzuphil.com','Descallar.ra@isuzumandaue.com','You have new <span style=\"color: #5caad2;\">Module Schedule!</span>','Hi Mam/Sir, <strong>IPC Administration</strong> has been created a new schedule for a module viewing. <br>\r\n                    Please click the button to navigate directly to your system.',NULL,NULL,NULL,'2019-03-06 07:34:03','2019-03-06 07:34:03'),
(2429,'creation','New Module Schedule','interface-notif@isuzuphil.com','jerlius@yahoo.com','You have new <span style=\"color: #5caad2;\">Module Schedule!</span>','Hi Mam/Sir, <strong>IPC Administration</strong> has been created a new schedule for a module viewing. <br>\r\n                    Please click the button to navigate directly to your system.',NULL,NULL,NULL,'2019-03-06 07:34:03','2019-03-06 07:34:03'),
(2430,'creation','New Module Schedule','interface-notif@isuzuphil.com','arwynnsanhi@bmdmotors.com','You have new <span style=\"color: #5caad2;\">Module Schedule!</span>','Hi Mam/Sir, <strong>IPC Administration</strong> has been created a new schedule for a module viewing. <br>\r\n                    Please click the button to navigate directly to your system.',NULL,NULL,NULL,'2019-03-06 07:34:03','2019-03-06 07:34:03'),
(2431,'creation','New Module Schedule','interface-notif@isuzuphil.com','bobbypaltao@yahoo.com','You have new <span style=\"color: #5caad2;\">Module Schedule!</span>','Hi Mam/Sir, <strong>IPC Administration</strong> has been created a new schedule for a module viewing. <br>\r\n                    Please click the button to navigate directly to your system.',NULL,NULL,NULL,'2019-03-06 07:34:03','2019-03-06 07:34:03'),
(2432,'creation','New Module Schedule','interface-notif@isuzuphil.com','rsdimas_service@yahoo.com','You have new <span style=\"color: #5caad2;\">Module Schedule!</span>','Hi Mam/Sir, <strong>IPC Administration</strong> has been created a new schedule for a module viewing. <br>\r\n                    Please click the button to navigate directly to your system.',NULL,NULL,NULL,'2019-03-06 07:34:03','2019-03-06 07:34:03'),
(2433,'creation','New Module Schedule','interface-notif@isuzuphil.com','ramiemonterola@yahoo.com','You have new <span style=\"color: #5caad2;\">Module Schedule!</span>','Hi Mam/Sir, <strong>IPC Administration</strong> has been created a new schedule for a module viewing. <br>\r\n                    Please click the button to navigate directly to your system.',NULL,NULL,NULL,'2019-03-06 07:34:03','2019-03-06 07:34:03'),
(2434,'creation','New Module Schedule','interface-notif@isuzuphil.com','ahsibulo@isuzucommonwealth.com','You have new <span style=\"color: #5caad2;\">Module Schedule!</span>','Hi Mam/Sir, <strong>IPC Administration</strong> has been created a new schedule for a module viewing. <br>\r\n                    Please click the button to navigate directly to your system.',NULL,NULL,NULL,'2019-03-06 07:34:03','2019-03-06 07:34:03'),
(2435,'creation','New Module Schedule','interface-notif@isuzuphil.com','mghufemia@isuzumanila.com','You have new <span style=\"color: #5caad2;\">Module Schedule!</span>','Hi Mam/Sir, <strong>IPC Administration</strong> has been created a new schedule for a module viewing. <br>\r\n                    Please click the button to navigate directly to your system.',NULL,NULL,NULL,'2019-03-06 07:34:03','2019-03-06 07:34:03'),
(2436,'creation','New Module Schedule','interface-notif@isuzuphil.com','mg_manuel5462@yahoo.com','You have new <span style=\"color: #5caad2;\">Module Schedule!</span>','Hi Mam/Sir, <strong>IPC Administration</strong> has been created a new schedule for a module viewing. <br>\r\n                    Please click the button to navigate directly to your system.',NULL,NULL,NULL,'2019-03-06 07:34:03','2019-03-06 07:34:03'),
(2437,'creation','New Module Schedule','interface-notif@isuzuphil.com','oqparungao@yahoo.com.ph','You have new <span style=\"color: #5caad2;\">Module Schedule!</span>','Hi Mam/Sir, <strong>IPC Administration</strong> has been created a new schedule for a module viewing. <br>\r\n                    Please click the button to navigate directly to your system.',NULL,NULL,NULL,'2019-03-06 07:34:03','2019-03-06 07:34:03'),
(2438,'creation','New Module Schedule','interface-notif@isuzuphil.com','manuelboycastro@yahoo.com','You have new <span style=\"color: #5caad2;\">Module Schedule!</span>','Hi Mam/Sir, <strong>IPC Administration</strong> has been created a new schedule for a module viewing. <br>\r\n                    Please click the button to navigate directly to your system.',NULL,NULL,NULL,'2019-03-06 07:34:03','2019-03-06 07:34:03'),
(2439,'creation','New Module Schedule','interface-notif@isuzuphil.com','busime.isuzubacolod@gmail.com','You have new <span style=\"color: #5caad2;\">Module Schedule!</span>','Hi Mam/Sir, <strong>IPC Administration</strong> has been created a new schedule for a module viewing. <br>\r\n                    Please click the button to navigate directly to your system.',NULL,NULL,NULL,'2019-03-06 07:34:03','2019-03-06 07:34:03'),
(2440,'creation','New Module Schedule','interface-notif@isuzuphil.com','dedaleleazar@yahoo.com','You have new <span style=\"color: #5caad2;\">Module Schedule!</span>','Hi Mam/Sir, <strong>IPC Administration</strong> has been created a new schedule for a module viewing. <br>\r\n                    Please click the button to navigate directly to your system.',NULL,NULL,NULL,'2019-03-06 07:34:03','2019-03-06 07:34:03'),
(2441,'creation','New Module Schedule','interface-notif@isuzuphil.com','pasion.rd@isuzutaytay.com','You have new <span style=\"color: #5caad2;\">Module Schedule!</span>','Hi Mam/Sir, <strong>IPC Administration</strong> has been created a new schedule for a module viewing. <br>\r\n                    Please click the button to navigate directly to your system.',NULL,NULL,NULL,'2019-03-06 07:34:03','2019-03-06 07:34:03'),
(2442,'creation','New Module Schedule','interface-notif@isuzuphil.com','cenon_liwanag@yahoo.com','You have new <span style=\"color: #5caad2;\">Module Schedule!</span>','Hi Mam/Sir, <strong>IPC Administration</strong> has been created a new schedule for a module viewing. <br>\r\n                    Please click the button to navigate directly to your system.',NULL,NULL,NULL,'2019-03-06 07:34:03','2019-03-06 07:34:03'),
(2443,'creation','New Module Schedule','interface-notif@isuzuphil.com','richardgime10@gmail.com','You have new <span style=\"color: #5caad2;\">Module Schedule!</span>','Hi Mam/Sir, <strong>IPC Administration</strong> has been created a new schedule for a module viewing. <br>\r\n                    Please click the button to navigate directly to your system.',NULL,NULL,NULL,'2019-03-06 07:34:03','2019-03-06 07:34:03'),
(2444,'creation','New Module Schedule','interface-notif@isuzuphil.com','glennsanjuan20@yahoo.com','You have new <span style=\"color: #5caad2;\">Module Schedule!</span>','Hi Mam/Sir, <strong>IPC Administration</strong> has been created a new schedule for a module viewing. <br>\r\n                    Please click the button to navigate directly to your system.',NULL,NULL,NULL,'2019-03-06 07:34:03','2019-03-06 07:34:03'),
(2445,'creation','New Module Schedule','interface-notif@isuzuphil.com','jerry.monleon1966@gmail.com','You have new <span style=\"color: #5caad2;\">Module Schedule!</span>','Hi Mam/Sir, <strong>IPC Administration</strong> has been created a new schedule for a module viewing. <br>\r\n                    Please click the button to navigate directly to your system.',NULL,NULL,NULL,'2019-03-06 07:34:03','2019-03-06 07:34:03'),
(2446,'creation','New Module Schedule','interface-notif@isuzuphil.com','susanreyes_isuzugencars@yahoo.com','You have new <span style=\"color: #5caad2;\">Module Schedule!</span>','Hi Mam/Sir, <strong>IPC Administration</strong> has been created a new schedule for a module viewing. <br>\r\n                    Please click the button to navigate directly to your system.',NULL,NULL,NULL,'2019-03-06 07:34:03','2019-03-06 07:34:03'),
(2447,'creation','New Module Schedule','interface-notif@isuzuphil.com','memmayor@yahoo.com','You have new <span style=\"color: #5caad2;\">Module Schedule!</span>','Hi Mam/Sir, <strong>IPC Administration</strong> has been created a new schedule for a module viewing. <br>\r\n                    Please click the button to navigate directly to your system.',NULL,NULL,NULL,'2019-03-06 07:34:03','2019-03-06 07:34:03'),
(2448,'creation','New Module Schedule','interface-notif@isuzuphil.com','bobby.paltao@yahoo.com','You have new <span style=\"color: #5caad2;\">Module Schedule!</span>','Hi Mam/Sir, <strong>IPC Administration</strong> has been created a new schedule for a module viewing. <br>\r\n                    Please click the button to navigate directly to your system.',NULL,NULL,NULL,'2019-03-06 07:34:03','2019-03-06 07:34:03'),
(2449,'creation','New Module Schedule','interface-notif@isuzuphil.com','resty.miranda16@yahoo.com','You have new <span style=\"color: #5caad2;\">Module Schedule!</span>','Hi Mam/Sir, <strong>IPC Administration</strong> has been created a new schedule for a module viewing. <br>\r\n                    Please click the button to navigate directly to your system.',NULL,NULL,NULL,'2019-03-06 07:34:03','2019-03-06 07:34:03'),
(2450,'creation','New Module Schedule','interface-notif@isuzuphil.com','wenceslao.cammayo@yahoo.com','You have new <span style=\"color: #5caad2;\">Module Schedule!</span>','Hi Mam/Sir, <strong>IPC Administration</strong> has been created a new schedule for a module viewing. <br>\r\n                    Please click the button to navigate directly to your system.',NULL,NULL,NULL,'2019-03-06 07:34:03','2019-03-06 07:34:03'),
(2451,'creation','New Module Schedule','interface-notif@isuzuphil.com','adello.sibuloisuzugreenhills@yahoo.com','You have new <span style=\"color: #5caad2;\">Module Schedule!</span>','Hi Mam/Sir, <strong>IPC Administration</strong> has been created a new schedule for a module viewing. <br>\r\n                    Please click the button to navigate directly to your system.',NULL,NULL,NULL,'2019-03-06 07:34:03','2019-03-06 07:34:03'),
(2452,'creation','New Module Schedule','interface-notif@isuzuphil.com','isuzugensan@yahoo.com','You have new <span style=\"color: #5caad2;\">Module Schedule!</span>','Hi Mam/Sir, <strong>IPC Administration</strong> has been created a new schedule for a module viewing. <br>\r\n                    Please click the button to navigate directly to your system.',NULL,NULL,NULL,'2019-03-06 07:34:03','2019-03-06 07:34:03'),
(2453,'creation','New Module Schedule','interface-notif@isuzuphil.com','isuzubtn@gmail.com','You have new <span style=\"color: #5caad2;\">Module Schedule!</span>','Hi Mam/Sir, <strong>IPC Administration</strong> has been created a new schedule for a module viewing. <br>\r\n                    Please click the button to navigate directly to your system.',NULL,NULL,NULL,'2019-03-06 07:34:03','2019-03-06 07:34:03'),
(2454,'creation','New Module Schedule','interface-notif@isuzuphil.com','michael.hufemiaisuzuleyte@yahoo.com','You have new <span style=\"color: #5caad2;\">Module Schedule!</span>','Hi Mam/Sir, <strong>IPC Administration</strong> has been created a new schedule for a module viewing. <br>\r\n                    Please click the button to navigate directly to your system.',NULL,NULL,NULL,'2019-03-06 07:34:03','2019-03-06 07:34:03'),
(2455,'creation','New Module Schedule','interface-notif@isuzuphil.com','izu_zambo@yahoo.com','You have new <span style=\"color: #5caad2;\">Module Schedule!</span>','Hi Mam/Sir, <strong>IPC Administration</strong> has been created a new schedule for a module viewing. <br>\r\n                    Please click the button to navigate directly to your system.',NULL,NULL,NULL,'2019-03-06 07:34:03','2019-03-06 07:34:03'),
(2456,'creation','New Module Schedule','interface-notif@isuzuphil.com','isuzudipolog@yahoo.com','You have new <span style=\"color: #5caad2;\">Module Schedule!</span>','Hi Mam/Sir, <strong>IPC Administration</strong> has been created a new schedule for a module viewing. <br>\r\n                    Please click the button to navigate directly to your system.',NULL,NULL,NULL,'2019-03-06 07:34:03','2019-03-06 07:34:03'),
(2457,'creation','New Module Schedule','interface-notif@isuzuphil.com','cheryll_decena@yahoo.com','You have new <span style=\"color: #5caad2;\">Module Schedule!</span>','Hi Mam/Sir, <strong>IPC Administration</strong> has been created a new schedule for a module viewing. <br>\r\n                    Please click the button to navigate directly to your system.',NULL,NULL,NULL,'2019-03-06 07:34:03','2019-03-06 07:34:03'),
(2458,'creation','New Module Schedule','interface-notif@isuzuphil.com','isuzudumaguete@hotmail.com','You have new <span style=\"color: #5caad2;\">Module Schedule!</span>','Hi Mam/Sir, <strong>IPC Administration</strong> has been created a new schedule for a module viewing. <br>\r\n                    Please click the button to navigate directly to your system.',NULL,NULL,NULL,'2019-03-06 07:34:03','2019-03-06 07:34:03'),
(2459,'creation','New Module Schedule','interface-notif@isuzuphil.com','abrille@gmail.com','You have new <span style=\"color: #5caad2;\">Module Schedule!</span>','Hi Mam/Sir, <strong>IPC Administration</strong> has been created a new schedule for a module viewing. <br>\r\n                    Please click the button to navigate directly to your system.',NULL,NULL,NULL,'2019-03-06 07:34:03','2019-03-06 07:34:03'),
(2460,'creation','New Module Schedule','interface-notif@isuzuphil.com','isuzupagbilaoservice.main@gmail.com','You have new <span style=\"color: #5caad2;\">Module Schedule!</span>','Hi Mam/Sir, <strong>IPC Administration</strong> has been created a new schedule for a module viewing. <br>\r\n                    Please click the button to navigate directly to your system.',NULL,NULL,NULL,'2019-03-06 07:34:03','2019-03-06 07:34:03'),
(2461,'creation','New Module Schedule','interface-notif@isuzuphil.com','wenceslaocammayo@yahoo.com','You have new <span style=\"color: #5caad2;\">Module Schedule!</span>','Hi Mam/Sir, <strong>IPC Administration</strong> has been created a new schedule for a module viewing. <br>\r\n                    Please click the button to navigate directly to your system.',NULL,NULL,NULL,'2019-03-06 07:34:03','2019-03-06 07:34:03'),
(2462,'creation','New Module Schedule','interface-notif@isuzuphil.com','batan.gv@isuzualabang.com','You have new <span style=\"color: #5caad2;\">Module Schedule!</span>','Hi Mam/Sir, <strong>IPC Administration</strong> has been created a new schedule for a module viewing. <br>\r\n                    Please click the button to navigate directly to your system.',NULL,NULL,NULL,'2019-03-06 07:34:55','2019-03-06 07:34:55'),
(2463,'creation','New Module Schedule','interface-notif@isuzuphil.com','armanmbulahan@gmail.com','You have new <span style=\"color: #5caad2;\">Module Schedule!</span>','Hi Mam/Sir, <strong>IPC Administration</strong> has been created a new schedule for a module viewing. <br>\r\n                    Please click the button to navigate directly to your system.',NULL,NULL,NULL,'2019-03-06 07:34:55','2019-03-06 07:34:55'),
(2464,'creation','New Module Schedule','interface-notif@isuzuphil.com','jacintocasio@yahoo.com','You have new <span style=\"color: #5caad2;\">Module Schedule!</span>','Hi Mam/Sir, <strong>IPC Administration</strong> has been created a new schedule for a module viewing. <br>\r\n                    Please click the button to navigate directly to your system.',NULL,NULL,NULL,'2019-03-06 07:34:55','2019-03-06 07:34:55'),
(2465,'creation','New Module Schedule','interface-notif@isuzuphil.com','gamboarn@yahoo.com','You have new <span style=\"color: #5caad2;\">Module Schedule!</span>','Hi Mam/Sir, <strong>IPC Administration</strong> has been created a new schedule for a module viewing. <br>\r\n                    Please click the button to navigate directly to your system.',NULL,NULL,NULL,'2019-03-06 07:34:55','2019-03-06 07:34:55'),
(2466,'creation','New Module Schedule','interface-notif@isuzuphil.com','leomabonga10@gmail.com','You have new <span style=\"color: #5caad2;\">Module Schedule!</span>','Hi Mam/Sir, <strong>IPC Administration</strong> has been created a new schedule for a module viewing. <br>\r\n                    Please click the button to navigate directly to your system.',NULL,NULL,NULL,'2019-03-06 07:34:55','2019-03-06 07:34:55'),
(2467,'creation','New Module Schedule','interface-notif@isuzuphil.com','jd_molo@yahoo.com','You have new <span style=\"color: #5caad2;\">Module Schedule!</span>','Hi Mam/Sir, <strong>IPC Administration</strong> has been created a new schedule for a module viewing. <br>\r\n                    Please click the button to navigate directly to your system.',NULL,NULL,NULL,'2019-03-06 07:34:55','2019-03-06 07:34:55'),
(2468,'creation','New Module Schedule','interface-notif@isuzuphil.com','jerry.monleon1966@isuzumandaue.com','You have new <span style=\"color: #5caad2;\">Module Schedule!</span>','Hi Mam/Sir, <strong>IPC Administration</strong> has been created a new schedule for a module viewing. <br>\r\n                    Please click the button to navigate directly to your system.',NULL,NULL,NULL,'2019-03-06 07:34:55','2019-03-06 07:34:55'),
(2469,'creation','New Module Schedule','interface-notif@isuzuphil.com','rodelas.eo@isuzupasig.com','You have new <span style=\"color: #5caad2;\">Module Schedule!</span>','Hi Mam/Sir, <strong>IPC Administration</strong> has been created a new schedule for a module viewing. <br>\r\n                    Please click the button to navigate directly to your system.',NULL,NULL,NULL,'2019-03-06 07:34:55','2019-03-06 07:34:55'),
(2470,'creation','New Module Schedule','interface-notif@isuzuphil.com','jham0501@gmail.com','You have new <span style=\"color: #5caad2;\">Module Schedule!</span>','Hi Mam/Sir, <strong>IPC Administration</strong> has been created a new schedule for a module viewing. <br>\r\n                    Please click the button to navigate directly to your system.',NULL,NULL,NULL,'2019-03-06 07:34:55','2019-03-06 07:34:55'),
(2471,'creation','New Module Schedule','interface-notif@isuzuphil.com','maming.da@isuzupasig.com','You have new <span style=\"color: #5caad2;\">Module Schedule!</span>','Hi Mam/Sir, <strong>IPC Administration</strong> has been created a new schedule for a module viewing. <br>\r\n                    Please click the button to navigate directly to your system.',NULL,NULL,NULL,'2019-03-06 07:34:55','2019-03-06 07:34:55'),
(2472,'creation','New Module Schedule','interface-notif@isuzuphil.com','bellosillo.gb@isuzurizal.com','You have new <span style=\"color: #5caad2;\">Module Schedule!</span>','Hi Mam/Sir, <strong>IPC Administration</strong> has been created a new schedule for a module viewing. <br>\r\n                    Please click the button to navigate directly to your system.',NULL,NULL,NULL,'2019-03-06 07:34:55','2019-03-06 07:34:55'),
(2473,'creation','New Module Schedule','interface-notif@isuzuphil.com','duquiatan.as@isuzucavite.com','You have new <span style=\"color: #5caad2;\">Module Schedule!</span>','Hi Mam/Sir, <strong>IPC Administration</strong> has been created a new schedule for a module viewing. <br>\r\n                    Please click the button to navigate directly to your system.',NULL,NULL,NULL,'2019-03-06 07:34:55','2019-03-06 07:34:55'),
(2474,'creation','New Module Schedule','interface-notif@isuzuphil.com','laqui.dm@isuzucavite.com','You have new <span style=\"color: #5caad2;\">Module Schedule!</span>','Hi Mam/Sir, <strong>IPC Administration</strong> has been created a new schedule for a module viewing. <br>\r\n                    Please click the button to navigate directly to your system.',NULL,NULL,NULL,'2019-03-06 07:34:55','2019-03-06 07:34:55'),
(2475,'creation','New Module Schedule','interface-notif@isuzuphil.com','tinoy.gg@isuzuiloilo.com','You have new <span style=\"color: #5caad2;\">Module Schedule!</span>','Hi Mam/Sir, <strong>IPC Administration</strong> has been created a new schedule for a module viewing. <br>\r\n                    Please click the button to navigate directly to your system.',NULL,NULL,NULL,'2019-03-06 07:34:55','2019-03-06 07:34:55'),
(2476,'creation','New Module Schedule','interface-notif@isuzuphil.com','Ybanez.ep@isuzumandaue.com','You have new <span style=\"color: #5caad2;\">Module Schedule!</span>','Hi Mam/Sir, <strong>IPC Administration</strong> has been created a new schedule for a module viewing. <br>\r\n                    Please click the button to navigate directly to your system.',NULL,NULL,NULL,'2019-03-06 07:34:55','2019-03-06 07:34:55'),
(2477,'creation','New Module Schedule','interface-notif@isuzuphil.com','eufemio.ybanez@yahoo.com','You have new <span style=\"color: #5caad2;\">Module Schedule!</span>','Hi Mam/Sir, <strong>IPC Administration</strong> has been created a new schedule for a module viewing. <br>\r\n                    Please click the button to navigate directly to your system.',NULL,NULL,NULL,'2019-03-06 07:34:55','2019-03-06 07:34:55'),
(2478,'creation','New Module Schedule','interface-notif@isuzuphil.com','Descallar.ra@isuzumandaue.com','You have new <span style=\"color: #5caad2;\">Module Schedule!</span>','Hi Mam/Sir, <strong>IPC Administration</strong> has been created a new schedule for a module viewing. <br>\r\n                    Please click the button to navigate directly to your system.',NULL,NULL,NULL,'2019-03-06 07:34:55','2019-03-06 07:34:55'),
(2479,'creation','New Module Schedule','interface-notif@isuzuphil.com','jerlius@yahoo.com','You have new <span style=\"color: #5caad2;\">Module Schedule!</span>','Hi Mam/Sir, <strong>IPC Administration</strong> has been created a new schedule for a module viewing. <br>\r\n                    Please click the button to navigate directly to your system.',NULL,NULL,NULL,'2019-03-06 07:34:55','2019-03-06 07:34:55'),
(2480,'creation','New Module Schedule','interface-notif@isuzuphil.com','arwynnsanhi@bmdmotors.com','You have new <span style=\"color: #5caad2;\">Module Schedule!</span>','Hi Mam/Sir, <strong>IPC Administration</strong> has been created a new schedule for a module viewing. <br>\r\n                    Please click the button to navigate directly to your system.',NULL,NULL,NULL,'2019-03-06 07:34:55','2019-03-06 07:34:55'),
(2481,'creation','New Module Schedule','interface-notif@isuzuphil.com','bobbypaltao@yahoo.com','You have new <span style=\"color: #5caad2;\">Module Schedule!</span>','Hi Mam/Sir, <strong>IPC Administration</strong> has been created a new schedule for a module viewing. <br>\r\n                    Please click the button to navigate directly to your system.',NULL,NULL,NULL,'2019-03-06 07:34:55','2019-03-06 07:34:55'),
(2482,'creation','New Module Schedule','interface-notif@isuzuphil.com','rsdimas_service@yahoo.com','You have new <span style=\"color: #5caad2;\">Module Schedule!</span>','Hi Mam/Sir, <strong>IPC Administration</strong> has been created a new schedule for a module viewing. <br>\r\n                    Please click the button to navigate directly to your system.',NULL,NULL,NULL,'2019-03-06 07:34:55','2019-03-06 07:34:55'),
(2483,'creation','New Module Schedule','interface-notif@isuzuphil.com','ramiemonterola@yahoo.com','You have new <span style=\"color: #5caad2;\">Module Schedule!</span>','Hi Mam/Sir, <strong>IPC Administration</strong> has been created a new schedule for a module viewing. <br>\r\n                    Please click the button to navigate directly to your system.',NULL,NULL,NULL,'2019-03-06 07:34:55','2019-03-06 07:34:55'),
(2484,'creation','New Module Schedule','interface-notif@isuzuphil.com','ahsibulo@isuzucommonwealth.com','You have new <span style=\"color: #5caad2;\">Module Schedule!</span>','Hi Mam/Sir, <strong>IPC Administration</strong> has been created a new schedule for a module viewing. <br>\r\n                    Please click the button to navigate directly to your system.',NULL,NULL,NULL,'2019-03-06 07:34:55','2019-03-06 07:34:55'),
(2485,'creation','New Module Schedule','interface-notif@isuzuphil.com','mghufemia@isuzumanila.com','You have new <span style=\"color: #5caad2;\">Module Schedule!</span>','Hi Mam/Sir, <strong>IPC Administration</strong> has been created a new schedule for a module viewing. <br>\r\n                    Please click the button to navigate directly to your system.',NULL,NULL,NULL,'2019-03-06 07:34:55','2019-03-06 07:34:55'),
(2486,'creation','New Module Schedule','interface-notif@isuzuphil.com','mg_manuel5462@yahoo.com','You have new <span style=\"color: #5caad2;\">Module Schedule!</span>','Hi Mam/Sir, <strong>IPC Administration</strong> has been created a new schedule for a module viewing. <br>\r\n                    Please click the button to navigate directly to your system.',NULL,NULL,NULL,'2019-03-06 07:34:55','2019-03-06 07:34:55'),
(2487,'creation','New Module Schedule','interface-notif@isuzuphil.com','oqparungao@yahoo.com.ph','You have new <span style=\"color: #5caad2;\">Module Schedule!</span>','Hi Mam/Sir, <strong>IPC Administration</strong> has been created a new schedule for a module viewing. <br>\r\n                    Please click the button to navigate directly to your system.',NULL,NULL,NULL,'2019-03-06 07:34:55','2019-03-06 07:34:55'),
(2488,'creation','New Module Schedule','interface-notif@isuzuphil.com','manuelboycastro@yahoo.com','You have new <span style=\"color: #5caad2;\">Module Schedule!</span>','Hi Mam/Sir, <strong>IPC Administration</strong> has been created a new schedule for a module viewing. <br>\r\n                    Please click the button to navigate directly to your system.',NULL,NULL,NULL,'2019-03-06 07:34:55','2019-03-06 07:34:55'),
(2489,'creation','New Module Schedule','interface-notif@isuzuphil.com','busime.isuzubacolod@gmail.com','You have new <span style=\"color: #5caad2;\">Module Schedule!</span>','Hi Mam/Sir, <strong>IPC Administration</strong> has been created a new schedule for a module viewing. <br>\r\n                    Please click the button to navigate directly to your system.',NULL,NULL,NULL,'2019-03-06 07:34:55','2019-03-06 07:34:55'),
(2490,'creation','New Module Schedule','interface-notif@isuzuphil.com','dedaleleazar@yahoo.com','You have new <span style=\"color: #5caad2;\">Module Schedule!</span>','Hi Mam/Sir, <strong>IPC Administration</strong> has been created a new schedule for a module viewing. <br>\r\n                    Please click the button to navigate directly to your system.',NULL,NULL,NULL,'2019-03-06 07:34:55','2019-03-06 07:34:55'),
(2491,'creation','New Module Schedule','interface-notif@isuzuphil.com','pasion.rd@isuzutaytay.com','You have new <span style=\"color: #5caad2;\">Module Schedule!</span>','Hi Mam/Sir, <strong>IPC Administration</strong> has been created a new schedule for a module viewing. <br>\r\n                    Please click the button to navigate directly to your system.',NULL,NULL,NULL,'2019-03-06 07:34:55','2019-03-06 07:34:55'),
(2492,'creation','New Module Schedule','interface-notif@isuzuphil.com','cenon_liwanag@yahoo.com','You have new <span style=\"color: #5caad2;\">Module Schedule!</span>','Hi Mam/Sir, <strong>IPC Administration</strong> has been created a new schedule for a module viewing. <br>\r\n                    Please click the button to navigate directly to your system.',NULL,NULL,NULL,'2019-03-06 07:34:55','2019-03-06 07:34:55'),
(2493,'creation','New Module Schedule','interface-notif@isuzuphil.com','richardgime10@gmail.com','You have new <span style=\"color: #5caad2;\">Module Schedule!</span>','Hi Mam/Sir, <strong>IPC Administration</strong> has been created a new schedule for a module viewing. <br>\r\n                    Please click the button to navigate directly to your system.',NULL,NULL,NULL,'2019-03-06 07:34:55','2019-03-06 07:34:55'),
(2494,'creation','New Module Schedule','interface-notif@isuzuphil.com','glennsanjuan20@yahoo.com','You have new <span style=\"color: #5caad2;\">Module Schedule!</span>','Hi Mam/Sir, <strong>IPC Administration</strong> has been created a new schedule for a module viewing. <br>\r\n                    Please click the button to navigate directly to your system.',NULL,NULL,NULL,'2019-03-06 07:34:55','2019-03-06 07:34:55'),
(2495,'creation','New Module Schedule','interface-notif@isuzuphil.com','jerry.monleon1966@gmail.com','You have new <span style=\"color: #5caad2;\">Module Schedule!</span>','Hi Mam/Sir, <strong>IPC Administration</strong> has been created a new schedule for a module viewing. <br>\r\n                    Please click the button to navigate directly to your system.',NULL,NULL,NULL,'2019-03-06 07:34:55','2019-03-06 07:34:55'),
(2496,'creation','New Module Schedule','interface-notif@isuzuphil.com','susanreyes_isuzugencars@yahoo.com','You have new <span style=\"color: #5caad2;\">Module Schedule!</span>','Hi Mam/Sir, <strong>IPC Administration</strong> has been created a new schedule for a module viewing. <br>\r\n                    Please click the button to navigate directly to your system.',NULL,NULL,NULL,'2019-03-06 07:34:55','2019-03-06 07:34:55'),
(2497,'creation','New Module Schedule','interface-notif@isuzuphil.com','memmayor@yahoo.com','You have new <span style=\"color: #5caad2;\">Module Schedule!</span>','Hi Mam/Sir, <strong>IPC Administration</strong> has been created a new schedule for a module viewing. <br>\r\n                    Please click the button to navigate directly to your system.',NULL,NULL,NULL,'2019-03-06 07:34:55','2019-03-06 07:34:55'),
(2498,'creation','New Module Schedule','interface-notif@isuzuphil.com','bobby.paltao@yahoo.com','You have new <span style=\"color: #5caad2;\">Module Schedule!</span>','Hi Mam/Sir, <strong>IPC Administration</strong> has been created a new schedule for a module viewing. <br>\r\n                    Please click the button to navigate directly to your system.',NULL,NULL,NULL,'2019-03-06 07:34:55','2019-03-06 07:34:55'),
(2499,'creation','New Module Schedule','interface-notif@isuzuphil.com','resty.miranda16@yahoo.com','You have new <span style=\"color: #5caad2;\">Module Schedule!</span>','Hi Mam/Sir, <strong>IPC Administration</strong> has been created a new schedule for a module viewing. <br>\r\n                    Please click the button to navigate directly to your system.',NULL,NULL,NULL,'2019-03-06 07:34:55','2019-03-06 07:34:55'),
(2500,'creation','New Module Schedule','interface-notif@isuzuphil.com','wenceslao.cammayo@yahoo.com','You have new <span style=\"color: #5caad2;\">Module Schedule!</span>','Hi Mam/Sir, <strong>IPC Administration</strong> has been created a new schedule for a module viewing. <br>\r\n                    Please click the button to navigate directly to your system.',NULL,NULL,NULL,'2019-03-06 07:34:55','2019-03-06 07:34:55'),
(2501,'creation','New Module Schedule','interface-notif@isuzuphil.com','adello.sibuloisuzugreenhills@yahoo.com','You have new <span style=\"color: #5caad2;\">Module Schedule!</span>','Hi Mam/Sir, <strong>IPC Administration</strong> has been created a new schedule for a module viewing. <br>\r\n                    Please click the button to navigate directly to your system.',NULL,NULL,NULL,'2019-03-06 07:34:55','2019-03-06 07:34:55'),
(2502,'creation','New Module Schedule','interface-notif@isuzuphil.com','isuzugensan@yahoo.com','You have new <span style=\"color: #5caad2;\">Module Schedule!</span>','Hi Mam/Sir, <strong>IPC Administration</strong> has been created a new schedule for a module viewing. <br>\r\n                    Please click the button to navigate directly to your system.',NULL,NULL,NULL,'2019-03-06 07:34:55','2019-03-06 07:34:55'),
(2503,'creation','New Module Schedule','interface-notif@isuzuphil.com','isuzubtn@gmail.com','You have new <span style=\"color: #5caad2;\">Module Schedule!</span>','Hi Mam/Sir, <strong>IPC Administration</strong> has been created a new schedule for a module viewing. <br>\r\n                    Please click the button to navigate directly to your system.',NULL,NULL,NULL,'2019-03-06 07:34:55','2019-03-06 07:34:55'),
(2504,'creation','New Module Schedule','interface-notif@isuzuphil.com','michael.hufemiaisuzuleyte@yahoo.com','You have new <span style=\"color: #5caad2;\">Module Schedule!</span>','Hi Mam/Sir, <strong>IPC Administration</strong> has been created a new schedule for a module viewing. <br>\r\n                    Please click the button to navigate directly to your system.',NULL,NULL,NULL,'2019-03-06 07:34:55','2019-03-06 07:34:55'),
(2505,'creation','New Module Schedule','interface-notif@isuzuphil.com','izu_zambo@yahoo.com','You have new <span style=\"color: #5caad2;\">Module Schedule!</span>','Hi Mam/Sir, <strong>IPC Administration</strong> has been created a new schedule for a module viewing. <br>\r\n                    Please click the button to navigate directly to your system.',NULL,NULL,NULL,'2019-03-06 07:34:55','2019-03-06 07:34:55'),
(2506,'creation','New Module Schedule','interface-notif@isuzuphil.com','isuzudipolog@yahoo.com','You have new <span style=\"color: #5caad2;\">Module Schedule!</span>','Hi Mam/Sir, <strong>IPC Administration</strong> has been created a new schedule for a module viewing. <br>\r\n                    Please click the button to navigate directly to your system.',NULL,NULL,NULL,'2019-03-06 07:34:55','2019-03-06 07:34:55'),
(2507,'creation','New Module Schedule','interface-notif@isuzuphil.com','cheryll_decena@yahoo.com','You have new <span style=\"color: #5caad2;\">Module Schedule!</span>','Hi Mam/Sir, <strong>IPC Administration</strong> has been created a new schedule for a module viewing. <br>\r\n                    Please click the button to navigate directly to your system.',NULL,NULL,NULL,'2019-03-06 07:34:55','2019-03-06 07:34:55'),
(2508,'creation','New Module Schedule','interface-notif@isuzuphil.com','isuzudumaguete@hotmail.com','You have new <span style=\"color: #5caad2;\">Module Schedule!</span>','Hi Mam/Sir, <strong>IPC Administration</strong> has been created a new schedule for a module viewing. <br>\r\n                    Please click the button to navigate directly to your system.',NULL,NULL,NULL,'2019-03-06 07:34:55','2019-03-06 07:34:55'),
(2509,'creation','New Module Schedule','interface-notif@isuzuphil.com','abrille@gmail.com','You have new <span style=\"color: #5caad2;\">Module Schedule!</span>','Hi Mam/Sir, <strong>IPC Administration</strong> has been created a new schedule for a module viewing. <br>\r\n                    Please click the button to navigate directly to your system.',NULL,NULL,NULL,'2019-03-06 07:34:55','2019-03-06 07:34:55'),
(2510,'creation','New Module Schedule','interface-notif@isuzuphil.com','isuzupagbilaoservice.main@gmail.com','You have new <span style=\"color: #5caad2;\">Module Schedule!</span>','Hi Mam/Sir, <strong>IPC Administration</strong> has been created a new schedule for a module viewing. <br>\r\n                    Please click the button to navigate directly to your system.',NULL,NULL,NULL,'2019-03-06 07:34:55','2019-03-06 07:34:55'),
(2511,'creation','New Module Schedule','interface-notif@isuzuphil.com','wenceslaocammayo@yahoo.com','You have new <span style=\"color: #5caad2;\">Module Schedule!</span>','Hi Mam/Sir, <strong>IPC Administration</strong> has been created a new schedule for a module viewing. <br>\r\n                    Please click the button to navigate directly to your system.',NULL,NULL,NULL,'2019-03-06 07:34:55','2019-03-06 07:34:55'),
(2512,'creation','New Module Schedule','interface-notif@isuzuphil.com','batan.gv@isuzualabang.com','You have new <span style=\"color: #5caad2;\">Module Schedule!</span>','Hi Mam/Sir, <strong>IPC Administration</strong> has been created a new schedule for a module viewing. <br>\r\n                    Please click the button to navigate directly to your system.',NULL,NULL,NULL,'2019-03-06 07:35:33','2019-03-06 07:35:33'),
(2513,'creation','New Module Schedule','interface-notif@isuzuphil.com','armanmbulahan@gmail.com','You have new <span style=\"color: #5caad2;\">Module Schedule!</span>','Hi Mam/Sir, <strong>IPC Administration</strong> has been created a new schedule for a module viewing. <br>\r\n                    Please click the button to navigate directly to your system.',NULL,NULL,NULL,'2019-03-06 07:35:33','2019-03-06 07:35:33'),
(2514,'creation','New Module Schedule','interface-notif@isuzuphil.com','jacintocasio@yahoo.com','You have new <span style=\"color: #5caad2;\">Module Schedule!</span>','Hi Mam/Sir, <strong>IPC Administration</strong> has been created a new schedule for a module viewing. <br>\r\n                    Please click the button to navigate directly to your system.',NULL,NULL,NULL,'2019-03-06 07:35:33','2019-03-06 07:35:33'),
(2515,'creation','New Module Schedule','interface-notif@isuzuphil.com','gamboarn@yahoo.com','You have new <span style=\"color: #5caad2;\">Module Schedule!</span>','Hi Mam/Sir, <strong>IPC Administration</strong> has been created a new schedule for a module viewing. <br>\r\n                    Please click the button to navigate directly to your system.',NULL,NULL,NULL,'2019-03-06 07:35:33','2019-03-06 07:35:33'),
(2516,'creation','New Module Schedule','interface-notif@isuzuphil.com','leomabonga10@gmail.com','You have new <span style=\"color: #5caad2;\">Module Schedule!</span>','Hi Mam/Sir, <strong>IPC Administration</strong> has been created a new schedule for a module viewing. <br>\r\n                    Please click the button to navigate directly to your system.',NULL,NULL,NULL,'2019-03-06 07:35:33','2019-03-06 07:35:33'),
(2517,'creation','New Module Schedule','interface-notif@isuzuphil.com','jd_molo@yahoo.com','You have new <span style=\"color: #5caad2;\">Module Schedule!</span>','Hi Mam/Sir, <strong>IPC Administration</strong> has been created a new schedule for a module viewing. <br>\r\n                    Please click the button to navigate directly to your system.',NULL,NULL,NULL,'2019-03-06 07:35:33','2019-03-06 07:35:33'),
(2518,'creation','New Module Schedule','interface-notif@isuzuphil.com','jerry.monleon1966@isuzumandaue.com','You have new <span style=\"color: #5caad2;\">Module Schedule!</span>','Hi Mam/Sir, <strong>IPC Administration</strong> has been created a new schedule for a module viewing. <br>\r\n                    Please click the button to navigate directly to your system.',NULL,NULL,NULL,'2019-03-06 07:35:33','2019-03-06 07:35:33'),
(2519,'creation','New Module Schedule','interface-notif@isuzuphil.com','rodelas.eo@isuzupasig.com','You have new <span style=\"color: #5caad2;\">Module Schedule!</span>','Hi Mam/Sir, <strong>IPC Administration</strong> has been created a new schedule for a module viewing. <br>\r\n                    Please click the button to navigate directly to your system.',NULL,NULL,NULL,'2019-03-06 07:35:33','2019-03-06 07:35:33'),
(2520,'creation','New Module Schedule','interface-notif@isuzuphil.com','jham0501@gmail.com','You have new <span style=\"color: #5caad2;\">Module Schedule!</span>','Hi Mam/Sir, <strong>IPC Administration</strong> has been created a new schedule for a module viewing. <br>\r\n                    Please click the button to navigate directly to your system.',NULL,NULL,NULL,'2019-03-06 07:35:33','2019-03-06 07:35:33'),
(2521,'creation','New Module Schedule','interface-notif@isuzuphil.com','maming.da@isuzupasig.com','You have new <span style=\"color: #5caad2;\">Module Schedule!</span>','Hi Mam/Sir, <strong>IPC Administration</strong> has been created a new schedule for a module viewing. <br>\r\n                    Please click the button to navigate directly to your system.',NULL,NULL,NULL,'2019-03-06 07:35:33','2019-03-06 07:35:33'),
(2522,'creation','New Module Schedule','interface-notif@isuzuphil.com','bellosillo.gb@isuzurizal.com','You have new <span style=\"color: #5caad2;\">Module Schedule!</span>','Hi Mam/Sir, <strong>IPC Administration</strong> has been created a new schedule for a module viewing. <br>\r\n                    Please click the button to navigate directly to your system.',NULL,NULL,NULL,'2019-03-06 07:35:33','2019-03-06 07:35:33'),
(2523,'creation','New Module Schedule','interface-notif@isuzuphil.com','duquiatan.as@isuzucavite.com','You have new <span style=\"color: #5caad2;\">Module Schedule!</span>','Hi Mam/Sir, <strong>IPC Administration</strong> has been created a new schedule for a module viewing. <br>\r\n                    Please click the button to navigate directly to your system.',NULL,NULL,NULL,'2019-03-06 07:35:33','2019-03-06 07:35:33'),
(2524,'creation','New Module Schedule','interface-notif@isuzuphil.com','laqui.dm@isuzucavite.com','You have new <span style=\"color: #5caad2;\">Module Schedule!</span>','Hi Mam/Sir, <strong>IPC Administration</strong> has been created a new schedule for a module viewing. <br>\r\n                    Please click the button to navigate directly to your system.',NULL,NULL,NULL,'2019-03-06 07:35:33','2019-03-06 07:35:33'),
(2525,'creation','New Module Schedule','interface-notif@isuzuphil.com','tinoy.gg@isuzuiloilo.com','You have new <span style=\"color: #5caad2;\">Module Schedule!</span>','Hi Mam/Sir, <strong>IPC Administration</strong> has been created a new schedule for a module viewing. <br>\r\n                    Please click the button to navigate directly to your system.',NULL,NULL,NULL,'2019-03-06 07:35:33','2019-03-06 07:35:33'),
(2526,'creation','New Module Schedule','interface-notif@isuzuphil.com','Ybanez.ep@isuzumandaue.com','You have new <span style=\"color: #5caad2;\">Module Schedule!</span>','Hi Mam/Sir, <strong>IPC Administration</strong> has been created a new schedule for a module viewing. <br>\r\n                    Please click the button to navigate directly to your system.',NULL,NULL,NULL,'2019-03-06 07:35:33','2019-03-06 07:35:33'),
(2527,'creation','New Module Schedule','interface-notif@isuzuphil.com','eufemio.ybanez@yahoo.com','You have new <span style=\"color: #5caad2;\">Module Schedule!</span>','Hi Mam/Sir, <strong>IPC Administration</strong> has been created a new schedule for a module viewing. <br>\r\n                    Please click the button to navigate directly to your system.',NULL,NULL,NULL,'2019-03-06 07:35:33','2019-03-06 07:35:33'),
(2528,'creation','New Module Schedule','interface-notif@isuzuphil.com','Descallar.ra@isuzumandaue.com','You have new <span style=\"color: #5caad2;\">Module Schedule!</span>','Hi Mam/Sir, <strong>IPC Administration</strong> has been created a new schedule for a module viewing. <br>\r\n                    Please click the button to navigate directly to your system.',NULL,NULL,NULL,'2019-03-06 07:35:33','2019-03-06 07:35:33'),
(2529,'creation','New Module Schedule','interface-notif@isuzuphil.com','jerlius@yahoo.com','You have new <span style=\"color: #5caad2;\">Module Schedule!</span>','Hi Mam/Sir, <strong>IPC Administration</strong> has been created a new schedule for a module viewing. <br>\r\n                    Please click the button to navigate directly to your system.',NULL,NULL,NULL,'2019-03-06 07:35:33','2019-03-06 07:35:33'),
(2530,'creation','New Module Schedule','interface-notif@isuzuphil.com','arwynnsanhi@bmdmotors.com','You have new <span style=\"color: #5caad2;\">Module Schedule!</span>','Hi Mam/Sir, <strong>IPC Administration</strong> has been created a new schedule for a module viewing. <br>\r\n                    Please click the button to navigate directly to your system.',NULL,NULL,NULL,'2019-03-06 07:35:33','2019-03-06 07:35:33'),
(2531,'creation','New Module Schedule','interface-notif@isuzuphil.com','bobbypaltao@yahoo.com','You have new <span style=\"color: #5caad2;\">Module Schedule!</span>','Hi Mam/Sir, <strong>IPC Administration</strong> has been created a new schedule for a module viewing. <br>\r\n                    Please click the button to navigate directly to your system.',NULL,NULL,NULL,'2019-03-06 07:35:33','2019-03-06 07:35:33'),
(2532,'creation','New Module Schedule','interface-notif@isuzuphil.com','rsdimas_service@yahoo.com','You have new <span style=\"color: #5caad2;\">Module Schedule!</span>','Hi Mam/Sir, <strong>IPC Administration</strong> has been created a new schedule for a module viewing. <br>\r\n                    Please click the button to navigate directly to your system.',NULL,NULL,NULL,'2019-03-06 07:35:33','2019-03-06 07:35:33'),
(2533,'creation','New Module Schedule','interface-notif@isuzuphil.com','ramiemonterola@yahoo.com','You have new <span style=\"color: #5caad2;\">Module Schedule!</span>','Hi Mam/Sir, <strong>IPC Administration</strong> has been created a new schedule for a module viewing. <br>\r\n                    Please click the button to navigate directly to your system.',NULL,NULL,NULL,'2019-03-06 07:35:33','2019-03-06 07:35:33'),
(2534,'creation','New Module Schedule','interface-notif@isuzuphil.com','ahsibulo@isuzucommonwealth.com','You have new <span style=\"color: #5caad2;\">Module Schedule!</span>','Hi Mam/Sir, <strong>IPC Administration</strong> has been created a new schedule for a module viewing. <br>\r\n                    Please click the button to navigate directly to your system.',NULL,NULL,NULL,'2019-03-06 07:35:33','2019-03-06 07:35:33'),
(2535,'creation','New Module Schedule','interface-notif@isuzuphil.com','mghufemia@isuzumanila.com','You have new <span style=\"color: #5caad2;\">Module Schedule!</span>','Hi Mam/Sir, <strong>IPC Administration</strong> has been created a new schedule for a module viewing. <br>\r\n                    Please click the button to navigate directly to your system.',NULL,NULL,NULL,'2019-03-06 07:35:33','2019-03-06 07:35:33'),
(2536,'creation','New Module Schedule','interface-notif@isuzuphil.com','mg_manuel5462@yahoo.com','You have new <span style=\"color: #5caad2;\">Module Schedule!</span>','Hi Mam/Sir, <strong>IPC Administration</strong> has been created a new schedule for a module viewing. <br>\r\n                    Please click the button to navigate directly to your system.',NULL,NULL,NULL,'2019-03-06 07:35:33','2019-03-06 07:35:33'),
(2537,'creation','New Module Schedule','interface-notif@isuzuphil.com','oqparungao@yahoo.com.ph','You have new <span style=\"color: #5caad2;\">Module Schedule!</span>','Hi Mam/Sir, <strong>IPC Administration</strong> has been created a new schedule for a module viewing. <br>\r\n                    Please click the button to navigate directly to your system.',NULL,NULL,NULL,'2019-03-06 07:35:33','2019-03-06 07:35:33'),
(2538,'creation','New Module Schedule','interface-notif@isuzuphil.com','manuelboycastro@yahoo.com','You have new <span style=\"color: #5caad2;\">Module Schedule!</span>','Hi Mam/Sir, <strong>IPC Administration</strong> has been created a new schedule for a module viewing. <br>\r\n                    Please click the button to navigate directly to your system.',NULL,NULL,NULL,'2019-03-06 07:35:33','2019-03-06 07:35:33'),
(2539,'creation','New Module Schedule','interface-notif@isuzuphil.com','busime.isuzubacolod@gmail.com','You have new <span style=\"color: #5caad2;\">Module Schedule!</span>','Hi Mam/Sir, <strong>IPC Administration</strong> has been created a new schedule for a module viewing. <br>\r\n                    Please click the button to navigate directly to your system.',NULL,NULL,NULL,'2019-03-06 07:35:33','2019-03-06 07:35:33'),
(2540,'creation','New Module Schedule','interface-notif@isuzuphil.com','dedaleleazar@yahoo.com','You have new <span style=\"color: #5caad2;\">Module Schedule!</span>','Hi Mam/Sir, <strong>IPC Administration</strong> has been created a new schedule for a module viewing. <br>\r\n                    Please click the button to navigate directly to your system.',NULL,NULL,NULL,'2019-03-06 07:35:33','2019-03-06 07:35:33'),
(2541,'creation','New Module Schedule','interface-notif@isuzuphil.com','pasion.rd@isuzutaytay.com','You have new <span style=\"color: #5caad2;\">Module Schedule!</span>','Hi Mam/Sir, <strong>IPC Administration</strong> has been created a new schedule for a module viewing. <br>\r\n                    Please click the button to navigate directly to your system.',NULL,NULL,NULL,'2019-03-06 07:35:33','2019-03-06 07:35:33'),
(2542,'creation','New Module Schedule','interface-notif@isuzuphil.com','cenon_liwanag@yahoo.com','You have new <span style=\"color: #5caad2;\">Module Schedule!</span>','Hi Mam/Sir, <strong>IPC Administration</strong> has been created a new schedule for a module viewing. <br>\r\n                    Please click the button to navigate directly to your system.',NULL,NULL,NULL,'2019-03-06 07:35:33','2019-03-06 07:35:33'),
(2543,'creation','New Module Schedule','interface-notif@isuzuphil.com','richardgime10@gmail.com','You have new <span style=\"color: #5caad2;\">Module Schedule!</span>','Hi Mam/Sir, <strong>IPC Administration</strong> has been created a new schedule for a module viewing. <br>\r\n                    Please click the button to navigate directly to your system.',NULL,NULL,NULL,'2019-03-06 07:35:33','2019-03-06 07:35:33'),
(2544,'creation','New Module Schedule','interface-notif@isuzuphil.com','glennsanjuan20@yahoo.com','You have new <span style=\"color: #5caad2;\">Module Schedule!</span>','Hi Mam/Sir, <strong>IPC Administration</strong> has been created a new schedule for a module viewing. <br>\r\n                    Please click the button to navigate directly to your system.',NULL,NULL,NULL,'2019-03-06 07:35:33','2019-03-06 07:35:33'),
(2545,'creation','New Module Schedule','interface-notif@isuzuphil.com','jerry.monleon1966@gmail.com','You have new <span style=\"color: #5caad2;\">Module Schedule!</span>','Hi Mam/Sir, <strong>IPC Administration</strong> has been created a new schedule for a module viewing. <br>\r\n                    Please click the button to navigate directly to your system.',NULL,NULL,NULL,'2019-03-06 07:35:33','2019-03-06 07:35:33'),
(2546,'creation','New Module Schedule','interface-notif@isuzuphil.com','susanreyes_isuzugencars@yahoo.com','You have new <span style=\"color: #5caad2;\">Module Schedule!</span>','Hi Mam/Sir, <strong>IPC Administration</strong> has been created a new schedule for a module viewing. <br>\r\n                    Please click the button to navigate directly to your system.',NULL,NULL,NULL,'2019-03-06 07:35:33','2019-03-06 07:35:33'),
(2547,'creation','New Module Schedule','interface-notif@isuzuphil.com','memmayor@yahoo.com','You have new <span style=\"color: #5caad2;\">Module Schedule!</span>','Hi Mam/Sir, <strong>IPC Administration</strong> has been created a new schedule for a module viewing. <br>\r\n                    Please click the button to navigate directly to your system.',NULL,NULL,NULL,'2019-03-06 07:35:33','2019-03-06 07:35:33'),
(2548,'creation','New Module Schedule','interface-notif@isuzuphil.com','bobby.paltao@yahoo.com','You have new <span style=\"color: #5caad2;\">Module Schedule!</span>','Hi Mam/Sir, <strong>IPC Administration</strong> has been created a new schedule for a module viewing. <br>\r\n                    Please click the button to navigate directly to your system.',NULL,NULL,NULL,'2019-03-06 07:35:33','2019-03-06 07:35:33'),
(2549,'creation','New Module Schedule','interface-notif@isuzuphil.com','resty.miranda16@yahoo.com','You have new <span style=\"color: #5caad2;\">Module Schedule!</span>','Hi Mam/Sir, <strong>IPC Administration</strong> has been created a new schedule for a module viewing. <br>\r\n                    Please click the button to navigate directly to your system.',NULL,NULL,NULL,'2019-03-06 07:35:33','2019-03-06 07:35:33'),
(2550,'creation','New Module Schedule','interface-notif@isuzuphil.com','wenceslao.cammayo@yahoo.com','You have new <span style=\"color: #5caad2;\">Module Schedule!</span>','Hi Mam/Sir, <strong>IPC Administration</strong> has been created a new schedule for a module viewing. <br>\r\n                    Please click the button to navigate directly to your system.',NULL,NULL,NULL,'2019-03-06 07:35:33','2019-03-06 07:35:33'),
(2551,'creation','New Module Schedule','interface-notif@isuzuphil.com','adello.sibuloisuzugreenhills@yahoo.com','You have new <span style=\"color: #5caad2;\">Module Schedule!</span>','Hi Mam/Sir, <strong>IPC Administration</strong> has been created a new schedule for a module viewing. <br>\r\n                    Please click the button to navigate directly to your system.',NULL,NULL,NULL,'2019-03-06 07:35:33','2019-03-06 07:35:33'),
(2552,'creation','New Module Schedule','interface-notif@isuzuphil.com','isuzugensan@yahoo.com','You have new <span style=\"color: #5caad2;\">Module Schedule!</span>','Hi Mam/Sir, <strong>IPC Administration</strong> has been created a new schedule for a module viewing. <br>\r\n                    Please click the button to navigate directly to your system.',NULL,NULL,NULL,'2019-03-06 07:35:33','2019-03-06 07:35:33'),
(2553,'creation','New Module Schedule','interface-notif@isuzuphil.com','isuzubtn@gmail.com','You have new <span style=\"color: #5caad2;\">Module Schedule!</span>','Hi Mam/Sir, <strong>IPC Administration</strong> has been created a new schedule for a module viewing. <br>\r\n                    Please click the button to navigate directly to your system.',NULL,NULL,NULL,'2019-03-06 07:35:33','2019-03-06 07:35:33'),
(2554,'creation','New Module Schedule','interface-notif@isuzuphil.com','michael.hufemiaisuzuleyte@yahoo.com','You have new <span style=\"color: #5caad2;\">Module Schedule!</span>','Hi Mam/Sir, <strong>IPC Administration</strong> has been created a new schedule for a module viewing. <br>\r\n                    Please click the button to navigate directly to your system.',NULL,NULL,NULL,'2019-03-06 07:35:33','2019-03-06 07:35:33'),
(2555,'creation','New Module Schedule','interface-notif@isuzuphil.com','izu_zambo@yahoo.com','You have new <span style=\"color: #5caad2;\">Module Schedule!</span>','Hi Mam/Sir, <strong>IPC Administration</strong> has been created a new schedule for a module viewing. <br>\r\n                    Please click the button to navigate directly to your system.',NULL,NULL,NULL,'2019-03-06 07:35:33','2019-03-06 07:35:33'),
(2556,'creation','New Module Schedule','interface-notif@isuzuphil.com','isuzudipolog@yahoo.com','You have new <span style=\"color: #5caad2;\">Module Schedule!</span>','Hi Mam/Sir, <strong>IPC Administration</strong> has been created a new schedule for a module viewing. <br>\r\n                    Please click the button to navigate directly to your system.',NULL,NULL,NULL,'2019-03-06 07:35:33','2019-03-06 07:35:33'),
(2557,'creation','New Module Schedule','interface-notif@isuzuphil.com','cheryll_decena@yahoo.com','You have new <span style=\"color: #5caad2;\">Module Schedule!</span>','Hi Mam/Sir, <strong>IPC Administration</strong> has been created a new schedule for a module viewing. <br>\r\n                    Please click the button to navigate directly to your system.',NULL,NULL,NULL,'2019-03-06 07:35:33','2019-03-06 07:35:33'),
(2558,'creation','New Module Schedule','interface-notif@isuzuphil.com','isuzudumaguete@hotmail.com','You have new <span style=\"color: #5caad2;\">Module Schedule!</span>','Hi Mam/Sir, <strong>IPC Administration</strong> has been created a new schedule for a module viewing. <br>\r\n                    Please click the button to navigate directly to your system.',NULL,NULL,NULL,'2019-03-06 07:35:33','2019-03-06 07:35:33'),
(2559,'creation','New Module Schedule','interface-notif@isuzuphil.com','abrille@gmail.com','You have new <span style=\"color: #5caad2;\">Module Schedule!</span>','Hi Mam/Sir, <strong>IPC Administration</strong> has been created a new schedule for a module viewing. <br>\r\n                    Please click the button to navigate directly to your system.',NULL,NULL,NULL,'2019-03-06 07:35:33','2019-03-06 07:35:33'),
(2560,'creation','New Module Schedule','interface-notif@isuzuphil.com','isuzupagbilaoservice.main@gmail.com','You have new <span style=\"color: #5caad2;\">Module Schedule!</span>','Hi Mam/Sir, <strong>IPC Administration</strong> has been created a new schedule for a module viewing. <br>\r\n                    Please click the button to navigate directly to your system.',NULL,NULL,NULL,'2019-03-06 07:35:33','2019-03-06 07:35:33'),
(2561,'creation','New Module Schedule','interface-notif@isuzuphil.com','wenceslaocammayo@yahoo.com','You have new <span style=\"color: #5caad2;\">Module Schedule!</span>','Hi Mam/Sir, <strong>IPC Administration</strong> has been created a new schedule for a module viewing. <br>\r\n                    Please click the button to navigate directly to your system.',NULL,NULL,NULL,'2019-03-06 07:35:33','2019-03-06 07:35:33'),
(2562,'creation','New Exam Schedule','interface-notif@isuzuphil.com','batan.gv@isuzualabang.com','You have new <span style=\"color: #5caad2;\">Exam Schedule!</span>','Good Day! <strong>IPC Administration</strong> has been created a new schedule for a examination. <br>\r\n						Please click the button to navigate directly to your system.',NULL,NULL,NULL,'2019-03-06 07:36:57','2019-03-06 07:36:57'),
(2563,'creation','New Exam Schedule','interface-notif@isuzuphil.com','armanmbulahan@gmail.com','You have new <span style=\"color: #5caad2;\">Exam Schedule!</span>','Good Day! <strong>IPC Administration</strong> has been created a new schedule for a examination. <br>\r\n						Please click the button to navigate directly to your system.',NULL,NULL,NULL,'2019-03-06 07:36:57','2019-03-06 07:36:57'),
(2564,'creation','New Exam Schedule','interface-notif@isuzuphil.com','jacintocasio@yahoo.com','You have new <span style=\"color: #5caad2;\">Exam Schedule!</span>','Good Day! <strong>IPC Administration</strong> has been created a new schedule for a examination. <br>\r\n						Please click the button to navigate directly to your system.',NULL,NULL,NULL,'2019-03-06 07:36:57','2019-03-06 07:36:57'),
(2565,'creation','New Exam Schedule','interface-notif@isuzuphil.com','gamboarn@yahoo.com','You have new <span style=\"color: #5caad2;\">Exam Schedule!</span>','Good Day! <strong>IPC Administration</strong> has been created a new schedule for a examination. <br>\r\n						Please click the button to navigate directly to your system.',NULL,NULL,NULL,'2019-03-06 07:36:57','2019-03-06 07:36:57'),
(2566,'creation','New Exam Schedule','interface-notif@isuzuphil.com','leomabonga10@gmail.com','You have new <span style=\"color: #5caad2;\">Exam Schedule!</span>','Good Day! <strong>IPC Administration</strong> has been created a new schedule for a examination. <br>\r\n						Please click the button to navigate directly to your system.',NULL,NULL,NULL,'2019-03-06 07:36:57','2019-03-06 07:36:57'),
(2567,'creation','New Exam Schedule','interface-notif@isuzuphil.com','jd_molo@yahoo.com','You have new <span style=\"color: #5caad2;\">Exam Schedule!</span>','Good Day! <strong>IPC Administration</strong> has been created a new schedule for a examination. <br>\r\n						Please click the button to navigate directly to your system.',NULL,NULL,NULL,'2019-03-06 07:36:57','2019-03-06 07:36:57'),
(2568,'creation','New Exam Schedule','interface-notif@isuzuphil.com','jerry.monleon1966@isuzumandaue.com','You have new <span style=\"color: #5caad2;\">Exam Schedule!</span>','Good Day! <strong>IPC Administration</strong> has been created a new schedule for a examination. <br>\r\n						Please click the button to navigate directly to your system.',NULL,NULL,NULL,'2019-03-06 07:36:57','2019-03-06 07:36:57'),
(2569,'creation','New Exam Schedule','interface-notif@isuzuphil.com','rodelas.eo@isuzupasig.com','You have new <span style=\"color: #5caad2;\">Exam Schedule!</span>','Good Day! <strong>IPC Administration</strong> has been created a new schedule for a examination. <br>\r\n						Please click the button to navigate directly to your system.',NULL,NULL,NULL,'2019-03-06 07:36:57','2019-03-06 07:36:57'),
(2570,'creation','New Exam Schedule','interface-notif@isuzuphil.com','jham0501@gmail.com','You have new <span style=\"color: #5caad2;\">Exam Schedule!</span>','Good Day! <strong>IPC Administration</strong> has been created a new schedule for a examination. <br>\r\n						Please click the button to navigate directly to your system.',NULL,NULL,NULL,'2019-03-06 07:36:57','2019-03-06 07:36:57'),
(2571,'creation','New Exam Schedule','interface-notif@isuzuphil.com','maming.da@isuzupasig.com','You have new <span style=\"color: #5caad2;\">Exam Schedule!</span>','Good Day! <strong>IPC Administration</strong> has been created a new schedule for a examination. <br>\r\n						Please click the button to navigate directly to your system.',NULL,NULL,NULL,'2019-03-06 07:36:57','2019-03-06 07:36:57'),
(2572,'creation','New Exam Schedule','interface-notif@isuzuphil.com','bellosillo.gb@isuzurizal.com','You have new <span style=\"color: #5caad2;\">Exam Schedule!</span>','Good Day! <strong>IPC Administration</strong> has been created a new schedule for a examination. <br>\r\n						Please click the button to navigate directly to your system.',NULL,NULL,NULL,'2019-03-06 07:36:57','2019-03-06 07:36:57'),
(2573,'creation','New Exam Schedule','interface-notif@isuzuphil.com','duquiatan.as@isuzucavite.com','You have new <span style=\"color: #5caad2;\">Exam Schedule!</span>','Good Day! <strong>IPC Administration</strong> has been created a new schedule for a examination. <br>\r\n						Please click the button to navigate directly to your system.',NULL,NULL,NULL,'2019-03-06 07:36:57','2019-03-06 07:36:57'),
(2574,'creation','New Exam Schedule','interface-notif@isuzuphil.com','laqui.dm@isuzucavite.com','You have new <span style=\"color: #5caad2;\">Exam Schedule!</span>','Good Day! <strong>IPC Administration</strong> has been created a new schedule for a examination. <br>\r\n						Please click the button to navigate directly to your system.',NULL,NULL,NULL,'2019-03-06 07:36:57','2019-03-06 07:36:57'),
(2575,'creation','New Exam Schedule','interface-notif@isuzuphil.com','tinoy.gg@isuzuiloilo.com','You have new <span style=\"color: #5caad2;\">Exam Schedule!</span>','Good Day! <strong>IPC Administration</strong> has been created a new schedule for a examination. <br>\r\n						Please click the button to navigate directly to your system.',NULL,NULL,NULL,'2019-03-06 07:36:57','2019-03-06 07:36:57'),
(2576,'creation','New Exam Schedule','interface-notif@isuzuphil.com','Ybanez.ep@isuzumandaue.com','You have new <span style=\"color: #5caad2;\">Exam Schedule!</span>','Good Day! <strong>IPC Administration</strong> has been created a new schedule for a examination. <br>\r\n						Please click the button to navigate directly to your system.',NULL,NULL,NULL,'2019-03-06 07:36:57','2019-03-06 07:36:57'),
(2577,'creation','New Exam Schedule','interface-notif@isuzuphil.com','eufemio.ybanez@yahoo.com','You have new <span style=\"color: #5caad2;\">Exam Schedule!</span>','Good Day! <strong>IPC Administration</strong> has been created a new schedule for a examination. <br>\r\n						Please click the button to navigate directly to your system.',NULL,NULL,NULL,'2019-03-06 07:36:57','2019-03-06 07:36:57'),
(2578,'creation','New Exam Schedule','interface-notif@isuzuphil.com','Descallar.ra@isuzumandaue.com','You have new <span style=\"color: #5caad2;\">Exam Schedule!</span>','Good Day! <strong>IPC Administration</strong> has been created a new schedule for a examination. <br>\r\n						Please click the button to navigate directly to your system.',NULL,NULL,NULL,'2019-03-06 07:36:57','2019-03-06 07:36:57'),
(2579,'creation','New Exam Schedule','interface-notif@isuzuphil.com','jerlius@yahoo.com','You have new <span style=\"color: #5caad2;\">Exam Schedule!</span>','Good Day! <strong>IPC Administration</strong> has been created a new schedule for a examination. <br>\r\n						Please click the button to navigate directly to your system.',NULL,NULL,NULL,'2019-03-06 07:36:57','2019-03-06 07:36:57'),
(2580,'creation','New Exam Schedule','interface-notif@isuzuphil.com','arwynnsanhi@bmdmotors.com','You have new <span style=\"color: #5caad2;\">Exam Schedule!</span>','Good Day! <strong>IPC Administration</strong> has been created a new schedule for a examination. <br>\r\n						Please click the button to navigate directly to your system.',NULL,NULL,NULL,'2019-03-06 07:36:57','2019-03-06 07:36:57'),
(2581,'creation','New Exam Schedule','interface-notif@isuzuphil.com','bobbypaltao@yahoo.com','You have new <span style=\"color: #5caad2;\">Exam Schedule!</span>','Good Day! <strong>IPC Administration</strong> has been created a new schedule for a examination. <br>\r\n						Please click the button to navigate directly to your system.',NULL,NULL,NULL,'2019-03-06 07:36:57','2019-03-06 07:36:57'),
(2582,'creation','New Exam Schedule','interface-notif@isuzuphil.com','rsdimas_service@yahoo.com','You have new <span style=\"color: #5caad2;\">Exam Schedule!</span>','Good Day! <strong>IPC Administration</strong> has been created a new schedule for a examination. <br>\r\n						Please click the button to navigate directly to your system.',NULL,NULL,NULL,'2019-03-06 07:36:57','2019-03-06 07:36:57'),
(2583,'creation','New Exam Schedule','interface-notif@isuzuphil.com','ramiemonterola@yahoo.com','You have new <span style=\"color: #5caad2;\">Exam Schedule!</span>','Good Day! <strong>IPC Administration</strong> has been created a new schedule for a examination. <br>\r\n						Please click the button to navigate directly to your system.',NULL,NULL,NULL,'2019-03-06 07:36:57','2019-03-06 07:36:57'),
(2584,'creation','New Exam Schedule','interface-notif@isuzuphil.com','ahsibulo@isuzucommonwealth.com','You have new <span style=\"color: #5caad2;\">Exam Schedule!</span>','Good Day! <strong>IPC Administration</strong> has been created a new schedule for a examination. <br>\r\n						Please click the button to navigate directly to your system.',NULL,NULL,NULL,'2019-03-06 07:36:57','2019-03-06 07:36:57'),
(2585,'creation','New Exam Schedule','interface-notif@isuzuphil.com','mghufemia@isuzumanila.com','You have new <span style=\"color: #5caad2;\">Exam Schedule!</span>','Good Day! <strong>IPC Administration</strong> has been created a new schedule for a examination. <br>\r\n						Please click the button to navigate directly to your system.',NULL,NULL,NULL,'2019-03-06 07:36:57','2019-03-06 07:36:57'),
(2586,'creation','New Exam Schedule','interface-notif@isuzuphil.com','mg_manuel5462@yahoo.com','You have new <span style=\"color: #5caad2;\">Exam Schedule!</span>','Good Day! <strong>IPC Administration</strong> has been created a new schedule for a examination. <br>\r\n						Please click the button to navigate directly to your system.',NULL,NULL,NULL,'2019-03-06 07:36:57','2019-03-06 07:36:57'),
(2587,'creation','New Exam Schedule','interface-notif@isuzuphil.com','oqparungao@yahoo.com.ph','You have new <span style=\"color: #5caad2;\">Exam Schedule!</span>','Good Day! <strong>IPC Administration</strong> has been created a new schedule for a examination. <br>\r\n						Please click the button to navigate directly to your system.',NULL,NULL,NULL,'2019-03-06 07:36:57','2019-03-06 07:36:57'),
(2588,'creation','New Exam Schedule','interface-notif@isuzuphil.com','manuelboycastro@yahoo.com','You have new <span style=\"color: #5caad2;\">Exam Schedule!</span>','Good Day! <strong>IPC Administration</strong> has been created a new schedule for a examination. <br>\r\n						Please click the button to navigate directly to your system.',NULL,NULL,NULL,'2019-03-06 07:36:57','2019-03-06 07:36:57'),
(2589,'creation','New Exam Schedule','interface-notif@isuzuphil.com','busime.isuzubacolod@gmail.com','You have new <span style=\"color: #5caad2;\">Exam Schedule!</span>','Good Day! <strong>IPC Administration</strong> has been created a new schedule for a examination. <br>\r\n						Please click the button to navigate directly to your system.',NULL,NULL,NULL,'2019-03-06 07:36:57','2019-03-06 07:36:57'),
(2590,'creation','New Exam Schedule','interface-notif@isuzuphil.com','dedaleleazar@yahoo.com','You have new <span style=\"color: #5caad2;\">Exam Schedule!</span>','Good Day! <strong>IPC Administration</strong> has been created a new schedule for a examination. <br>\r\n						Please click the button to navigate directly to your system.',NULL,NULL,NULL,'2019-03-06 07:36:57','2019-03-06 07:36:57'),
(2591,'creation','New Exam Schedule','interface-notif@isuzuphil.com','pasion.rd@isuzutaytay.com','You have new <span style=\"color: #5caad2;\">Exam Schedule!</span>','Good Day! <strong>IPC Administration</strong> has been created a new schedule for a examination. <br>\r\n						Please click the button to navigate directly to your system.',NULL,NULL,NULL,'2019-03-06 07:36:57','2019-03-06 07:36:57'),
(2592,'creation','New Exam Schedule','interface-notif@isuzuphil.com','cenon_liwanag@yahoo.com','You have new <span style=\"color: #5caad2;\">Exam Schedule!</span>','Good Day! <strong>IPC Administration</strong> has been created a new schedule for a examination. <br>\r\n						Please click the button to navigate directly to your system.',NULL,NULL,NULL,'2019-03-06 07:36:57','2019-03-06 07:36:57'),
(2593,'creation','New Exam Schedule','interface-notif@isuzuphil.com','richardgime10@gmail.com','You have new <span style=\"color: #5caad2;\">Exam Schedule!</span>','Good Day! <strong>IPC Administration</strong> has been created a new schedule for a examination. <br>\r\n						Please click the button to navigate directly to your system.',NULL,NULL,NULL,'2019-03-06 07:36:57','2019-03-06 07:36:57'),
(2594,'creation','New Exam Schedule','interface-notif@isuzuphil.com','glennsanjuan20@yahoo.com','You have new <span style=\"color: #5caad2;\">Exam Schedule!</span>','Good Day! <strong>IPC Administration</strong> has been created a new schedule for a examination. <br>\r\n						Please click the button to navigate directly to your system.',NULL,NULL,NULL,'2019-03-06 07:36:57','2019-03-06 07:36:57'),
(2595,'creation','New Exam Schedule','interface-notif@isuzuphil.com','jerry.monleon1966@gmail.com','You have new <span style=\"color: #5caad2;\">Exam Schedule!</span>','Good Day! <strong>IPC Administration</strong> has been created a new schedule for a examination. <br>\r\n						Please click the button to navigate directly to your system.',NULL,NULL,NULL,'2019-03-06 07:36:57','2019-03-06 07:36:57'),
(2596,'creation','New Exam Schedule','interface-notif@isuzuphil.com','susanreyes_isuzugencars@yahoo.com','You have new <span style=\"color: #5caad2;\">Exam Schedule!</span>','Good Day! <strong>IPC Administration</strong> has been created a new schedule for a examination. <br>\r\n						Please click the button to navigate directly to your system.',NULL,NULL,NULL,'2019-03-06 07:36:57','2019-03-06 07:36:57'),
(2597,'creation','New Exam Schedule','interface-notif@isuzuphil.com','memmayor@yahoo.com','You have new <span style=\"color: #5caad2;\">Exam Schedule!</span>','Good Day! <strong>IPC Administration</strong> has been created a new schedule for a examination. <br>\r\n						Please click the button to navigate directly to your system.',NULL,NULL,NULL,'2019-03-06 07:36:57','2019-03-06 07:36:57'),
(2598,'creation','New Exam Schedule','interface-notif@isuzuphil.com','bobby.paltao@yahoo.com','You have new <span style=\"color: #5caad2;\">Exam Schedule!</span>','Good Day! <strong>IPC Administration</strong> has been created a new schedule for a examination. <br>\r\n						Please click the button to navigate directly to your system.',NULL,NULL,NULL,'2019-03-06 07:36:57','2019-03-06 07:36:57'),
(2599,'creation','New Exam Schedule','interface-notif@isuzuphil.com','resty.miranda16@yahoo.com','You have new <span style=\"color: #5caad2;\">Exam Schedule!</span>','Good Day! <strong>IPC Administration</strong> has been created a new schedule for a examination. <br>\r\n						Please click the button to navigate directly to your system.',NULL,NULL,NULL,'2019-03-06 07:36:57','2019-03-06 07:36:57'),
(2600,'creation','New Exam Schedule','interface-notif@isuzuphil.com','wenceslao.cammayo@yahoo.com','You have new <span style=\"color: #5caad2;\">Exam Schedule!</span>','Good Day! <strong>IPC Administration</strong> has been created a new schedule for a examination. <br>\r\n						Please click the button to navigate directly to your system.',NULL,NULL,NULL,'2019-03-06 07:36:57','2019-03-06 07:36:57'),
(2601,'creation','New Exam Schedule','interface-notif@isuzuphil.com','adello.sibuloisuzugreenhills@yahoo.com','You have new <span style=\"color: #5caad2;\">Exam Schedule!</span>','Good Day! <strong>IPC Administration</strong> has been created a new schedule for a examination. <br>\r\n						Please click the button to navigate directly to your system.',NULL,NULL,NULL,'2019-03-06 07:36:57','2019-03-06 07:36:57'),
(2602,'creation','New Exam Schedule','interface-notif@isuzuphil.com','isuzugensan@yahoo.com','You have new <span style=\"color: #5caad2;\">Exam Schedule!</span>','Good Day! <strong>IPC Administration</strong> has been created a new schedule for a examination. <br>\r\n						Please click the button to navigate directly to your system.',NULL,NULL,NULL,'2019-03-06 07:36:57','2019-03-06 07:36:57'),
(2603,'creation','New Exam Schedule','interface-notif@isuzuphil.com','isuzubtn@gmail.com','You have new <span style=\"color: #5caad2;\">Exam Schedule!</span>','Good Day! <strong>IPC Administration</strong> has been created a new schedule for a examination. <br>\r\n						Please click the button to navigate directly to your system.',NULL,NULL,NULL,'2019-03-06 07:36:57','2019-03-06 07:36:57'),
(2604,'creation','New Exam Schedule','interface-notif@isuzuphil.com','michael.hufemiaisuzuleyte@yahoo.com','You have new <span style=\"color: #5caad2;\">Exam Schedule!</span>','Good Day! <strong>IPC Administration</strong> has been created a new schedule for a examination. <br>\r\n						Please click the button to navigate directly to your system.',NULL,NULL,NULL,'2019-03-06 07:36:57','2019-03-06 07:36:57'),
(2605,'creation','New Exam Schedule','interface-notif@isuzuphil.com','izu_zambo@yahoo.com','You have new <span style=\"color: #5caad2;\">Exam Schedule!</span>','Good Day! <strong>IPC Administration</strong> has been created a new schedule for a examination. <br>\r\n						Please click the button to navigate directly to your system.',NULL,NULL,NULL,'2019-03-06 07:36:57','2019-03-06 07:36:57'),
(2606,'creation','New Exam Schedule','interface-notif@isuzuphil.com','isuzudipolog@yahoo.com','You have new <span style=\"color: #5caad2;\">Exam Schedule!</span>','Good Day! <strong>IPC Administration</strong> has been created a new schedule for a examination. <br>\r\n						Please click the button to navigate directly to your system.',NULL,NULL,NULL,'2019-03-06 07:36:57','2019-03-06 07:36:57'),
(2607,'creation','New Exam Schedule','interface-notif@isuzuphil.com','cheryll_decena@yahoo.com','You have new <span style=\"color: #5caad2;\">Exam Schedule!</span>','Good Day! <strong>IPC Administration</strong> has been created a new schedule for a examination. <br>\r\n						Please click the button to navigate directly to your system.',NULL,NULL,NULL,'2019-03-06 07:36:57','2019-03-06 07:36:57'),
(2608,'creation','New Exam Schedule','interface-notif@isuzuphil.com','isuzudumaguete@hotmail.com','You have new <span style=\"color: #5caad2;\">Exam Schedule!</span>','Good Day! <strong>IPC Administration</strong> has been created a new schedule for a examination. <br>\r\n						Please click the button to navigate directly to your system.',NULL,NULL,NULL,'2019-03-06 07:36:57','2019-03-06 07:36:57'),
(2609,'creation','New Exam Schedule','interface-notif@isuzuphil.com','abrille@gmail.com','You have new <span style=\"color: #5caad2;\">Exam Schedule!</span>','Good Day! <strong>IPC Administration</strong> has been created a new schedule for a examination. <br>\r\n						Please click the button to navigate directly to your system.',NULL,NULL,NULL,'2019-03-06 07:36:57','2019-03-06 07:36:57'),
(2610,'creation','New Exam Schedule','interface-notif@isuzuphil.com','isuzupagbilaoservice.main@gmail.com','You have new <span style=\"color: #5caad2;\">Exam Schedule!</span>','Good Day! <strong>IPC Administration</strong> has been created a new schedule for a examination. <br>\r\n						Please click the button to navigate directly to your system.',NULL,NULL,NULL,'2019-03-06 07:36:57','2019-03-06 07:36:57'),
(2611,'creation','New Exam Schedule','interface-notif@isuzuphil.com','wenceslaocammayo@yahoo.com','You have new <span style=\"color: #5caad2;\">Exam Schedule!</span>','Good Day! <strong>IPC Administration</strong> has been created a new schedule for a examination. <br>\r\n						Please click the button to navigate directly to your system.',NULL,NULL,NULL,'2019-03-06 07:36:57','2019-03-06 07:36:57'),
(2612,'creation','New Exam Schedule','interface-notif@isuzuphil.com','batan.gv@isuzualabang.com','You have new <span style=\"color: #5caad2;\">Exam Schedule!</span>','Good Day! <strong>IPC Administration</strong> has been created a new schedule for a examination. <br>\r\n						Please click the button to navigate directly to your system.',NULL,NULL,NULL,'2019-03-06 07:37:47','2019-03-06 07:37:47'),
(2613,'creation','New Exam Schedule','interface-notif@isuzuphil.com','armanmbulahan@gmail.com','You have new <span style=\"color: #5caad2;\">Exam Schedule!</span>','Good Day! <strong>IPC Administration</strong> has been created a new schedule for a examination. <br>\r\n						Please click the button to navigate directly to your system.',NULL,NULL,NULL,'2019-03-06 07:37:47','2019-03-06 07:37:47'),
(2614,'creation','New Exam Schedule','interface-notif@isuzuphil.com','jacintocasio@yahoo.com','You have new <span style=\"color: #5caad2;\">Exam Schedule!</span>','Good Day! <strong>IPC Administration</strong> has been created a new schedule for a examination. <br>\r\n						Please click the button to navigate directly to your system.',NULL,NULL,NULL,'2019-03-06 07:37:47','2019-03-06 07:37:47'),
(2615,'creation','New Exam Schedule','interface-notif@isuzuphil.com','gamboarn@yahoo.com','You have new <span style=\"color: #5caad2;\">Exam Schedule!</span>','Good Day! <strong>IPC Administration</strong> has been created a new schedule for a examination. <br>\r\n						Please click the button to navigate directly to your system.',NULL,NULL,NULL,'2019-03-06 07:37:47','2019-03-06 07:37:47'),
(2616,'creation','New Exam Schedule','interface-notif@isuzuphil.com','leomabonga10@gmail.com','You have new <span style=\"color: #5caad2;\">Exam Schedule!</span>','Good Day! <strong>IPC Administration</strong> has been created a new schedule for a examination. <br>\r\n						Please click the button to navigate directly to your system.',NULL,NULL,NULL,'2019-03-06 07:37:47','2019-03-06 07:37:47'),
(2617,'creation','New Exam Schedule','interface-notif@isuzuphil.com','jd_molo@yahoo.com','You have new <span style=\"color: #5caad2;\">Exam Schedule!</span>','Good Day! <strong>IPC Administration</strong> has been created a new schedule for a examination. <br>\r\n						Please click the button to navigate directly to your system.',NULL,NULL,NULL,'2019-03-06 07:37:47','2019-03-06 07:37:47'),
(2618,'creation','New Exam Schedule','interface-notif@isuzuphil.com','jerry.monleon1966@isuzumandaue.com','You have new <span style=\"color: #5caad2;\">Exam Schedule!</span>','Good Day! <strong>IPC Administration</strong> has been created a new schedule for a examination. <br>\r\n						Please click the button to navigate directly to your system.',NULL,NULL,NULL,'2019-03-06 07:37:47','2019-03-06 07:37:47'),
(2619,'creation','New Exam Schedule','interface-notif@isuzuphil.com','rodelas.eo@isuzupasig.com','You have new <span style=\"color: #5caad2;\">Exam Schedule!</span>','Good Day! <strong>IPC Administration</strong> has been created a new schedule for a examination. <br>\r\n						Please click the button to navigate directly to your system.',NULL,NULL,NULL,'2019-03-06 07:37:47','2019-03-06 07:37:47'),
(2620,'creation','New Exam Schedule','interface-notif@isuzuphil.com','jham0501@gmail.com','You have new <span style=\"color: #5caad2;\">Exam Schedule!</span>','Good Day! <strong>IPC Administration</strong> has been created a new schedule for a examination. <br>\r\n						Please click the button to navigate directly to your system.',NULL,NULL,NULL,'2019-03-06 07:37:47','2019-03-06 07:37:47'),
(2621,'creation','New Exam Schedule','interface-notif@isuzuphil.com','maming.da@isuzupasig.com','You have new <span style=\"color: #5caad2;\">Exam Schedule!</span>','Good Day! <strong>IPC Administration</strong> has been created a new schedule for a examination. <br>\r\n						Please click the button to navigate directly to your system.',NULL,NULL,NULL,'2019-03-06 07:37:47','2019-03-06 07:37:47'),
(2622,'creation','New Exam Schedule','interface-notif@isuzuphil.com','bellosillo.gb@isuzurizal.com','You have new <span style=\"color: #5caad2;\">Exam Schedule!</span>','Good Day! <strong>IPC Administration</strong> has been created a new schedule for a examination. <br>\r\n						Please click the button to navigate directly to your system.',NULL,NULL,NULL,'2019-03-06 07:37:47','2019-03-06 07:37:47'),
(2623,'creation','New Exam Schedule','interface-notif@isuzuphil.com','duquiatan.as@isuzucavite.com','You have new <span style=\"color: #5caad2;\">Exam Schedule!</span>','Good Day! <strong>IPC Administration</strong> has been created a new schedule for a examination. <br>\r\n						Please click the button to navigate directly to your system.',NULL,NULL,NULL,'2019-03-06 07:37:47','2019-03-06 07:37:47'),
(2624,'creation','New Exam Schedule','interface-notif@isuzuphil.com','laqui.dm@isuzucavite.com','You have new <span style=\"color: #5caad2;\">Exam Schedule!</span>','Good Day! <strong>IPC Administration</strong> has been created a new schedule for a examination. <br>\r\n						Please click the button to navigate directly to your system.',NULL,NULL,NULL,'2019-03-06 07:37:47','2019-03-06 07:37:47'),
(2625,'creation','New Exam Schedule','interface-notif@isuzuphil.com','tinoy.gg@isuzuiloilo.com','You have new <span style=\"color: #5caad2;\">Exam Schedule!</span>','Good Day! <strong>IPC Administration</strong> has been created a new schedule for a examination. <br>\r\n						Please click the button to navigate directly to your system.',NULL,NULL,NULL,'2019-03-06 07:37:47','2019-03-06 07:37:47'),
(2626,'creation','New Exam Schedule','interface-notif@isuzuphil.com','Ybanez.ep@isuzumandaue.com','You have new <span style=\"color: #5caad2;\">Exam Schedule!</span>','Good Day! <strong>IPC Administration</strong> has been created a new schedule for a examination. <br>\r\n						Please click the button to navigate directly to your system.',NULL,NULL,NULL,'2019-03-06 07:37:47','2019-03-06 07:37:47'),
(2627,'creation','New Exam Schedule','interface-notif@isuzuphil.com','eufemio.ybanez@yahoo.com','You have new <span style=\"color: #5caad2;\">Exam Schedule!</span>','Good Day! <strong>IPC Administration</strong> has been created a new schedule for a examination. <br>\r\n						Please click the button to navigate directly to your system.',NULL,NULL,NULL,'2019-03-06 07:37:47','2019-03-06 07:37:47'),
(2628,'creation','New Exam Schedule','interface-notif@isuzuphil.com','Descallar.ra@isuzumandaue.com','You have new <span style=\"color: #5caad2;\">Exam Schedule!</span>','Good Day! <strong>IPC Administration</strong> has been created a new schedule for a examination. <br>\r\n						Please click the button to navigate directly to your system.',NULL,NULL,NULL,'2019-03-06 07:37:47','2019-03-06 07:37:47'),
(2629,'creation','New Exam Schedule','interface-notif@isuzuphil.com','jerlius@yahoo.com','You have new <span style=\"color: #5caad2;\">Exam Schedule!</span>','Good Day! <strong>IPC Administration</strong> has been created a new schedule for a examination. <br>\r\n						Please click the button to navigate directly to your system.',NULL,NULL,NULL,'2019-03-06 07:37:47','2019-03-06 07:37:47'),
(2630,'creation','New Exam Schedule','interface-notif@isuzuphil.com','arwynnsanhi@bmdmotors.com','You have new <span style=\"color: #5caad2;\">Exam Schedule!</span>','Good Day! <strong>IPC Administration</strong> has been created a new schedule for a examination. <br>\r\n						Please click the button to navigate directly to your system.',NULL,NULL,NULL,'2019-03-06 07:37:47','2019-03-06 07:37:47'),
(2631,'creation','New Exam Schedule','interface-notif@isuzuphil.com','bobbypaltao@yahoo.com','You have new <span style=\"color: #5caad2;\">Exam Schedule!</span>','Good Day! <strong>IPC Administration</strong> has been created a new schedule for a examination. <br>\r\n						Please click the button to navigate directly to your system.',NULL,NULL,NULL,'2019-03-06 07:37:47','2019-03-06 07:37:47'),
(2632,'creation','New Exam Schedule','interface-notif@isuzuphil.com','rsdimas_service@yahoo.com','You have new <span style=\"color: #5caad2;\">Exam Schedule!</span>','Good Day! <strong>IPC Administration</strong> has been created a new schedule for a examination. <br>\r\n						Please click the button to navigate directly to your system.',NULL,NULL,NULL,'2019-03-06 07:37:47','2019-03-06 07:37:47'),
(2633,'creation','New Exam Schedule','interface-notif@isuzuphil.com','ramiemonterola@yahoo.com','You have new <span style=\"color: #5caad2;\">Exam Schedule!</span>','Good Day! <strong>IPC Administration</strong> has been created a new schedule for a examination. <br>\r\n						Please click the button to navigate directly to your system.',NULL,NULL,NULL,'2019-03-06 07:37:47','2019-03-06 07:37:47'),
(2634,'creation','New Exam Schedule','interface-notif@isuzuphil.com','ahsibulo@isuzucommonwealth.com','You have new <span style=\"color: #5caad2;\">Exam Schedule!</span>','Good Day! <strong>IPC Administration</strong> has been created a new schedule for a examination. <br>\r\n						Please click the button to navigate directly to your system.',NULL,NULL,NULL,'2019-03-06 07:37:47','2019-03-06 07:37:47'),
(2635,'creation','New Exam Schedule','interface-notif@isuzuphil.com','mghufemia@isuzumanila.com','You have new <span style=\"color: #5caad2;\">Exam Schedule!</span>','Good Day! <strong>IPC Administration</strong> has been created a new schedule for a examination. <br>\r\n						Please click the button to navigate directly to your system.',NULL,NULL,NULL,'2019-03-06 07:37:47','2019-03-06 07:37:47'),
(2636,'creation','New Exam Schedule','interface-notif@isuzuphil.com','mg_manuel5462@yahoo.com','You have new <span style=\"color: #5caad2;\">Exam Schedule!</span>','Good Day! <strong>IPC Administration</strong> has been created a new schedule for a examination. <br>\r\n						Please click the button to navigate directly to your system.',NULL,NULL,NULL,'2019-03-06 07:37:47','2019-03-06 07:37:47'),
(2637,'creation','New Exam Schedule','interface-notif@isuzuphil.com','oqparungao@yahoo.com.ph','You have new <span style=\"color: #5caad2;\">Exam Schedule!</span>','Good Day! <strong>IPC Administration</strong> has been created a new schedule for a examination. <br>\r\n						Please click the button to navigate directly to your system.',NULL,NULL,NULL,'2019-03-06 07:37:47','2019-03-06 07:37:47'),
(2638,'creation','New Exam Schedule','interface-notif@isuzuphil.com','manuelboycastro@yahoo.com','You have new <span style=\"color: #5caad2;\">Exam Schedule!</span>','Good Day! <strong>IPC Administration</strong> has been created a new schedule for a examination. <br>\r\n						Please click the button to navigate directly to your system.',NULL,NULL,NULL,'2019-03-06 07:37:47','2019-03-06 07:37:47'),
(2639,'creation','New Exam Schedule','interface-notif@isuzuphil.com','busime.isuzubacolod@gmail.com','You have new <span style=\"color: #5caad2;\">Exam Schedule!</span>','Good Day! <strong>IPC Administration</strong> has been created a new schedule for a examination. <br>\r\n						Please click the button to navigate directly to your system.',NULL,NULL,NULL,'2019-03-06 07:37:47','2019-03-06 07:37:47'),
(2640,'creation','New Exam Schedule','interface-notif@isuzuphil.com','dedaleleazar@yahoo.com','You have new <span style=\"color: #5caad2;\">Exam Schedule!</span>','Good Day! <strong>IPC Administration</strong> has been created a new schedule for a examination. <br>\r\n						Please click the button to navigate directly to your system.',NULL,NULL,NULL,'2019-03-06 07:37:47','2019-03-06 07:37:47'),
(2641,'creation','New Exam Schedule','interface-notif@isuzuphil.com','pasion.rd@isuzutaytay.com','You have new <span style=\"color: #5caad2;\">Exam Schedule!</span>','Good Day! <strong>IPC Administration</strong> has been created a new schedule for a examination. <br>\r\n						Please click the button to navigate directly to your system.',NULL,NULL,NULL,'2019-03-06 07:37:47','2019-03-06 07:37:47'),
(2642,'creation','New Exam Schedule','interface-notif@isuzuphil.com','cenon_liwanag@yahoo.com','You have new <span style=\"color: #5caad2;\">Exam Schedule!</span>','Good Day! <strong>IPC Administration</strong> has been created a new schedule for a examination. <br>\r\n						Please click the button to navigate directly to your system.',NULL,NULL,NULL,'2019-03-06 07:37:47','2019-03-06 07:37:47'),
(2643,'creation','New Exam Schedule','interface-notif@isuzuphil.com','richardgime10@gmail.com','You have new <span style=\"color: #5caad2;\">Exam Schedule!</span>','Good Day! <strong>IPC Administration</strong> has been created a new schedule for a examination. <br>\r\n						Please click the button to navigate directly to your system.',NULL,NULL,NULL,'2019-03-06 07:37:47','2019-03-06 07:37:47'),
(2644,'creation','New Exam Schedule','interface-notif@isuzuphil.com','glennsanjuan20@yahoo.com','You have new <span style=\"color: #5caad2;\">Exam Schedule!</span>','Good Day! <strong>IPC Administration</strong> has been created a new schedule for a examination. <br>\r\n						Please click the button to navigate directly to your system.',NULL,NULL,NULL,'2019-03-06 07:37:47','2019-03-06 07:37:47'),
(2645,'creation','New Exam Schedule','interface-notif@isuzuphil.com','jerry.monleon1966@gmail.com','You have new <span style=\"color: #5caad2;\">Exam Schedule!</span>','Good Day! <strong>IPC Administration</strong> has been created a new schedule for a examination. <br>\r\n						Please click the button to navigate directly to your system.',NULL,NULL,NULL,'2019-03-06 07:37:47','2019-03-06 07:37:47'),
(2646,'creation','New Exam Schedule','interface-notif@isuzuphil.com','susanreyes_isuzugencars@yahoo.com','You have new <span style=\"color: #5caad2;\">Exam Schedule!</span>','Good Day! <strong>IPC Administration</strong> has been created a new schedule for a examination. <br>\r\n						Please click the button to navigate directly to your system.',NULL,NULL,NULL,'2019-03-06 07:37:47','2019-03-06 07:37:47'),
(2647,'creation','New Exam Schedule','interface-notif@isuzuphil.com','memmayor@yahoo.com','You have new <span style=\"color: #5caad2;\">Exam Schedule!</span>','Good Day! <strong>IPC Administration</strong> has been created a new schedule for a examination. <br>\r\n						Please click the button to navigate directly to your system.',NULL,NULL,NULL,'2019-03-06 07:37:47','2019-03-06 07:37:47'),
(2648,'creation','New Exam Schedule','interface-notif@isuzuphil.com','bobby.paltao@yahoo.com','You have new <span style=\"color: #5caad2;\">Exam Schedule!</span>','Good Day! <strong>IPC Administration</strong> has been created a new schedule for a examination. <br>\r\n						Please click the button to navigate directly to your system.',NULL,NULL,NULL,'2019-03-06 07:37:47','2019-03-06 07:37:47'),
(2649,'creation','New Exam Schedule','interface-notif@isuzuphil.com','resty.miranda16@yahoo.com','You have new <span style=\"color: #5caad2;\">Exam Schedule!</span>','Good Day! <strong>IPC Administration</strong> has been created a new schedule for a examination. <br>\r\n						Please click the button to navigate directly to your system.',NULL,NULL,NULL,'2019-03-06 07:37:47','2019-03-06 07:37:47'),
(2650,'creation','New Exam Schedule','interface-notif@isuzuphil.com','wenceslao.cammayo@yahoo.com','You have new <span style=\"color: #5caad2;\">Exam Schedule!</span>','Good Day! <strong>IPC Administration</strong> has been created a new schedule for a examination. <br>\r\n						Please click the button to navigate directly to your system.',NULL,NULL,NULL,'2019-03-06 07:37:47','2019-03-06 07:37:47'),
(2651,'creation','New Exam Schedule','interface-notif@isuzuphil.com','adello.sibuloisuzugreenhills@yahoo.com','You have new <span style=\"color: #5caad2;\">Exam Schedule!</span>','Good Day! <strong>IPC Administration</strong> has been created a new schedule for a examination. <br>\r\n						Please click the button to navigate directly to your system.',NULL,NULL,NULL,'2019-03-06 07:37:47','2019-03-06 07:37:47'),
(2652,'creation','New Exam Schedule','interface-notif@isuzuphil.com','isuzugensan@yahoo.com','You have new <span style=\"color: #5caad2;\">Exam Schedule!</span>','Good Day! <strong>IPC Administration</strong> has been created a new schedule for a examination. <br>\r\n						Please click the button to navigate directly to your system.',NULL,NULL,NULL,'2019-03-06 07:37:47','2019-03-06 07:37:47'),
(2653,'creation','New Exam Schedule','interface-notif@isuzuphil.com','isuzubtn@gmail.com','You have new <span style=\"color: #5caad2;\">Exam Schedule!</span>','Good Day! <strong>IPC Administration</strong> has been created a new schedule for a examination. <br>\r\n						Please click the button to navigate directly to your system.',NULL,NULL,NULL,'2019-03-06 07:37:47','2019-03-06 07:37:47'),
(2654,'creation','New Exam Schedule','interface-notif@isuzuphil.com','michael.hufemiaisuzuleyte@yahoo.com','You have new <span style=\"color: #5caad2;\">Exam Schedule!</span>','Good Day! <strong>IPC Administration</strong> has been created a new schedule for a examination. <br>\r\n						Please click the button to navigate directly to your system.',NULL,NULL,NULL,'2019-03-06 07:37:47','2019-03-06 07:37:47'),
(2655,'creation','New Exam Schedule','interface-notif@isuzuphil.com','izu_zambo@yahoo.com','You have new <span style=\"color: #5caad2;\">Exam Schedule!</span>','Good Day! <strong>IPC Administration</strong> has been created a new schedule for a examination. <br>\r\n						Please click the button to navigate directly to your system.',NULL,NULL,NULL,'2019-03-06 07:37:47','2019-03-06 07:37:47'),
(2656,'creation','New Exam Schedule','interface-notif@isuzuphil.com','isuzudipolog@yahoo.com','You have new <span style=\"color: #5caad2;\">Exam Schedule!</span>','Good Day! <strong>IPC Administration</strong> has been created a new schedule for a examination. <br>\r\n						Please click the button to navigate directly to your system.',NULL,NULL,NULL,'2019-03-06 07:37:47','2019-03-06 07:37:47'),
(2657,'creation','New Exam Schedule','interface-notif@isuzuphil.com','cheryll_decena@yahoo.com','You have new <span style=\"color: #5caad2;\">Exam Schedule!</span>','Good Day! <strong>IPC Administration</strong> has been created a new schedule for a examination. <br>\r\n						Please click the button to navigate directly to your system.',NULL,NULL,NULL,'2019-03-06 07:37:47','2019-03-06 07:37:47'),
(2658,'creation','New Exam Schedule','interface-notif@isuzuphil.com','isuzudumaguete@hotmail.com','You have new <span style=\"color: #5caad2;\">Exam Schedule!</span>','Good Day! <strong>IPC Administration</strong> has been created a new schedule for a examination. <br>\r\n						Please click the button to navigate directly to your system.',NULL,NULL,NULL,'2019-03-06 07:37:47','2019-03-06 07:37:47'),
(2659,'creation','New Exam Schedule','interface-notif@isuzuphil.com','abrille@gmail.com','You have new <span style=\"color: #5caad2;\">Exam Schedule!</span>','Good Day! <strong>IPC Administration</strong> has been created a new schedule for a examination. <br>\r\n						Please click the button to navigate directly to your system.',NULL,NULL,NULL,'2019-03-06 07:37:47','2019-03-06 07:37:47'),
(2660,'creation','New Exam Schedule','interface-notif@isuzuphil.com','isuzupagbilaoservice.main@gmail.com','You have new <span style=\"color: #5caad2;\">Exam Schedule!</span>','Good Day! <strong>IPC Administration</strong> has been created a new schedule for a examination. <br>\r\n						Please click the button to navigate directly to your system.',NULL,NULL,NULL,'2019-03-06 07:37:47','2019-03-06 07:37:47'),
(2661,'creation','New Exam Schedule','interface-notif@isuzuphil.com','wenceslaocammayo@yahoo.com','You have new <span style=\"color: #5caad2;\">Exam Schedule!</span>','Good Day! <strong>IPC Administration</strong> has been created a new schedule for a examination. <br>\r\n						Please click the button to navigate directly to your system.',NULL,NULL,NULL,'2019-03-06 07:37:47','2019-03-06 07:37:47'),
(2662,'creation','New Exam Schedule','interface-notif@isuzuphil.com','batan.gv@isuzualabang.com','You have new <span style=\"color: #5caad2;\">Exam Schedule!</span>','Good Day! <strong>IPC Administration</strong> has been created a new schedule for a examination. <br>\r\n						Please click the button to navigate directly to your system.',NULL,NULL,NULL,'2019-03-06 07:38:29','2019-03-06 07:38:29'),
(2663,'creation','New Exam Schedule','interface-notif@isuzuphil.com','armanmbulahan@gmail.com','You have new <span style=\"color: #5caad2;\">Exam Schedule!</span>','Good Day! <strong>IPC Administration</strong> has been created a new schedule for a examination. <br>\r\n						Please click the button to navigate directly to your system.',NULL,NULL,NULL,'2019-03-06 07:38:29','2019-03-06 07:38:29'),
(2664,'creation','New Exam Schedule','interface-notif@isuzuphil.com','jacintocasio@yahoo.com','You have new <span style=\"color: #5caad2;\">Exam Schedule!</span>','Good Day! <strong>IPC Administration</strong> has been created a new schedule for a examination. <br>\r\n						Please click the button to navigate directly to your system.',NULL,NULL,NULL,'2019-03-06 07:38:29','2019-03-06 07:38:29'),
(2665,'creation','New Exam Schedule','interface-notif@isuzuphil.com','gamboarn@yahoo.com','You have new <span style=\"color: #5caad2;\">Exam Schedule!</span>','Good Day! <strong>IPC Administration</strong> has been created a new schedule for a examination. <br>\r\n						Please click the button to navigate directly to your system.',NULL,NULL,NULL,'2019-03-06 07:38:29','2019-03-06 07:38:29'),
(2666,'creation','New Exam Schedule','interface-notif@isuzuphil.com','leomabonga10@gmail.com','You have new <span style=\"color: #5caad2;\">Exam Schedule!</span>','Good Day! <strong>IPC Administration</strong> has been created a new schedule for a examination. <br>\r\n						Please click the button to navigate directly to your system.',NULL,NULL,NULL,'2019-03-06 07:38:29','2019-03-06 07:38:29'),
(2667,'creation','New Exam Schedule','interface-notif@isuzuphil.com','jd_molo@yahoo.com','You have new <span style=\"color: #5caad2;\">Exam Schedule!</span>','Good Day! <strong>IPC Administration</strong> has been created a new schedule for a examination. <br>\r\n						Please click the button to navigate directly to your system.',NULL,NULL,NULL,'2019-03-06 07:38:29','2019-03-06 07:38:29'),
(2668,'creation','New Exam Schedule','interface-notif@isuzuphil.com','jerry.monleon1966@isuzumandaue.com','You have new <span style=\"color: #5caad2;\">Exam Schedule!</span>','Good Day! <strong>IPC Administration</strong> has been created a new schedule for a examination. <br>\r\n						Please click the button to navigate directly to your system.',NULL,NULL,NULL,'2019-03-06 07:38:29','2019-03-06 07:38:29'),
(2669,'creation','New Exam Schedule','interface-notif@isuzuphil.com','rodelas.eo@isuzupasig.com','You have new <span style=\"color: #5caad2;\">Exam Schedule!</span>','Good Day! <strong>IPC Administration</strong> has been created a new schedule for a examination. <br>\r\n						Please click the button to navigate directly to your system.',NULL,NULL,NULL,'2019-03-06 07:38:29','2019-03-06 07:38:29'),
(2670,'creation','New Exam Schedule','interface-notif@isuzuphil.com','jham0501@gmail.com','You have new <span style=\"color: #5caad2;\">Exam Schedule!</span>','Good Day! <strong>IPC Administration</strong> has been created a new schedule for a examination. <br>\r\n						Please click the button to navigate directly to your system.',NULL,NULL,NULL,'2019-03-06 07:38:29','2019-03-06 07:38:29'),
(2671,'creation','New Exam Schedule','interface-notif@isuzuphil.com','maming.da@isuzupasig.com','You have new <span style=\"color: #5caad2;\">Exam Schedule!</span>','Good Day! <strong>IPC Administration</strong> has been created a new schedule for a examination. <br>\r\n						Please click the button to navigate directly to your system.',NULL,NULL,NULL,'2019-03-06 07:38:29','2019-03-06 07:38:29'),
(2672,'creation','New Exam Schedule','interface-notif@isuzuphil.com','bellosillo.gb@isuzurizal.com','You have new <span style=\"color: #5caad2;\">Exam Schedule!</span>','Good Day! <strong>IPC Administration</strong> has been created a new schedule for a examination. <br>\r\n						Please click the button to navigate directly to your system.',NULL,NULL,NULL,'2019-03-06 07:38:29','2019-03-06 07:38:29'),
(2673,'creation','New Exam Schedule','interface-notif@isuzuphil.com','duquiatan.as@isuzucavite.com','You have new <span style=\"color: #5caad2;\">Exam Schedule!</span>','Good Day! <strong>IPC Administration</strong> has been created a new schedule for a examination. <br>\r\n						Please click the button to navigate directly to your system.',NULL,NULL,NULL,'2019-03-06 07:38:29','2019-03-06 07:38:29'),
(2674,'creation','New Exam Schedule','interface-notif@isuzuphil.com','laqui.dm@isuzucavite.com','You have new <span style=\"color: #5caad2;\">Exam Schedule!</span>','Good Day! <strong>IPC Administration</strong> has been created a new schedule for a examination. <br>\r\n						Please click the button to navigate directly to your system.',NULL,NULL,NULL,'2019-03-06 07:38:29','2019-03-06 07:38:29'),
(2675,'creation','New Exam Schedule','interface-notif@isuzuphil.com','tinoy.gg@isuzuiloilo.com','You have new <span style=\"color: #5caad2;\">Exam Schedule!</span>','Good Day! <strong>IPC Administration</strong> has been created a new schedule for a examination. <br>\r\n						Please click the button to navigate directly to your system.',NULL,NULL,NULL,'2019-03-06 07:38:29','2019-03-06 07:38:29'),
(2676,'creation','New Exam Schedule','interface-notif@isuzuphil.com','Ybanez.ep@isuzumandaue.com','You have new <span style=\"color: #5caad2;\">Exam Schedule!</span>','Good Day! <strong>IPC Administration</strong> has been created a new schedule for a examination. <br>\r\n						Please click the button to navigate directly to your system.',NULL,NULL,NULL,'2019-03-06 07:38:29','2019-03-06 07:38:29'),
(2677,'creation','New Exam Schedule','interface-notif@isuzuphil.com','eufemio.ybanez@yahoo.com','You have new <span style=\"color: #5caad2;\">Exam Schedule!</span>','Good Day! <strong>IPC Administration</strong> has been created a new schedule for a examination. <br>\r\n						Please click the button to navigate directly to your system.',NULL,NULL,NULL,'2019-03-06 07:38:29','2019-03-06 07:38:29'),
(2678,'creation','New Exam Schedule','interface-notif@isuzuphil.com','Descallar.ra@isuzumandaue.com','You have new <span style=\"color: #5caad2;\">Exam Schedule!</span>','Good Day! <strong>IPC Administration</strong> has been created a new schedule for a examination. <br>\r\n						Please click the button to navigate directly to your system.',NULL,NULL,NULL,'2019-03-06 07:38:29','2019-03-06 07:38:29'),
(2679,'creation','New Exam Schedule','interface-notif@isuzuphil.com','jerlius@yahoo.com','You have new <span style=\"color: #5caad2;\">Exam Schedule!</span>','Good Day! <strong>IPC Administration</strong> has been created a new schedule for a examination. <br>\r\n						Please click the button to navigate directly to your system.',NULL,NULL,NULL,'2019-03-06 07:38:29','2019-03-06 07:38:29'),
(2680,'creation','New Exam Schedule','interface-notif@isuzuphil.com','arwynnsanhi@bmdmotors.com','You have new <span style=\"color: #5caad2;\">Exam Schedule!</span>','Good Day! <strong>IPC Administration</strong> has been created a new schedule for a examination. <br>\r\n						Please click the button to navigate directly to your system.',NULL,NULL,NULL,'2019-03-06 07:38:29','2019-03-06 07:38:29'),
(2681,'creation','New Exam Schedule','interface-notif@isuzuphil.com','bobbypaltao@yahoo.com','You have new <span style=\"color: #5caad2;\">Exam Schedule!</span>','Good Day! <strong>IPC Administration</strong> has been created a new schedule for a examination. <br>\r\n						Please click the button to navigate directly to your system.',NULL,NULL,NULL,'2019-03-06 07:38:29','2019-03-06 07:38:29'),
(2682,'creation','New Exam Schedule','interface-notif@isuzuphil.com','rsdimas_service@yahoo.com','You have new <span style=\"color: #5caad2;\">Exam Schedule!</span>','Good Day! <strong>IPC Administration</strong> has been created a new schedule for a examination. <br>\r\n						Please click the button to navigate directly to your system.',NULL,NULL,NULL,'2019-03-06 07:38:29','2019-03-06 07:38:29'),
(2683,'creation','New Exam Schedule','interface-notif@isuzuphil.com','ramiemonterola@yahoo.com','You have new <span style=\"color: #5caad2;\">Exam Schedule!</span>','Good Day! <strong>IPC Administration</strong> has been created a new schedule for a examination. <br>\r\n						Please click the button to navigate directly to your system.',NULL,NULL,NULL,'2019-03-06 07:38:29','2019-03-06 07:38:29'),
(2684,'creation','New Exam Schedule','interface-notif@isuzuphil.com','ahsibulo@isuzucommonwealth.com','You have new <span style=\"color: #5caad2;\">Exam Schedule!</span>','Good Day! <strong>IPC Administration</strong> has been created a new schedule for a examination. <br>\r\n						Please click the button to navigate directly to your system.',NULL,NULL,NULL,'2019-03-06 07:38:29','2019-03-06 07:38:29'),
(2685,'creation','New Exam Schedule','interface-notif@isuzuphil.com','mghufemia@isuzumanila.com','You have new <span style=\"color: #5caad2;\">Exam Schedule!</span>','Good Day! <strong>IPC Administration</strong> has been created a new schedule for a examination. <br>\r\n						Please click the button to navigate directly to your system.',NULL,NULL,NULL,'2019-03-06 07:38:29','2019-03-06 07:38:29'),
(2686,'creation','New Exam Schedule','interface-notif@isuzuphil.com','mg_manuel5462@yahoo.com','You have new <span style=\"color: #5caad2;\">Exam Schedule!</span>','Good Day! <strong>IPC Administration</strong> has been created a new schedule for a examination. <br>\r\n						Please click the button to navigate directly to your system.',NULL,NULL,NULL,'2019-03-06 07:38:29','2019-03-06 07:38:29'),
(2687,'creation','New Exam Schedule','interface-notif@isuzuphil.com','oqparungao@yahoo.com.ph','You have new <span style=\"color: #5caad2;\">Exam Schedule!</span>','Good Day! <strong>IPC Administration</strong> has been created a new schedule for a examination. <br>\r\n						Please click the button to navigate directly to your system.',NULL,NULL,NULL,'2019-03-06 07:38:29','2019-03-06 07:38:29'),
(2688,'creation','New Exam Schedule','interface-notif@isuzuphil.com','manuelboycastro@yahoo.com','You have new <span style=\"color: #5caad2;\">Exam Schedule!</span>','Good Day! <strong>IPC Administration</strong> has been created a new schedule for a examination. <br>\r\n						Please click the button to navigate directly to your system.',NULL,NULL,NULL,'2019-03-06 07:38:29','2019-03-06 07:38:29'),
(2689,'creation','New Exam Schedule','interface-notif@isuzuphil.com','busime.isuzubacolod@gmail.com','You have new <span style=\"color: #5caad2;\">Exam Schedule!</span>','Good Day! <strong>IPC Administration</strong> has been created a new schedule for a examination. <br>\r\n						Please click the button to navigate directly to your system.',NULL,NULL,NULL,'2019-03-06 07:38:29','2019-03-06 07:38:29'),
(2690,'creation','New Exam Schedule','interface-notif@isuzuphil.com','dedaleleazar@yahoo.com','You have new <span style=\"color: #5caad2;\">Exam Schedule!</span>','Good Day! <strong>IPC Administration</strong> has been created a new schedule for a examination. <br>\r\n						Please click the button to navigate directly to your system.',NULL,NULL,NULL,'2019-03-06 07:38:29','2019-03-06 07:38:29'),
(2691,'creation','New Exam Schedule','interface-notif@isuzuphil.com','pasion.rd@isuzutaytay.com','You have new <span style=\"color: #5caad2;\">Exam Schedule!</span>','Good Day! <strong>IPC Administration</strong> has been created a new schedule for a examination. <br>\r\n						Please click the button to navigate directly to your system.',NULL,NULL,NULL,'2019-03-06 07:38:29','2019-03-06 07:38:29'),
(2692,'creation','New Exam Schedule','interface-notif@isuzuphil.com','cenon_liwanag@yahoo.com','You have new <span style=\"color: #5caad2;\">Exam Schedule!</span>','Good Day! <strong>IPC Administration</strong> has been created a new schedule for a examination. <br>\r\n						Please click the button to navigate directly to your system.',NULL,NULL,NULL,'2019-03-06 07:38:29','2019-03-06 07:38:29'),
(2693,'creation','New Exam Schedule','interface-notif@isuzuphil.com','richardgime10@gmail.com','You have new <span style=\"color: #5caad2;\">Exam Schedule!</span>','Good Day! <strong>IPC Administration</strong> has been created a new schedule for a examination. <br>\r\n						Please click the button to navigate directly to your system.',NULL,NULL,NULL,'2019-03-06 07:38:29','2019-03-06 07:38:29'),
(2694,'creation','New Exam Schedule','interface-notif@isuzuphil.com','glennsanjuan20@yahoo.com','You have new <span style=\"color: #5caad2;\">Exam Schedule!</span>','Good Day! <strong>IPC Administration</strong> has been created a new schedule for a examination. <br>\r\n						Please click the button to navigate directly to your system.',NULL,NULL,NULL,'2019-03-06 07:38:29','2019-03-06 07:38:29'),
(2695,'creation','New Exam Schedule','interface-notif@isuzuphil.com','jerry.monleon1966@gmail.com','You have new <span style=\"color: #5caad2;\">Exam Schedule!</span>','Good Day! <strong>IPC Administration</strong> has been created a new schedule for a examination. <br>\r\n						Please click the button to navigate directly to your system.',NULL,NULL,NULL,'2019-03-06 07:38:29','2019-03-06 07:38:29'),
(2696,'creation','New Exam Schedule','interface-notif@isuzuphil.com','susanreyes_isuzugencars@yahoo.com','You have new <span style=\"color: #5caad2;\">Exam Schedule!</span>','Good Day! <strong>IPC Administration</strong> has been created a new schedule for a examination. <br>\r\n						Please click the button to navigate directly to your system.',NULL,NULL,NULL,'2019-03-06 07:38:29','2019-03-06 07:38:29'),
(2697,'creation','New Exam Schedule','interface-notif@isuzuphil.com','memmayor@yahoo.com','You have new <span style=\"color: #5caad2;\">Exam Schedule!</span>','Good Day! <strong>IPC Administration</strong> has been created a new schedule for a examination. <br>\r\n						Please click the button to navigate directly to your system.',NULL,NULL,NULL,'2019-03-06 07:38:29','2019-03-06 07:38:29'),
(2698,'creation','New Exam Schedule','interface-notif@isuzuphil.com','bobby.paltao@yahoo.com','You have new <span style=\"color: #5caad2;\">Exam Schedule!</span>','Good Day! <strong>IPC Administration</strong> has been created a new schedule for a examination. <br>\r\n						Please click the button to navigate directly to your system.',NULL,NULL,NULL,'2019-03-06 07:38:29','2019-03-06 07:38:29'),
(2699,'creation','New Exam Schedule','interface-notif@isuzuphil.com','resty.miranda16@yahoo.com','You have new <span style=\"color: #5caad2;\">Exam Schedule!</span>','Good Day! <strong>IPC Administration</strong> has been created a new schedule for a examination. <br>\r\n						Please click the button to navigate directly to your system.',NULL,NULL,NULL,'2019-03-06 07:38:29','2019-03-06 07:38:29'),
(2700,'creation','New Exam Schedule','interface-notif@isuzuphil.com','wenceslao.cammayo@yahoo.com','You have new <span style=\"color: #5caad2;\">Exam Schedule!</span>','Good Day! <strong>IPC Administration</strong> has been created a new schedule for a examination. <br>\r\n						Please click the button to navigate directly to your system.',NULL,NULL,NULL,'2019-03-06 07:38:29','2019-03-06 07:38:29'),
(2701,'creation','New Exam Schedule','interface-notif@isuzuphil.com','adello.sibuloisuzugreenhills@yahoo.com','You have new <span style=\"color: #5caad2;\">Exam Schedule!</span>','Good Day! <strong>IPC Administration</strong> has been created a new schedule for a examination. <br>\r\n						Please click the button to navigate directly to your system.',NULL,NULL,NULL,'2019-03-06 07:38:29','2019-03-06 07:38:29'),
(2702,'creation','New Exam Schedule','interface-notif@isuzuphil.com','isuzugensan@yahoo.com','You have new <span style=\"color: #5caad2;\">Exam Schedule!</span>','Good Day! <strong>IPC Administration</strong> has been created a new schedule for a examination. <br>\r\n						Please click the button to navigate directly to your system.',NULL,NULL,NULL,'2019-03-06 07:38:29','2019-03-06 07:38:29'),
(2703,'creation','New Exam Schedule','interface-notif@isuzuphil.com','isuzubtn@gmail.com','You have new <span style=\"color: #5caad2;\">Exam Schedule!</span>','Good Day! <strong>IPC Administration</strong> has been created a new schedule for a examination. <br>\r\n						Please click the button to navigate directly to your system.',NULL,NULL,NULL,'2019-03-06 07:38:29','2019-03-06 07:38:29'),
(2704,'creation','New Exam Schedule','interface-notif@isuzuphil.com','michael.hufemiaisuzuleyte@yahoo.com','You have new <span style=\"color: #5caad2;\">Exam Schedule!</span>','Good Day! <strong>IPC Administration</strong> has been created a new schedule for a examination. <br>\r\n						Please click the button to navigate directly to your system.',NULL,NULL,NULL,'2019-03-06 07:38:29','2019-03-06 07:38:29'),
(2705,'creation','New Exam Schedule','interface-notif@isuzuphil.com','izu_zambo@yahoo.com','You have new <span style=\"color: #5caad2;\">Exam Schedule!</span>','Good Day! <strong>IPC Administration</strong> has been created a new schedule for a examination. <br>\r\n						Please click the button to navigate directly to your system.',NULL,NULL,NULL,'2019-03-06 07:38:29','2019-03-06 07:38:29'),
(2706,'creation','New Exam Schedule','interface-notif@isuzuphil.com','isuzudipolog@yahoo.com','You have new <span style=\"color: #5caad2;\">Exam Schedule!</span>','Good Day! <strong>IPC Administration</strong> has been created a new schedule for a examination. <br>\r\n						Please click the button to navigate directly to your system.',NULL,NULL,NULL,'2019-03-06 07:38:29','2019-03-06 07:38:29'),
(2707,'creation','New Exam Schedule','interface-notif@isuzuphil.com','cheryll_decena@yahoo.com','You have new <span style=\"color: #5caad2;\">Exam Schedule!</span>','Good Day! <strong>IPC Administration</strong> has been created a new schedule for a examination. <br>\r\n						Please click the button to navigate directly to your system.',NULL,NULL,NULL,'2019-03-06 07:38:29','2019-03-06 07:38:29'),
(2708,'creation','New Exam Schedule','interface-notif@isuzuphil.com','isuzudumaguete@hotmail.com','You have new <span style=\"color: #5caad2;\">Exam Schedule!</span>','Good Day! <strong>IPC Administration</strong> has been created a new schedule for a examination. <br>\r\n						Please click the button to navigate directly to your system.',NULL,NULL,NULL,'2019-03-06 07:38:29','2019-03-06 07:38:29'),
(2709,'creation','New Exam Schedule','interface-notif@isuzuphil.com','abrille@gmail.com','You have new <span style=\"color: #5caad2;\">Exam Schedule!</span>','Good Day! <strong>IPC Administration</strong> has been created a new schedule for a examination. <br>\r\n						Please click the button to navigate directly to your system.',NULL,NULL,NULL,'2019-03-06 07:38:29','2019-03-06 07:38:29'),
(2710,'creation','New Exam Schedule','interface-notif@isuzuphil.com','isuzupagbilaoservice.main@gmail.com','You have new <span style=\"color: #5caad2;\">Exam Schedule!</span>','Good Day! <strong>IPC Administration</strong> has been created a new schedule for a examination. <br>\r\n						Please click the button to navigate directly to your system.',NULL,NULL,NULL,'2019-03-06 07:38:29','2019-03-06 07:38:29'),
(2711,'creation','New Exam Schedule','interface-notif@isuzuphil.com','wenceslaocammayo@yahoo.com','You have new <span style=\"color: #5caad2;\">Exam Schedule!</span>','Good Day! <strong>IPC Administration</strong> has been created a new schedule for a examination. <br>\r\n						Please click the button to navigate directly to your system.',NULL,NULL,NULL,'2019-03-06 07:38:29','2019-03-06 07:38:29'),
(2712,'creation','New Exam Schedule','interface-notif@isuzuphil.com','batan.gv@isuzualabang.com','You have new <span style=\"color: #5caad2;\">Exam Schedule!</span>','Good Day! <strong>IPC Administration</strong> has been created a new schedule for a examination. <br>\r\n						Please click the button to navigate directly to your system.',NULL,NULL,NULL,'2019-03-06 07:39:20','2019-03-06 07:39:20'),
(2713,'creation','New Exam Schedule','interface-notif@isuzuphil.com','armanmbulahan@gmail.com','You have new <span style=\"color: #5caad2;\">Exam Schedule!</span>','Good Day! <strong>IPC Administration</strong> has been created a new schedule for a examination. <br>\r\n						Please click the button to navigate directly to your system.',NULL,NULL,NULL,'2019-03-06 07:39:20','2019-03-06 07:39:20'),
(2714,'creation','New Exam Schedule','interface-notif@isuzuphil.com','jacintocasio@yahoo.com','You have new <span style=\"color: #5caad2;\">Exam Schedule!</span>','Good Day! <strong>IPC Administration</strong> has been created a new schedule for a examination. <br>\r\n						Please click the button to navigate directly to your system.',NULL,NULL,NULL,'2019-03-06 07:39:20','2019-03-06 07:39:20'),
(2715,'creation','New Exam Schedule','interface-notif@isuzuphil.com','gamboarn@yahoo.com','You have new <span style=\"color: #5caad2;\">Exam Schedule!</span>','Good Day! <strong>IPC Administration</strong> has been created a new schedule for a examination. <br>\r\n						Please click the button to navigate directly to your system.',NULL,NULL,NULL,'2019-03-06 07:39:20','2019-03-06 07:39:20'),
(2716,'creation','New Exam Schedule','interface-notif@isuzuphil.com','leomabonga10@gmail.com','You have new <span style=\"color: #5caad2;\">Exam Schedule!</span>','Good Day! <strong>IPC Administration</strong> has been created a new schedule for a examination. <br>\r\n						Please click the button to navigate directly to your system.',NULL,NULL,NULL,'2019-03-06 07:39:20','2019-03-06 07:39:20'),
(2717,'creation','New Exam Schedule','interface-notif@isuzuphil.com','jd_molo@yahoo.com','You have new <span style=\"color: #5caad2;\">Exam Schedule!</span>','Good Day! <strong>IPC Administration</strong> has been created a new schedule for a examination. <br>\r\n						Please click the button to navigate directly to your system.',NULL,NULL,NULL,'2019-03-06 07:39:20','2019-03-06 07:39:20'),
(2718,'creation','New Exam Schedule','interface-notif@isuzuphil.com','jerry.monleon1966@isuzumandaue.com','You have new <span style=\"color: #5caad2;\">Exam Schedule!</span>','Good Day! <strong>IPC Administration</strong> has been created a new schedule for a examination. <br>\r\n						Please click the button to navigate directly to your system.',NULL,NULL,NULL,'2019-03-06 07:39:20','2019-03-06 07:39:20'),
(2719,'creation','New Exam Schedule','interface-notif@isuzuphil.com','rodelas.eo@isuzupasig.com','You have new <span style=\"color: #5caad2;\">Exam Schedule!</span>','Good Day! <strong>IPC Administration</strong> has been created a new schedule for a examination. <br>\r\n						Please click the button to navigate directly to your system.',NULL,NULL,NULL,'2019-03-06 07:39:20','2019-03-06 07:39:20'),
(2720,'creation','New Exam Schedule','interface-notif@isuzuphil.com','jham0501@gmail.com','You have new <span style=\"color: #5caad2;\">Exam Schedule!</span>','Good Day! <strong>IPC Administration</strong> has been created a new schedule for a examination. <br>\r\n						Please click the button to navigate directly to your system.',NULL,NULL,NULL,'2019-03-06 07:39:20','2019-03-06 07:39:20'),
(2721,'creation','New Exam Schedule','interface-notif@isuzuphil.com','maming.da@isuzupasig.com','You have new <span style=\"color: #5caad2;\">Exam Schedule!</span>','Good Day! <strong>IPC Administration</strong> has been created a new schedule for a examination. <br>\r\n						Please click the button to navigate directly to your system.',NULL,NULL,NULL,'2019-03-06 07:39:20','2019-03-06 07:39:20'),
(2722,'creation','New Exam Schedule','interface-notif@isuzuphil.com','bellosillo.gb@isuzurizal.com','You have new <span style=\"color: #5caad2;\">Exam Schedule!</span>','Good Day! <strong>IPC Administration</strong> has been created a new schedule for a examination. <br>\r\n						Please click the button to navigate directly to your system.',NULL,NULL,NULL,'2019-03-06 07:39:20','2019-03-06 07:39:20'),
(2723,'creation','New Exam Schedule','interface-notif@isuzuphil.com','duquiatan.as@isuzucavite.com','You have new <span style=\"color: #5caad2;\">Exam Schedule!</span>','Good Day! <strong>IPC Administration</strong> has been created a new schedule for a examination. <br>\r\n						Please click the button to navigate directly to your system.',NULL,NULL,NULL,'2019-03-06 07:39:20','2019-03-06 07:39:20'),
(2724,'creation','New Exam Schedule','interface-notif@isuzuphil.com','laqui.dm@isuzucavite.com','You have new <span style=\"color: #5caad2;\">Exam Schedule!</span>','Good Day! <strong>IPC Administration</strong> has been created a new schedule for a examination. <br>\r\n						Please click the button to navigate directly to your system.',NULL,NULL,NULL,'2019-03-06 07:39:20','2019-03-06 07:39:20'),
(2725,'creation','New Exam Schedule','interface-notif@isuzuphil.com','tinoy.gg@isuzuiloilo.com','You have new <span style=\"color: #5caad2;\">Exam Schedule!</span>','Good Day! <strong>IPC Administration</strong> has been created a new schedule for a examination. <br>\r\n						Please click the button to navigate directly to your system.',NULL,NULL,NULL,'2019-03-06 07:39:20','2019-03-06 07:39:20'),
(2726,'creation','New Exam Schedule','interface-notif@isuzuphil.com','Ybanez.ep@isuzumandaue.com','You have new <span style=\"color: #5caad2;\">Exam Schedule!</span>','Good Day! <strong>IPC Administration</strong> has been created a new schedule for a examination. <br>\r\n						Please click the button to navigate directly to your system.',NULL,NULL,NULL,'2019-03-06 07:39:20','2019-03-06 07:39:20'),
(2727,'creation','New Exam Schedule','interface-notif@isuzuphil.com','eufemio.ybanez@yahoo.com','You have new <span style=\"color: #5caad2;\">Exam Schedule!</span>','Good Day! <strong>IPC Administration</strong> has been created a new schedule for a examination. <br>\r\n						Please click the button to navigate directly to your system.',NULL,NULL,NULL,'2019-03-06 07:39:20','2019-03-06 07:39:20'),
(2728,'creation','New Exam Schedule','interface-notif@isuzuphil.com','Descallar.ra@isuzumandaue.com','You have new <span style=\"color: #5caad2;\">Exam Schedule!</span>','Good Day! <strong>IPC Administration</strong> has been created a new schedule for a examination. <br>\r\n						Please click the button to navigate directly to your system.',NULL,NULL,NULL,'2019-03-06 07:39:20','2019-03-06 07:39:20'),
(2729,'creation','New Exam Schedule','interface-notif@isuzuphil.com','jerlius@yahoo.com','You have new <span style=\"color: #5caad2;\">Exam Schedule!</span>','Good Day! <strong>IPC Administration</strong> has been created a new schedule for a examination. <br>\r\n						Please click the button to navigate directly to your system.',NULL,NULL,NULL,'2019-03-06 07:39:20','2019-03-06 07:39:20'),
(2730,'creation','New Exam Schedule','interface-notif@isuzuphil.com','arwynnsanhi@bmdmotors.com','You have new <span style=\"color: #5caad2;\">Exam Schedule!</span>','Good Day! <strong>IPC Administration</strong> has been created a new schedule for a examination. <br>\r\n						Please click the button to navigate directly to your system.',NULL,NULL,NULL,'2019-03-06 07:39:20','2019-03-06 07:39:20'),
(2731,'creation','New Exam Schedule','interface-notif@isuzuphil.com','bobbypaltao@yahoo.com','You have new <span style=\"color: #5caad2;\">Exam Schedule!</span>','Good Day! <strong>IPC Administration</strong> has been created a new schedule for a examination. <br>\r\n						Please click the button to navigate directly to your system.',NULL,NULL,NULL,'2019-03-06 07:39:20','2019-03-06 07:39:20'),
(2732,'creation','New Exam Schedule','interface-notif@isuzuphil.com','rsdimas_service@yahoo.com','You have new <span style=\"color: #5caad2;\">Exam Schedule!</span>','Good Day! <strong>IPC Administration</strong> has been created a new schedule for a examination. <br>\r\n						Please click the button to navigate directly to your system.',NULL,NULL,NULL,'2019-03-06 07:39:20','2019-03-06 07:39:20'),
(2733,'creation','New Exam Schedule','interface-notif@isuzuphil.com','ramiemonterola@yahoo.com','You have new <span style=\"color: #5caad2;\">Exam Schedule!</span>','Good Day! <strong>IPC Administration</strong> has been created a new schedule for a examination. <br>\r\n						Please click the button to navigate directly to your system.',NULL,NULL,NULL,'2019-03-06 07:39:20','2019-03-06 07:39:20'),
(2734,'creation','New Exam Schedule','interface-notif@isuzuphil.com','ahsibulo@isuzucommonwealth.com','You have new <span style=\"color: #5caad2;\">Exam Schedule!</span>','Good Day! <strong>IPC Administration</strong> has been created a new schedule for a examination. <br>\r\n						Please click the button to navigate directly to your system.',NULL,NULL,NULL,'2019-03-06 07:39:20','2019-03-06 07:39:20'),
(2735,'creation','New Exam Schedule','interface-notif@isuzuphil.com','mghufemia@isuzumanila.com','You have new <span style=\"color: #5caad2;\">Exam Schedule!</span>','Good Day! <strong>IPC Administration</strong> has been created a new schedule for a examination. <br>\r\n						Please click the button to navigate directly to your system.',NULL,NULL,NULL,'2019-03-06 07:39:20','2019-03-06 07:39:20'),
(2736,'creation','New Exam Schedule','interface-notif@isuzuphil.com','mg_manuel5462@yahoo.com','You have new <span style=\"color: #5caad2;\">Exam Schedule!</span>','Good Day! <strong>IPC Administration</strong> has been created a new schedule for a examination. <br>\r\n						Please click the button to navigate directly to your system.',NULL,NULL,NULL,'2019-03-06 07:39:20','2019-03-06 07:39:20'),
(2737,'creation','New Exam Schedule','interface-notif@isuzuphil.com','oqparungao@yahoo.com.ph','You have new <span style=\"color: #5caad2;\">Exam Schedule!</span>','Good Day! <strong>IPC Administration</strong> has been created a new schedule for a examination. <br>\r\n						Please click the button to navigate directly to your system.',NULL,NULL,NULL,'2019-03-06 07:39:20','2019-03-06 07:39:20'),
(2738,'creation','New Exam Schedule','interface-notif@isuzuphil.com','manuelboycastro@yahoo.com','You have new <span style=\"color: #5caad2;\">Exam Schedule!</span>','Good Day! <strong>IPC Administration</strong> has been created a new schedule for a examination. <br>\r\n						Please click the button to navigate directly to your system.',NULL,NULL,NULL,'2019-03-06 07:39:20','2019-03-06 07:39:20'),
(2739,'creation','New Exam Schedule','interface-notif@isuzuphil.com','busime.isuzubacolod@gmail.com','You have new <span style=\"color: #5caad2;\">Exam Schedule!</span>','Good Day! <strong>IPC Administration</strong> has been created a new schedule for a examination. <br>\r\n						Please click the button to navigate directly to your system.',NULL,NULL,NULL,'2019-03-06 07:39:20','2019-03-06 07:39:20'),
(2740,'creation','New Exam Schedule','interface-notif@isuzuphil.com','dedaleleazar@yahoo.com','You have new <span style=\"color: #5caad2;\">Exam Schedule!</span>','Good Day! <strong>IPC Administration</strong> has been created a new schedule for a examination. <br>\r\n						Please click the button to navigate directly to your system.',NULL,NULL,NULL,'2019-03-06 07:39:20','2019-03-06 07:39:20'),
(2741,'creation','New Exam Schedule','interface-notif@isuzuphil.com','pasion.rd@isuzutaytay.com','You have new <span style=\"color: #5caad2;\">Exam Schedule!</span>','Good Day! <strong>IPC Administration</strong> has been created a new schedule for a examination. <br>\r\n						Please click the button to navigate directly to your system.',NULL,NULL,NULL,'2019-03-06 07:39:20','2019-03-06 07:39:20'),
(2742,'creation','New Exam Schedule','interface-notif@isuzuphil.com','cenon_liwanag@yahoo.com','You have new <span style=\"color: #5caad2;\">Exam Schedule!</span>','Good Day! <strong>IPC Administration</strong> has been created a new schedule for a examination. <br>\r\n						Please click the button to navigate directly to your system.',NULL,NULL,NULL,'2019-03-06 07:39:20','2019-03-06 07:39:20'),
(2743,'creation','New Exam Schedule','interface-notif@isuzuphil.com','richardgime10@gmail.com','You have new <span style=\"color: #5caad2;\">Exam Schedule!</span>','Good Day! <strong>IPC Administration</strong> has been created a new schedule for a examination. <br>\r\n						Please click the button to navigate directly to your system.',NULL,NULL,NULL,'2019-03-06 07:39:20','2019-03-06 07:39:20'),
(2744,'creation','New Exam Schedule','interface-notif@isuzuphil.com','glennsanjuan20@yahoo.com','You have new <span style=\"color: #5caad2;\">Exam Schedule!</span>','Good Day! <strong>IPC Administration</strong> has been created a new schedule for a examination. <br>\r\n						Please click the button to navigate directly to your system.',NULL,NULL,NULL,'2019-03-06 07:39:20','2019-03-06 07:39:20'),
(2745,'creation','New Exam Schedule','interface-notif@isuzuphil.com','jerry.monleon1966@gmail.com','You have new <span style=\"color: #5caad2;\">Exam Schedule!</span>','Good Day! <strong>IPC Administration</strong> has been created a new schedule for a examination. <br>\r\n						Please click the button to navigate directly to your system.',NULL,NULL,NULL,'2019-03-06 07:39:20','2019-03-06 07:39:20'),
(2746,'creation','New Exam Schedule','interface-notif@isuzuphil.com','susanreyes_isuzugencars@yahoo.com','You have new <span style=\"color: #5caad2;\">Exam Schedule!</span>','Good Day! <strong>IPC Administration</strong> has been created a new schedule for a examination. <br>\r\n						Please click the button to navigate directly to your system.',NULL,NULL,NULL,'2019-03-06 07:39:20','2019-03-06 07:39:20'),
(2747,'creation','New Exam Schedule','interface-notif@isuzuphil.com','memmayor@yahoo.com','You have new <span style=\"color: #5caad2;\">Exam Schedule!</span>','Good Day! <strong>IPC Administration</strong> has been created a new schedule for a examination. <br>\r\n						Please click the button to navigate directly to your system.',NULL,NULL,NULL,'2019-03-06 07:39:20','2019-03-06 07:39:20'),
(2748,'creation','New Exam Schedule','interface-notif@isuzuphil.com','bobby.paltao@yahoo.com','You have new <span style=\"color: #5caad2;\">Exam Schedule!</span>','Good Day! <strong>IPC Administration</strong> has been created a new schedule for a examination. <br>\r\n						Please click the button to navigate directly to your system.',NULL,NULL,NULL,'2019-03-06 07:39:20','2019-03-06 07:39:20'),
(2749,'creation','New Exam Schedule','interface-notif@isuzuphil.com','resty.miranda16@yahoo.com','You have new <span style=\"color: #5caad2;\">Exam Schedule!</span>','Good Day! <strong>IPC Administration</strong> has been created a new schedule for a examination. <br>\r\n						Please click the button to navigate directly to your system.',NULL,NULL,NULL,'2019-03-06 07:39:20','2019-03-06 07:39:20'),
(2750,'creation','New Exam Schedule','interface-notif@isuzuphil.com','wenceslao.cammayo@yahoo.com','You have new <span style=\"color: #5caad2;\">Exam Schedule!</span>','Good Day! <strong>IPC Administration</strong> has been created a new schedule for a examination. <br>\r\n						Please click the button to navigate directly to your system.',NULL,NULL,NULL,'2019-03-06 07:39:20','2019-03-06 07:39:20'),
(2751,'creation','New Exam Schedule','interface-notif@isuzuphil.com','adello.sibuloisuzugreenhills@yahoo.com','You have new <span style=\"color: #5caad2;\">Exam Schedule!</span>','Good Day! <strong>IPC Administration</strong> has been created a new schedule for a examination. <br>\r\n						Please click the button to navigate directly to your system.',NULL,NULL,NULL,'2019-03-06 07:39:20','2019-03-06 07:39:20'),
(2752,'creation','New Exam Schedule','interface-notif@isuzuphil.com','isuzugensan@yahoo.com','You have new <span style=\"color: #5caad2;\">Exam Schedule!</span>','Good Day! <strong>IPC Administration</strong> has been created a new schedule for a examination. <br>\r\n						Please click the button to navigate directly to your system.',NULL,NULL,NULL,'2019-03-06 07:39:20','2019-03-06 07:39:20'),
(2753,'creation','New Exam Schedule','interface-notif@isuzuphil.com','isuzubtn@gmail.com','You have new <span style=\"color: #5caad2;\">Exam Schedule!</span>','Good Day! <strong>IPC Administration</strong> has been created a new schedule for a examination. <br>\r\n						Please click the button to navigate directly to your system.',NULL,NULL,NULL,'2019-03-06 07:39:20','2019-03-06 07:39:20'),
(2754,'creation','New Exam Schedule','interface-notif@isuzuphil.com','michael.hufemiaisuzuleyte@yahoo.com','You have new <span style=\"color: #5caad2;\">Exam Schedule!</span>','Good Day! <strong>IPC Administration</strong> has been created a new schedule for a examination. <br>\r\n						Please click the button to navigate directly to your system.',NULL,NULL,NULL,'2019-03-06 07:39:20','2019-03-06 07:39:20'),
(2755,'creation','New Exam Schedule','interface-notif@isuzuphil.com','izu_zambo@yahoo.com','You have new <span style=\"color: #5caad2;\">Exam Schedule!</span>','Good Day! <strong>IPC Administration</strong> has been created a new schedule for a examination. <br>\r\n						Please click the button to navigate directly to your system.',NULL,NULL,NULL,'2019-03-06 07:39:20','2019-03-06 07:39:20'),
(2756,'creation','New Exam Schedule','interface-notif@isuzuphil.com','isuzudipolog@yahoo.com','You have new <span style=\"color: #5caad2;\">Exam Schedule!</span>','Good Day! <strong>IPC Administration</strong> has been created a new schedule for a examination. <br>\r\n						Please click the button to navigate directly to your system.',NULL,NULL,NULL,'2019-03-06 07:39:20','2019-03-06 07:39:20'),
(2757,'creation','New Exam Schedule','interface-notif@isuzuphil.com','cheryll_decena@yahoo.com','You have new <span style=\"color: #5caad2;\">Exam Schedule!</span>','Good Day! <strong>IPC Administration</strong> has been created a new schedule for a examination. <br>\r\n						Please click the button to navigate directly to your system.',NULL,NULL,NULL,'2019-03-06 07:39:20','2019-03-06 07:39:20'),
(2758,'creation','New Exam Schedule','interface-notif@isuzuphil.com','isuzudumaguete@hotmail.com','You have new <span style=\"color: #5caad2;\">Exam Schedule!</span>','Good Day! <strong>IPC Administration</strong> has been created a new schedule for a examination. <br>\r\n						Please click the button to navigate directly to your system.',NULL,NULL,NULL,'2019-03-06 07:39:20','2019-03-06 07:39:20'),
(2759,'creation','New Exam Schedule','interface-notif@isuzuphil.com','abrille@gmail.com','You have new <span style=\"color: #5caad2;\">Exam Schedule!</span>','Good Day! <strong>IPC Administration</strong> has been created a new schedule for a examination. <br>\r\n						Please click the button to navigate directly to your system.',NULL,NULL,NULL,'2019-03-06 07:39:20','2019-03-06 07:39:20'),
(2760,'creation','New Exam Schedule','interface-notif@isuzuphil.com','isuzupagbilaoservice.main@gmail.com','You have new <span style=\"color: #5caad2;\">Exam Schedule!</span>','Good Day! <strong>IPC Administration</strong> has been created a new schedule for a examination. <br>\r\n						Please click the button to navigate directly to your system.',NULL,NULL,NULL,'2019-03-06 07:39:20','2019-03-06 07:39:20'),
(2761,'creation','New Exam Schedule','interface-notif@isuzuphil.com','wenceslaocammayo@yahoo.com','You have new <span style=\"color: #5caad2;\">Exam Schedule!</span>','Good Day! <strong>IPC Administration</strong> has been created a new schedule for a examination. <br>\r\n						Please click the button to navigate directly to your system.',NULL,NULL,NULL,'2019-03-06 07:39:20','2019-03-06 07:39:20'),
(2762,'opened','Initialized Examination','interface-notif@isuzuphil.com','nap-marquez@isuzuphil.com','Examination <span style=\"color: #5caad2;\">Initiated!</span>','Isuzu Alabang of <strong>IADI</strong> has been initiated the examination. <br>\r\n					Please click the button to navigate directly to our system.',NULL,NULL,NULL,'2019-03-06 07:53:06','2019-03-06 07:53:06'),
(2763,'opened','Initialized Examination','interface-notif@isuzuphil.com','marilou-cabarles@isuzuphil.com','Examination <span style=\"color: #5caad2;\">Initiated!</span>','Isuzu Alabang of <strong>IADI</strong> has been initiated the examination. <br>\r\n					Please click the button to navigate directly to our system.',NULL,NULL,NULL,'2019-03-06 07:53:06','2019-03-06 07:53:06'),
(2764,'opened','Initialized Examination','interface-notif@isuzuphil.com','carl-lat@isuzuphil.com','Examination <span style=\"color: #5caad2;\">Initiated!</span>','Isuzu Alabang of <strong>IADI</strong> has been initiated the examination. <br>\r\n					Please click the button to navigate directly to our system.',NULL,NULL,NULL,'2019-03-06 07:53:06','2019-03-06 07:53:06'),
(2765,'opened','Initialized Examination','interface-notif@isuzuphil.com','prince-tiburcio@isuzuphil.com','Examination <span style=\"color: #5caad2;\">Initiated!</span>','Isuzu Alabang of <strong>IADI</strong> has been initiated the examination. <br>\r\n					Please click the button to navigate directly to our system.',NULL,NULL,NULL,'2019-03-06 07:53:06','2019-03-06 07:53:06'),
(2766,'opened','Initialized Module','interface-notif@isuzuphil.com','nap-marquez@isuzuphil.com','Module <span style=\"color: #5caad2;\">Initiated!</span>','Isuzu Alabang of <strong>IADI</strong> has been initiated the module viewing. <br>\r\n                            Please click the button to navigate directly to our system.',NULL,NULL,NULL,'2019-03-06 16:22:51','2019-03-06 16:22:51'),
(2767,'opened','Initialized Module','interface-notif@isuzuphil.com','marilou-cabarles@isuzuphil.com','Module <span style=\"color: #5caad2;\">Initiated!</span>','Isuzu Alabang of <strong>IADI</strong> has been initiated the module viewing. <br>\r\n                            Please click the button to navigate directly to our system.',NULL,NULL,NULL,'2019-03-06 16:22:51','2019-03-06 16:22:51'),
(2768,'opened','Initialized Module','interface-notif@isuzuphil.com','carl-lat@isuzuphil.com','Module <span style=\"color: #5caad2;\">Initiated!</span>','Isuzu Alabang of <strong>IADI</strong> has been initiated the module viewing. <br>\r\n                            Please click the button to navigate directly to our system.',NULL,NULL,NULL,'2019-03-06 16:22:51','2019-03-06 16:22:51'),
(2769,'opened','Initialized Module','interface-notif@isuzuphil.com','prince-tiburcio@isuzuphil.com','Module <span style=\"color: #5caad2;\">Initiated!</span>','Isuzu Alabang of <strong>IADI</strong> has been initiated the module viewing. <br>\r\n                            Please click the button to navigate directly to our system.',NULL,NULL,NULL,'2019-03-06 16:22:51','2019-03-06 16:22:51'),
(2770,'opened','Initialized Module','interface-notif@isuzuphil.com','nap-marquez@isuzuphil.com','Module <span style=\"color: #5caad2;\">Initiated!</span>','Isuzu Alabang of <strong>IADI</strong> has been initiated the module viewing. <br>\r\n                            Please click the button to navigate directly to our system.',NULL,NULL,NULL,'2019-03-06 16:24:39','2019-03-06 16:24:39'),
(2771,'opened','Initialized Module','interface-notif@isuzuphil.com','marilou-cabarles@isuzuphil.com','Module <span style=\"color: #5caad2;\">Initiated!</span>','Isuzu Alabang of <strong>IADI</strong> has been initiated the module viewing. <br>\r\n                            Please click the button to navigate directly to our system.',NULL,NULL,NULL,'2019-03-06 16:24:39','2019-03-06 16:24:39'),
(2772,'opened','Initialized Module','interface-notif@isuzuphil.com','carl-lat@isuzuphil.com','Module <span style=\"color: #5caad2;\">Initiated!</span>','Isuzu Alabang of <strong>IADI</strong> has been initiated the module viewing. <br>\r\n                            Please click the button to navigate directly to our system.',NULL,NULL,NULL,'2019-03-06 16:24:39','2019-03-06 16:24:39'),
(2773,'opened','Initialized Module','interface-notif@isuzuphil.com','prince-tiburcio@isuzuphil.com','Module <span style=\"color: #5caad2;\">Initiated!</span>','Isuzu Alabang of <strong>IADI</strong> has been initiated the module viewing. <br>\r\n                            Please click the button to navigate directly to our system.',NULL,NULL,NULL,'2019-03-06 16:24:39','2019-03-06 16:24:39'),
(2774,'opened','Initialized Module','interface-notif@isuzuphil.com','nap-marquez@isuzuphil.com','Module <span style=\"color: #5caad2;\">Initiated!</span>','Isuzu Iguig of <strong>B.M. Domingo Motor Sales Incorporated</strong> has been initiated the module viewing. <br>\r\n                            Please click the button to navigate directly to our system.',NULL,NULL,NULL,'2019-06-06 14:50:43','2019-06-06 14:50:43'),
(2775,'opened','Initialized Module','interface-notif@isuzuphil.com','marilou-cabarles@isuzuphil.com','Module <span style=\"color: #5caad2;\">Initiated!</span>','Isuzu Iguig of <strong>B.M. Domingo Motor Sales Incorporated</strong> has been initiated the module viewing. <br>\r\n                            Please click the button to navigate directly to our system.',NULL,NULL,NULL,'2019-06-06 14:50:43','2019-06-06 14:50:43'),
(2776,'opened','Initialized Module','interface-notif@isuzuphil.com','carl-lat@isuzuphil.com','Module <span style=\"color: #5caad2;\">Initiated!</span>','Isuzu Iguig of <strong>B.M. Domingo Motor Sales Incorporated</strong> has been initiated the module viewing. <br>\r\n                            Please click the button to navigate directly to our system.',NULL,NULL,NULL,'2019-06-06 14:50:43','2019-06-06 14:50:43'),
(2777,'opened','Initialized Module','interface-notif@isuzuphil.com','prince-tiburcio@isuzuphil.com','Module <span style=\"color: #5caad2;\">Initiated!</span>','Isuzu Iguig of <strong>B.M. Domingo Motor Sales Incorporated</strong> has been initiated the module viewing. <br>\r\n                            Please click the button to navigate directly to our system.',NULL,NULL,NULL,'2019-06-06 14:50:43','2019-06-06 14:50:43'),
(2778,'opened','Initialized Examination','interface-notif@isuzuphil.com','nap-marquez@isuzuphil.com','Examination <span style=\"color: #5caad2;\">Initiated!</span>','Isuzu Isabela of <strong>B.M. Domingo Motor Sales Incorporated</strong> has been initiated the examination. <br>\r\n					Please click the button to navigate directly to our system.',NULL,NULL,NULL,'2019-06-06 15:01:07','2019-06-06 15:01:07'),
(2779,'opened','Initialized Examination','interface-notif@isuzuphil.com','marilou-cabarles@isuzuphil.com','Examination <span style=\"color: #5caad2;\">Initiated!</span>','Isuzu Isabela of <strong>B.M. Domingo Motor Sales Incorporated</strong> has been initiated the examination. <br>\r\n					Please click the button to navigate directly to our system.',NULL,NULL,NULL,'2019-06-06 15:01:07','2019-06-06 15:01:07'),
(2780,'opened','Initialized Examination','interface-notif@isuzuphil.com','carl-lat@isuzuphil.com','Examination <span style=\"color: #5caad2;\">Initiated!</span>','Isuzu Isabela of <strong>B.M. Domingo Motor Sales Incorporated</strong> has been initiated the examination. <br>\r\n					Please click the button to navigate directly to our system.',NULL,NULL,NULL,'2019-06-06 15:01:07','2019-06-06 15:01:07'),
(2781,'opened','Initialized Examination','interface-notif@isuzuphil.com','prince-tiburcio@isuzuphil.com','Examination <span style=\"color: #5caad2;\">Initiated!</span>','Isuzu Isabela of <strong>B.M. Domingo Motor Sales Incorporated</strong> has been initiated the examination. <br>\r\n					Please click the button to navigate directly to our system.',NULL,NULL,NULL,'2019-06-06 15:01:07','2019-06-06 15:01:07'),
(2782,'opened','Initialized Examination','interface-notif@isuzuphil.com','nap-marquez@isuzuphil.com','Examination <span style=\"color: #5caad2;\">Initiated!</span>','Isuzu Isabela of <strong>B.M. Domingo Motor Sales Incorporated</strong> has been initiated the examination. <br>\r\n					Please click the button to navigate directly to our system.',NULL,NULL,NULL,'2019-06-06 15:07:40','2019-06-06 15:07:40'),
(2783,'opened','Initialized Examination','interface-notif@isuzuphil.com','marilou-cabarles@isuzuphil.com','Examination <span style=\"color: #5caad2;\">Initiated!</span>','Isuzu Isabela of <strong>B.M. Domingo Motor Sales Incorporated</strong> has been initiated the examination. <br>\r\n					Please click the button to navigate directly to our system.',NULL,NULL,NULL,'2019-06-06 15:07:40','2019-06-06 15:07:40'),
(2784,'opened','Initialized Examination','interface-notif@isuzuphil.com','carl-lat@isuzuphil.com','Examination <span style=\"color: #5caad2;\">Initiated!</span>','Isuzu Isabela of <strong>B.M. Domingo Motor Sales Incorporated</strong> has been initiated the examination. <br>\r\n					Please click the button to navigate directly to our system.',NULL,NULL,NULL,'2019-06-06 15:07:40','2019-06-06 15:07:40'),
(2785,'opened','Initialized Examination','interface-notif@isuzuphil.com','prince-tiburcio@isuzuphil.com','Examination <span style=\"color: #5caad2;\">Initiated!</span>','Isuzu Isabela of <strong>B.M. Domingo Motor Sales Incorporated</strong> has been initiated the examination. <br>\r\n					Please click the button to navigate directly to our system.',NULL,NULL,NULL,'2019-06-06 15:07:40','2019-06-06 15:07:40'),
(2786,'opened','Initialized Examination','interface-notif@isuzuphil.com','nap-marquez@isuzuphil.com','Examination <span style=\"color: #5caad2;\">Initiated!</span>','Isuzu Isabela of <strong>B.M. Domingo Motor Sales Incorporated</strong> has been initiated the examination. <br>\r\n					Please click the button to navigate directly to our system.',NULL,NULL,NULL,'2019-06-06 15:22:23','2019-06-06 15:22:23'),
(2787,'opened','Initialized Examination','interface-notif@isuzuphil.com','marilou-cabarles@isuzuphil.com','Examination <span style=\"color: #5caad2;\">Initiated!</span>','Isuzu Isabela of <strong>B.M. Domingo Motor Sales Incorporated</strong> has been initiated the examination. <br>\r\n					Please click the button to navigate directly to our system.',NULL,NULL,NULL,'2019-06-06 15:22:23','2019-06-06 15:22:23'),
(2788,'opened','Initialized Examination','interface-notif@isuzuphil.com','carl-lat@isuzuphil.com','Examination <span style=\"color: #5caad2;\">Initiated!</span>','Isuzu Isabela of <strong>B.M. Domingo Motor Sales Incorporated</strong> has been initiated the examination. <br>\r\n					Please click the button to navigate directly to our system.',NULL,NULL,NULL,'2019-06-06 15:22:23','2019-06-06 15:22:23'),
(2789,'opened','Initialized Examination','interface-notif@isuzuphil.com','prince-tiburcio@isuzuphil.com','Examination <span style=\"color: #5caad2;\">Initiated!</span>','Isuzu Isabela of <strong>B.M. Domingo Motor Sales Incorporated</strong> has been initiated the examination. <br>\r\n					Please click the button to navigate directly to our system.',NULL,NULL,NULL,'2019-06-06 15:22:23','2019-06-06 15:22:23'),
(2790,'opened','Initialized Examination','interface-notif@isuzuphil.com','nap-marquez@isuzuphil.com','Examination <span style=\"color: #5caad2;\">Initiated!</span>','Isuzu Isabela of <strong>B.M. Domingo Motor Sales Incorporated</strong> has been initiated the examination. <br>\r\n					Please click the button to navigate directly to our system.',NULL,NULL,NULL,'2019-06-06 15:28:43','2019-06-06 15:28:43'),
(2791,'opened','Initialized Examination','interface-notif@isuzuphil.com','marilou-cabarles@isuzuphil.com','Examination <span style=\"color: #5caad2;\">Initiated!</span>','Isuzu Isabela of <strong>B.M. Domingo Motor Sales Incorporated</strong> has been initiated the examination. <br>\r\n					Please click the button to navigate directly to our system.',NULL,NULL,NULL,'2019-06-06 15:28:43','2019-06-06 15:28:43'),
(2792,'opened','Initialized Examination','interface-notif@isuzuphil.com','carl-lat@isuzuphil.com','Examination <span style=\"color: #5caad2;\">Initiated!</span>','Isuzu Isabela of <strong>B.M. Domingo Motor Sales Incorporated</strong> has been initiated the examination. <br>\r\n					Please click the button to navigate directly to our system.',NULL,NULL,NULL,'2019-06-06 15:28:43','2019-06-06 15:28:43'),
(2793,'opened','Initialized Examination','interface-notif@isuzuphil.com','prince-tiburcio@isuzuphil.com','Examination <span style=\"color: #5caad2;\">Initiated!</span>','Isuzu Isabela of <strong>B.M. Domingo Motor Sales Incorporated</strong> has been initiated the examination. <br>\r\n					Please click the button to navigate directly to our system.',NULL,NULL,NULL,'2019-06-06 15:28:43','2019-06-06 15:28:43');

/*Table structure for table `exam_details` */

DROP TABLE IF EXISTS `exam_details`;

CREATE TABLE `exam_details` (
  `exam_detail_id` int(10) unsigned NOT NULL AUTO_INCREMENT,
  `exam_schedule_id` int(10) unsigned NOT NULL,
  `dealer_id` int(10) unsigned NOT NULL,
  `start_date` date NOT NULL,
  `end_date` date NOT NULL,
  `is_opened` tinyint(1) NOT NULL DEFAULT '0',
  `is_enabled` tinyint(1) NOT NULL DEFAULT '1',
  `status` enum('waiting','on_progress','ended','') COLLATE utf8_unicode_ci NOT NULL DEFAULT 'waiting',
  `created_at` timestamp NOT NULL DEFAULT CURRENT_TIMESTAMP,
  `updated_at` timestamp NOT NULL DEFAULT CURRENT_TIMESTAMP ON UPDATE CURRENT_TIMESTAMP,
  PRIMARY KEY (`exam_detail_id`),
  KEY `ed.exam_schedule_id` (`exam_schedule_id`),
  KEY `ed.dealer_id` (`dealer_id`),
  CONSTRAINT `ed.dealer_id` FOREIGN KEY (`dealer_id`) REFERENCES `dealers` (`dealer_id`) ON DELETE CASCADE ON UPDATE CASCADE,
  CONSTRAINT `ed.exam_schedule_id` FOREIGN KEY (`exam_schedule_id`) REFERENCES `exam_schedules` (`exam_schedule_id`) ON DELETE CASCADE ON UPDATE CASCADE
) ENGINE=InnoDB AUTO_INCREMENT=201 DEFAULT CHARSET=utf8 COLLATE=utf8_unicode_ci;

/*Data for the table `exam_details` */

insert  into `exam_details`(`exam_detail_id`,`exam_schedule_id`,`dealer_id`,`start_date`,`end_date`,`is_opened`,`is_enabled`,`status`,`created_at`,`updated_at`) values 
(33,19,1,'2019-03-06','2019-12-06',1,1,'on_progress','2019-03-06 07:36:57','2019-03-06 07:53:06'),
(34,19,2,'2019-03-06','2019-12-06',0,1,'on_progress','2019-03-06 07:36:57','2019-03-06 07:37:47'),
(35,19,3,'2019-03-06','2019-12-06',0,1,'on_progress','2019-03-06 07:36:57','2019-03-06 07:37:47'),
(36,19,4,'2019-03-06','2019-12-06',0,1,'on_progress','2019-03-06 07:36:57','2019-03-06 07:37:47'),
(37,19,5,'2019-03-06','2019-12-06',0,1,'on_progress','2019-03-06 07:36:57','2019-03-06 07:37:47'),
(38,19,6,'2019-03-06','2019-12-06',0,1,'on_progress','2019-03-06 07:36:57','2019-03-06 07:37:47'),
(39,19,7,'2019-03-06','2019-12-06',0,1,'on_progress','2019-03-06 07:36:57','2019-03-06 07:37:47'),
(40,19,8,'2019-03-06','2019-12-06',0,1,'on_progress','2019-03-06 07:36:57','2019-03-06 07:37:47'),
(41,19,9,'2019-03-06','2019-12-06',0,1,'on_progress','2019-03-06 07:36:57','2019-03-06 07:37:47'),
(42,19,10,'2019-03-06','2019-12-06',0,1,'on_progress','2019-03-06 07:36:57','2019-03-06 07:37:47'),
(43,19,11,'2019-03-06','2019-12-06',0,1,'on_progress','2019-03-06 07:36:57','2019-03-06 07:37:47'),
(44,19,12,'2019-03-06','2019-12-06',0,1,'on_progress','2019-03-06 07:36:57','2019-03-06 07:37:47'),
(45,19,13,'2019-03-06','2019-12-06',0,1,'on_progress','2019-03-06 07:36:57','2019-03-06 07:37:47'),
(46,19,14,'2019-03-06','2019-12-06',0,1,'on_progress','2019-03-06 07:36:57','2019-03-06 07:37:47'),
(47,19,15,'2019-03-06','2019-12-06',0,1,'on_progress','2019-03-06 07:36:57','2019-03-06 07:37:47'),
(48,19,16,'2019-03-06','2019-12-06',0,1,'on_progress','2019-03-06 07:36:57','2019-03-06 07:37:47'),
(49,19,17,'2019-03-06','2019-12-06',0,1,'on_progress','2019-03-06 07:36:57','2019-03-06 07:37:47'),
(50,19,18,'2019-03-06','2019-12-06',1,1,'on_progress','2019-03-06 07:36:57','2019-06-06 15:01:07'),
(51,19,19,'2019-03-06','2019-12-06',0,1,'on_progress','2019-03-06 07:36:57','2019-03-06 07:37:47'),
(52,19,20,'2019-03-06','2019-12-06',0,1,'on_progress','2019-03-06 07:36:57','2019-03-06 07:37:47'),
(53,19,21,'2019-03-06','2019-12-06',0,1,'on_progress','2019-03-06 07:36:57','2019-03-06 07:37:47'),
(54,19,22,'2019-03-06','2019-12-06',0,1,'on_progress','2019-03-06 07:36:57','2019-03-06 07:37:47'),
(55,19,23,'2019-03-06','2019-12-06',0,1,'on_progress','2019-03-06 07:36:57','2019-03-06 07:37:47'),
(56,19,24,'2019-03-06','2019-12-06',0,1,'on_progress','2019-03-06 07:36:57','2019-03-06 07:37:47'),
(57,19,25,'2019-03-06','2019-12-06',0,1,'on_progress','2019-03-06 07:36:57','2019-03-06 07:37:47'),
(58,19,26,'2019-03-06','2019-12-06',0,1,'on_progress','2019-03-06 07:36:57','2019-03-06 07:37:47'),
(59,19,27,'2019-03-06','2019-12-06',0,1,'on_progress','2019-03-06 07:36:57','2019-03-06 07:37:47'),
(60,19,28,'2019-03-06','2019-12-06',0,1,'on_progress','2019-03-06 07:36:57','2019-03-06 07:37:47'),
(61,19,29,'2019-03-06','2019-12-06',0,1,'on_progress','2019-03-06 07:36:57','2019-03-06 07:37:47'),
(62,19,30,'2019-03-06','2019-12-06',0,1,'on_progress','2019-03-06 07:36:57','2019-03-06 07:37:47'),
(63,19,31,'2019-03-06','2019-12-06',0,1,'on_progress','2019-03-06 07:36:57','2019-03-06 07:37:47'),
(64,19,32,'2019-03-06','2019-12-06',0,1,'on_progress','2019-03-06 07:36:57','2019-03-06 07:37:47'),
(65,19,33,'2019-03-06','2019-12-06',0,1,'on_progress','2019-03-06 07:36:57','2019-03-06 07:37:47'),
(66,19,34,'2019-03-06','2019-12-06',0,1,'on_progress','2019-03-06 07:36:57','2019-03-06 07:37:47'),
(67,19,35,'2019-03-06','2019-12-06',0,1,'on_progress','2019-03-06 07:36:57','2019-03-06 07:37:47'),
(68,19,36,'2019-03-06','2019-12-06',0,1,'on_progress','2019-03-06 07:36:57','2019-03-06 07:37:47'),
(69,19,37,'2019-03-06','2019-12-06',0,1,'on_progress','2019-03-06 07:36:57','2019-03-06 07:37:47'),
(70,19,38,'2019-03-06','2019-12-06',0,1,'on_progress','2019-03-06 07:36:57','2019-03-06 07:37:47'),
(71,19,39,'2019-03-06','2019-12-06',0,1,'on_progress','2019-03-06 07:36:57','2019-03-06 07:37:47'),
(72,19,40,'2019-03-06','2019-12-06',0,1,'on_progress','2019-03-06 07:36:57','2019-03-06 07:37:47'),
(73,19,41,'2019-03-06','2019-12-06',0,1,'on_progress','2019-03-06 07:36:57','2019-03-06 07:37:47'),
(74,19,45,'2019-03-06','2019-12-06',0,1,'on_progress','2019-03-06 07:36:57','2019-03-06 07:37:47'),
(75,20,1,'2019-03-06','2019-12-06',0,1,'on_progress','2019-03-06 07:37:47','2019-03-06 07:38:28'),
(76,20,2,'2019-03-06','2019-12-06',0,1,'on_progress','2019-03-06 07:37:47','2019-03-06 07:38:28'),
(77,20,3,'2019-03-06','2019-12-06',0,1,'on_progress','2019-03-06 07:37:47','2019-03-06 07:38:28'),
(78,20,4,'2019-03-06','2019-12-06',0,1,'on_progress','2019-03-06 07:37:47','2019-03-06 07:38:28'),
(79,20,5,'2019-03-06','2019-12-06',0,1,'on_progress','2019-03-06 07:37:47','2019-03-06 07:38:28'),
(80,20,6,'2019-03-06','2019-12-06',0,1,'on_progress','2019-03-06 07:37:47','2019-03-06 07:38:28'),
(81,20,7,'2019-03-06','2019-12-06',0,1,'on_progress','2019-03-06 07:37:47','2019-03-06 07:38:28'),
(82,20,8,'2019-03-06','2019-12-06',0,1,'on_progress','2019-03-06 07:37:47','2019-03-06 07:38:28'),
(83,20,9,'2019-03-06','2019-12-06',0,1,'on_progress','2019-03-06 07:37:47','2019-03-06 07:38:28'),
(84,20,10,'2019-03-06','2019-12-06',0,1,'on_progress','2019-03-06 07:37:47','2019-03-06 07:38:28'),
(85,20,11,'2019-03-06','2019-12-06',0,1,'on_progress','2019-03-06 07:37:47','2019-03-06 07:38:28'),
(86,20,12,'2019-03-06','2019-12-06',0,1,'on_progress','2019-03-06 07:37:47','2019-03-06 07:38:28'),
(87,20,13,'2019-03-06','2019-12-06',0,1,'on_progress','2019-03-06 07:37:47','2019-03-06 07:38:28'),
(88,20,14,'2019-03-06','2019-12-06',0,1,'on_progress','2019-03-06 07:37:47','2019-03-06 07:38:28'),
(89,20,15,'2019-03-06','2019-12-06',0,1,'on_progress','2019-03-06 07:37:47','2019-03-06 07:38:28'),
(90,20,16,'2019-03-06','2019-12-06',0,1,'on_progress','2019-03-06 07:37:47','2019-03-06 07:38:28'),
(91,20,17,'2019-03-06','2019-12-06',0,1,'on_progress','2019-03-06 07:37:47','2019-03-06 07:38:28'),
(92,20,18,'2019-03-06','2019-12-06',1,1,'on_progress','2019-03-06 07:37:47','2019-06-06 15:07:40'),
(93,20,19,'2019-03-06','2019-12-06',0,1,'on_progress','2019-03-06 07:37:47','2019-03-06 07:38:28'),
(94,20,20,'2019-03-06','2019-12-06',0,1,'on_progress','2019-03-06 07:37:47','2019-03-06 07:38:29'),
(95,20,21,'2019-03-06','2019-12-06',0,1,'on_progress','2019-03-06 07:37:47','2019-03-06 07:38:29'),
(96,20,22,'2019-03-06','2019-12-06',0,1,'on_progress','2019-03-06 07:37:47','2019-03-06 07:38:29'),
(97,20,23,'2019-03-06','2019-12-06',0,1,'on_progress','2019-03-06 07:37:47','2019-03-06 07:38:29'),
(98,20,24,'2019-03-06','2019-12-06',0,1,'on_progress','2019-03-06 07:37:47','2019-03-06 07:38:29'),
(99,20,25,'2019-03-06','2019-12-06',0,1,'on_progress','2019-03-06 07:37:47','2019-03-06 07:38:29'),
(100,20,26,'2019-03-06','2019-12-06',0,1,'on_progress','2019-03-06 07:37:47','2019-03-06 07:38:29'),
(101,20,27,'2019-03-06','2019-12-06',0,1,'on_progress','2019-03-06 07:37:47','2019-03-06 07:38:29'),
(102,20,28,'2019-03-06','2019-12-06',0,1,'on_progress','2019-03-06 07:37:47','2019-03-06 07:38:29'),
(103,20,29,'2019-03-06','2019-12-06',0,1,'on_progress','2019-03-06 07:37:47','2019-03-06 07:38:29'),
(104,20,30,'2019-03-06','2019-12-06',0,1,'on_progress','2019-03-06 07:37:47','2019-03-06 07:38:29'),
(105,20,31,'2019-03-06','2019-12-06',0,1,'on_progress','2019-03-06 07:37:47','2019-03-06 07:38:29'),
(106,20,32,'2019-03-06','2019-12-06',0,1,'on_progress','2019-03-06 07:37:47','2019-03-06 07:38:29'),
(107,20,33,'2019-03-06','2019-12-06',0,1,'on_progress','2019-03-06 07:37:47','2019-03-06 07:38:29'),
(108,20,34,'2019-03-06','2019-12-06',0,1,'on_progress','2019-03-06 07:37:47','2019-03-06 07:38:29'),
(109,20,35,'2019-03-06','2019-12-06',0,1,'on_progress','2019-03-06 07:37:47','2019-03-06 07:38:29'),
(110,20,36,'2019-03-06','2019-12-06',0,1,'on_progress','2019-03-06 07:37:47','2019-03-06 07:38:29'),
(111,20,37,'2019-03-06','2019-12-06',0,1,'on_progress','2019-03-06 07:37:47','2019-03-06 07:38:29'),
(112,20,38,'2019-03-06','2019-12-06',0,1,'on_progress','2019-03-06 07:37:47','2019-03-06 07:38:29'),
(113,20,39,'2019-03-06','2019-12-06',0,1,'on_progress','2019-03-06 07:37:47','2019-03-06 07:38:29'),
(114,20,40,'2019-03-06','2019-12-06',0,1,'on_progress','2019-03-06 07:37:47','2019-03-06 07:38:29'),
(115,20,41,'2019-03-06','2019-12-06',0,1,'on_progress','2019-03-06 07:37:47','2019-03-06 07:38:29'),
(116,20,45,'2019-03-06','2019-12-06',0,1,'on_progress','2019-03-06 07:37:47','2019-03-06 07:38:29'),
(117,21,1,'2019-03-06','2019-12-06',0,1,'on_progress','2019-03-06 07:38:29','2019-03-06 07:39:20'),
(118,21,2,'2019-03-06','2019-12-06',0,1,'on_progress','2019-03-06 07:38:29','2019-03-06 07:39:20'),
(119,21,3,'2019-03-06','2019-12-06',0,1,'on_progress','2019-03-06 07:38:29','2019-03-06 07:39:20'),
(120,21,4,'2019-03-06','2019-12-06',0,1,'on_progress','2019-03-06 07:38:29','2019-03-06 07:39:20'),
(121,21,5,'2019-03-06','2019-12-06',0,1,'on_progress','2019-03-06 07:38:29','2019-03-06 07:39:20'),
(122,21,6,'2019-03-06','2019-12-06',0,1,'on_progress','2019-03-06 07:38:29','2019-03-06 07:39:20'),
(123,21,7,'2019-03-06','2019-12-06',0,1,'on_progress','2019-03-06 07:38:29','2019-03-06 07:39:20'),
(124,21,8,'2019-03-06','2019-12-06',0,1,'on_progress','2019-03-06 07:38:29','2019-03-06 07:39:20'),
(125,21,9,'2019-03-06','2019-12-06',0,1,'on_progress','2019-03-06 07:38:29','2019-03-06 07:39:20'),
(126,21,10,'2019-03-06','2019-12-06',0,1,'on_progress','2019-03-06 07:38:29','2019-03-06 07:39:20'),
(127,21,11,'2019-03-06','2019-12-06',0,1,'on_progress','2019-03-06 07:38:29','2019-03-06 07:39:20'),
(128,21,12,'2019-03-06','2019-12-06',0,1,'on_progress','2019-03-06 07:38:29','2019-03-06 07:39:20'),
(129,21,13,'2019-03-06','2019-12-06',0,1,'on_progress','2019-03-06 07:38:29','2019-03-06 07:39:20'),
(130,21,14,'2019-03-06','2019-12-06',0,1,'on_progress','2019-03-06 07:38:29','2019-03-06 07:39:20'),
(131,21,15,'2019-03-06','2019-12-06',0,1,'on_progress','2019-03-06 07:38:29','2019-03-06 07:39:20'),
(132,21,16,'2019-03-06','2019-12-06',0,1,'on_progress','2019-03-06 07:38:29','2019-03-06 07:39:20'),
(133,21,17,'2019-03-06','2019-12-06',0,1,'on_progress','2019-03-06 07:38:29','2019-03-06 07:39:20'),
(134,21,18,'2019-03-06','2019-12-06',1,1,'on_progress','2019-03-06 07:38:29','2019-06-06 15:22:23'),
(135,21,19,'2019-03-06','2019-12-06',0,1,'on_progress','2019-03-06 07:38:29','2019-03-06 07:39:20'),
(136,21,20,'2019-03-06','2019-12-06',0,1,'on_progress','2019-03-06 07:38:29','2019-03-06 07:39:20'),
(137,21,21,'2019-03-06','2019-12-06',0,1,'on_progress','2019-03-06 07:38:29','2019-03-06 07:39:20'),
(138,21,22,'2019-03-06','2019-12-06',0,1,'on_progress','2019-03-06 07:38:29','2019-03-06 07:39:20'),
(139,21,23,'2019-03-06','2019-12-06',0,1,'on_progress','2019-03-06 07:38:29','2019-03-06 07:39:20'),
(140,21,24,'2019-03-06','2019-12-06',0,1,'on_progress','2019-03-06 07:38:29','2019-03-06 07:39:20'),
(141,21,25,'2019-03-06','2019-12-06',0,1,'on_progress','2019-03-06 07:38:29','2019-03-06 07:39:20'),
(142,21,26,'2019-03-06','2019-12-06',0,1,'on_progress','2019-03-06 07:38:29','2019-03-06 07:39:20'),
(143,21,27,'2019-03-06','2019-12-06',0,1,'on_progress','2019-03-06 07:38:29','2019-03-06 07:39:20'),
(144,21,28,'2019-03-06','2019-12-06',0,1,'on_progress','2019-03-06 07:38:29','2019-03-06 07:39:20'),
(145,21,29,'2019-03-06','2019-12-06',0,1,'on_progress','2019-03-06 07:38:29','2019-03-06 07:39:20'),
(146,21,30,'2019-03-06','2019-12-06',0,1,'on_progress','2019-03-06 07:38:29','2019-03-06 07:39:20'),
(147,21,31,'2019-03-06','2019-12-06',0,1,'on_progress','2019-03-06 07:38:29','2019-03-06 07:39:20'),
(148,21,32,'2019-03-06','2019-12-06',0,1,'on_progress','2019-03-06 07:38:29','2019-03-06 07:39:20'),
(149,21,33,'2019-03-06','2019-12-06',0,1,'on_progress','2019-03-06 07:38:29','2019-03-06 07:39:20'),
(150,21,34,'2019-03-06','2019-12-06',0,1,'on_progress','2019-03-06 07:38:29','2019-03-06 07:39:20'),
(151,21,35,'2019-03-06','2019-12-06',0,1,'on_progress','2019-03-06 07:38:29','2019-03-06 07:39:20'),
(152,21,36,'2019-03-06','2019-12-06',0,1,'on_progress','2019-03-06 07:38:29','2019-03-06 07:39:20'),
(153,21,37,'2019-03-06','2019-12-06',0,1,'on_progress','2019-03-06 07:38:29','2019-03-06 07:39:20'),
(154,21,38,'2019-03-06','2019-12-06',0,1,'on_progress','2019-03-06 07:38:29','2019-03-06 07:39:20'),
(155,21,39,'2019-03-06','2019-12-06',0,1,'on_progress','2019-03-06 07:38:29','2019-03-06 07:39:20'),
(156,21,40,'2019-03-06','2019-12-06',0,1,'on_progress','2019-03-06 07:38:29','2019-03-06 07:39:20'),
(157,21,41,'2019-03-06','2019-12-06',0,1,'on_progress','2019-03-06 07:38:29','2019-03-06 07:39:20'),
(158,21,45,'2019-03-06','2019-12-06',0,1,'on_progress','2019-03-06 07:38:29','2019-03-06 07:39:20'),
(159,22,1,'2019-03-06','2019-12-06',0,1,'on_progress','2019-03-06 07:39:20','2019-03-06 07:48:28'),
(160,22,2,'2019-03-06','2019-12-06',0,1,'on_progress','2019-03-06 07:39:20','2019-03-06 07:48:28'),
(161,22,3,'2019-03-06','2019-12-06',0,1,'on_progress','2019-03-06 07:39:20','2019-03-06 07:48:28'),
(162,22,4,'2019-03-06','2019-12-06',0,1,'on_progress','2019-03-06 07:39:20','2019-03-06 07:48:28'),
(163,22,5,'2019-03-06','2019-12-06',0,1,'on_progress','2019-03-06 07:39:20','2019-03-06 07:48:28'),
(164,22,6,'2019-03-06','2019-12-06',0,1,'on_progress','2019-03-06 07:39:20','2019-03-06 07:48:28'),
(165,22,7,'2019-03-06','2019-12-06',0,1,'on_progress','2019-03-06 07:39:20','2019-03-06 07:48:28'),
(166,22,8,'2019-03-06','2019-12-06',0,1,'on_progress','2019-03-06 07:39:20','2019-03-06 07:48:28'),
(167,22,9,'2019-03-06','2019-12-06',0,1,'on_progress','2019-03-06 07:39:20','2019-03-06 07:48:28'),
(168,22,10,'2019-03-06','2019-12-06',0,1,'on_progress','2019-03-06 07:39:20','2019-03-06 07:48:28'),
(169,22,11,'2019-03-06','2019-12-06',0,1,'on_progress','2019-03-06 07:39:20','2019-03-06 07:48:28'),
(170,22,12,'2019-03-06','2019-12-06',0,1,'on_progress','2019-03-06 07:39:20','2019-03-06 07:48:28'),
(171,22,13,'2019-03-06','2019-12-06',0,1,'on_progress','2019-03-06 07:39:20','2019-03-06 07:48:28'),
(172,22,14,'2019-03-06','2019-12-06',0,1,'on_progress','2019-03-06 07:39:20','2019-03-06 07:48:28'),
(173,22,15,'2019-03-06','2019-12-06',0,1,'on_progress','2019-03-06 07:39:20','2019-03-06 07:48:28'),
(174,22,16,'2019-03-06','2019-12-06',0,1,'on_progress','2019-03-06 07:39:20','2019-03-06 07:48:28'),
(175,22,17,'2019-03-06','2019-12-06',0,1,'on_progress','2019-03-06 07:39:20','2019-03-06 07:48:28'),
(176,22,18,'2019-03-06','2019-12-06',1,1,'on_progress','2019-03-06 07:39:20','2019-06-06 15:28:43'),
(177,22,19,'2019-03-06','2019-12-06',0,1,'on_progress','2019-03-06 07:39:20','2019-03-06 07:48:28'),
(178,22,20,'2019-03-06','2019-12-06',0,1,'on_progress','2019-03-06 07:39:20','2019-03-06 07:48:28'),
(179,22,21,'2019-03-06','2019-12-06',0,1,'on_progress','2019-03-06 07:39:20','2019-03-06 07:48:28'),
(180,22,22,'2019-03-06','2019-12-06',0,1,'on_progress','2019-03-06 07:39:20','2019-03-06 07:48:28'),
(181,22,23,'2019-03-06','2019-12-06',0,1,'on_progress','2019-03-06 07:39:20','2019-03-06 07:48:28'),
(182,22,24,'2019-03-06','2019-12-06',0,1,'on_progress','2019-03-06 07:39:20','2019-03-06 07:48:28'),
(183,22,25,'2019-03-06','2019-12-06',0,1,'on_progress','2019-03-06 07:39:20','2019-03-06 07:48:28'),
(184,22,26,'2019-03-06','2019-12-06',0,1,'on_progress','2019-03-06 07:39:20','2019-03-06 07:48:28'),
(185,22,27,'2019-03-06','2019-12-06',0,1,'on_progress','2019-03-06 07:39:20','2019-03-06 07:48:28'),
(186,22,28,'2019-03-06','2019-12-06',0,1,'on_progress','2019-03-06 07:39:20','2019-03-06 07:48:28'),
(187,22,29,'2019-03-06','2019-12-06',0,1,'on_progress','2019-03-06 07:39:20','2019-03-06 07:48:28'),
(188,22,30,'2019-03-06','2019-12-06',0,1,'on_progress','2019-03-06 07:39:20','2019-03-06 07:48:28'),
(189,22,31,'2019-03-06','2019-12-06',0,1,'on_progress','2019-03-06 07:39:20','2019-03-06 07:48:28'),
(190,22,32,'2019-03-06','2019-12-06',0,1,'on_progress','2019-03-06 07:39:20','2019-03-06 07:48:28'),
(191,22,33,'2019-03-06','2019-12-06',0,1,'on_progress','2019-03-06 07:39:20','2019-03-06 07:48:28'),
(192,22,34,'2019-03-06','2019-12-06',0,1,'on_progress','2019-03-06 07:39:20','2019-03-06 07:48:28'),
(193,22,35,'2019-03-06','2019-12-06',0,1,'on_progress','2019-03-06 07:39:20','2019-03-06 07:48:28'),
(194,22,36,'2019-03-06','2019-12-06',0,1,'on_progress','2019-03-06 07:39:20','2019-03-06 07:48:28'),
(195,22,37,'2019-03-06','2019-12-06',0,1,'on_progress','2019-03-06 07:39:20','2019-03-06 07:48:28'),
(196,22,38,'2019-03-06','2019-12-06',0,1,'on_progress','2019-03-06 07:39:20','2019-03-06 07:48:28'),
(197,22,39,'2019-03-06','2019-12-06',0,1,'on_progress','2019-03-06 07:39:20','2019-03-06 07:48:28'),
(198,22,40,'2019-03-06','2019-12-06',0,1,'on_progress','2019-03-06 07:39:20','2019-03-06 07:48:28'),
(199,22,41,'2019-03-06','2019-12-06',0,1,'on_progress','2019-03-06 07:39:20','2019-03-06 07:48:28'),
(200,22,45,'2019-03-06','2019-12-06',0,1,'on_progress','2019-03-06 07:39:20','2019-03-06 07:48:28');

/*Table structure for table `exam_schedules` */

DROP TABLE IF EXISTS `exam_schedules`;

CREATE TABLE `exam_schedules` (
  `exam_schedule_id` int(10) unsigned NOT NULL AUTO_INCREMENT,
  `module_id` int(10) unsigned NOT NULL,
  `status` enum('on_going','completed') COLLATE utf8_unicode_ci NOT NULL DEFAULT 'on_going',
  `timer` int(11) NOT NULL,
  `passing_score` int(10) NOT NULL,
  `created_by` varchar(100) COLLATE utf8_unicode_ci NOT NULL DEFAULT 'PK',
  `created_at` timestamp NOT NULL DEFAULT CURRENT_TIMESTAMP,
  `updated_at` timestamp NOT NULL DEFAULT CURRENT_TIMESTAMP ON UPDATE CURRENT_TIMESTAMP,
  PRIMARY KEY (`exam_schedule_id`),
  KEY `es.module_id` (`module_id`),
  CONSTRAINT `es.module_id` FOREIGN KEY (`module_id`) REFERENCES `modules` (`module_id`) ON DELETE CASCADE ON UPDATE CASCADE
) ENGINE=InnoDB AUTO_INCREMENT=23 DEFAULT CHARSET=utf8 COLLATE=utf8_unicode_ci;

/*Data for the table `exam_schedules` */

insert  into `exam_schedules`(`exam_schedule_id`,`module_id`,`status`,`timer`,`passing_score`,`created_by`,`created_at`,`updated_at`) values 
(19,1,'on_going',60,25,'Carl Edson Lat','2019-03-06 07:36:57','2019-03-06 07:36:57'),
(20,2,'on_going',60,25,'Carl Edson Lat','2019-03-06 07:37:47','2019-03-06 07:37:47'),
(21,3,'on_going',60,25,'Carl Edson Lat','2019-03-06 07:38:29','2019-03-06 07:38:29'),
(22,4,'on_going',60,25,'Carl Edson Lat','2019-03-06 07:39:20','2019-03-06 07:39:20');

/*Table structure for table `migrations` */

DROP TABLE IF EXISTS `migrations`;

CREATE TABLE `migrations` (
  `id` int(10) unsigned NOT NULL AUTO_INCREMENT,
  `migration` varchar(191) COLLATE utf8mb4_unicode_ci NOT NULL,
  `batch` int(11) NOT NULL,
  PRIMARY KEY (`id`)
) ENGINE=MyISAM AUTO_INCREMENT=8 DEFAULT CHARSET=utf8mb4 COLLATE=utf8mb4_unicode_ci;

/*Data for the table `migrations` */

insert  into `migrations`(`id`,`migration`,`batch`) values 
(1,'2014_10_12_000000_create_users_table',1),
(2,'2014_10_12_100000_create_password_resets_table',1),
(3,'2018_07_18_070251_create_choices_table',1),
(4,'2018_07_18_071153_create_questions_table',2),
(5,'2018_07_18_071512_create_sub_modules_table',2),
(6,'2018_07_18_071734_create_modules_table',2),
(7,'2018_09_11_035513_create_sessions_table',3);

/*Table structure for table `module_details` */

DROP TABLE IF EXISTS `module_details`;

CREATE TABLE `module_details` (
  `module_detail_id` int(10) unsigned NOT NULL AUTO_INCREMENT,
  `module_schedule_id` int(10) unsigned NOT NULL,
  `trainor_id` int(10) unsigned DEFAULT NULL,
  `dealer_id` int(10) unsigned NOT NULL,
  `start_date` date NOT NULL,
  `end_date` date NOT NULL,
  `is_opened` tinyint(1) NOT NULL DEFAULT '0',
  `is_enabled` tinyint(1) NOT NULL DEFAULT '1',
  `is_finished` tinyint(1) unsigned DEFAULT '0',
  `status` enum('waiting','on_progress','ended') COLLATE utf8_unicode_ci NOT NULL DEFAULT 'waiting',
  `created_at` timestamp NOT NULL DEFAULT CURRENT_TIMESTAMP,
  `updated_at` timestamp NOT NULL DEFAULT CURRENT_TIMESTAMP ON UPDATE CURRENT_TIMESTAMP,
  PRIMARY KEY (`module_detail_id`),
  KEY `md.dealer_id` (`dealer_id`),
  KEY `md.module_schedule_id` (`module_schedule_id`),
  CONSTRAINT `md.dealer_id` FOREIGN KEY (`dealer_id`) REFERENCES `dealers` (`dealer_id`) ON DELETE CASCADE ON UPDATE CASCADE,
  CONSTRAINT `md.module_schedule_id` FOREIGN KEY (`module_schedule_id`) REFERENCES `module_schedules` (`module_schedule_id`) ON DELETE CASCADE ON UPDATE CASCADE
) ENGINE=InnoDB AUTO_INCREMENT=557 DEFAULT CHARSET=utf8 COLLATE=utf8_unicode_ci;

/*Data for the table `module_details` */

insert  into `module_details`(`module_detail_id`,`module_schedule_id`,`trainor_id`,`dealer_id`,`start_date`,`end_date`,`is_opened`,`is_enabled`,`is_finished`,`status`,`created_at`,`updated_at`) values 
(389,21,1,1,'2019-03-06','2019-12-06',1,1,0,'on_progress','2019-03-06 07:33:17','2019-03-06 16:24:39'),
(390,21,NULL,2,'2019-03-06','2019-12-06',0,1,0,'on_progress','2019-03-06 07:33:17','2019-03-06 07:33:28'),
(391,21,NULL,3,'2019-03-06','2019-12-06',0,1,0,'on_progress','2019-03-06 07:33:17','2019-03-06 07:33:28'),
(392,21,NULL,4,'2019-03-06','2019-12-06',0,1,0,'on_progress','2019-03-06 07:33:17','2019-03-06 07:33:28'),
(393,21,NULL,5,'2019-03-06','2019-12-06',0,1,0,'on_progress','2019-03-06 07:33:17','2019-03-06 07:33:28'),
(394,21,NULL,6,'2019-03-06','2019-12-06',0,1,0,'on_progress','2019-03-06 07:33:17','2019-03-06 07:33:28'),
(395,21,NULL,7,'2019-03-06','2019-12-06',0,1,0,'on_progress','2019-03-06 07:33:17','2019-03-06 07:33:28'),
(396,21,NULL,8,'2019-03-06','2019-12-06',0,1,0,'on_progress','2019-03-06 07:33:17','2019-03-06 07:33:28'),
(397,21,NULL,9,'2019-03-06','2019-12-06',0,1,0,'on_progress','2019-03-06 07:33:17','2019-03-06 07:33:28'),
(398,21,NULL,10,'2019-03-06','2019-12-06',0,1,0,'on_progress','2019-03-06 07:33:17','2019-03-06 07:33:28'),
(399,21,NULL,11,'2019-03-06','2019-12-06',0,1,0,'on_progress','2019-03-06 07:33:17','2019-03-06 07:33:28'),
(400,21,NULL,12,'2019-03-06','2019-12-06',0,1,0,'on_progress','2019-03-06 07:33:17','2019-03-06 07:33:28'),
(401,21,NULL,13,'2019-03-06','2019-12-06',0,1,0,'on_progress','2019-03-06 07:33:17','2019-03-06 07:33:28'),
(402,21,NULL,14,'2019-03-06','2019-12-06',0,1,0,'on_progress','2019-03-06 07:33:17','2019-03-06 07:33:28'),
(403,21,NULL,15,'2019-03-06','2019-12-06',0,1,0,'on_progress','2019-03-06 07:33:17','2019-03-06 07:33:28'),
(404,21,NULL,16,'2019-03-06','2019-12-06',0,1,0,'on_progress','2019-03-06 07:33:17','2019-03-06 07:33:28'),
(405,21,NULL,17,'2019-03-06','2019-12-06',0,1,0,'on_progress','2019-03-06 07:33:17','2019-03-06 07:33:28'),
(406,21,NULL,18,'2019-03-06','2019-12-06',0,1,0,'on_progress','2019-03-06 07:33:17','2019-03-06 07:33:28'),
(407,21,46,19,'2019-03-06','2019-12-06',1,1,0,'on_progress','2019-03-06 07:33:17','2019-06-06 14:50:43'),
(408,21,NULL,20,'2019-03-06','2019-12-06',0,1,0,'on_progress','2019-03-06 07:33:17','2019-03-06 07:33:28'),
(409,21,NULL,21,'2019-03-06','2019-12-06',0,1,0,'on_progress','2019-03-06 07:33:17','2019-03-06 07:33:28'),
(410,21,NULL,22,'2019-03-06','2019-12-06',0,1,0,'on_progress','2019-03-06 07:33:17','2019-03-06 07:33:28'),
(411,21,NULL,23,'2019-03-06','2019-12-06',0,1,0,'on_progress','2019-03-06 07:33:17','2019-03-06 07:33:28'),
(412,21,NULL,24,'2019-03-06','2019-12-06',0,1,0,'on_progress','2019-03-06 07:33:17','2019-03-06 07:33:28'),
(413,21,NULL,25,'2019-03-06','2019-12-06',0,1,0,'on_progress','2019-03-06 07:33:17','2019-03-06 07:33:28'),
(414,21,NULL,26,'2019-03-06','2019-12-06',0,1,0,'on_progress','2019-03-06 07:33:17','2019-03-06 07:33:28'),
(415,21,NULL,27,'2019-03-06','2019-12-06',0,1,0,'on_progress','2019-03-06 07:33:17','2019-03-06 07:33:28'),
(416,21,NULL,28,'2019-03-06','2019-12-06',0,1,0,'on_progress','2019-03-06 07:33:17','2019-03-06 07:33:28'),
(417,21,NULL,29,'2019-03-06','2019-12-06',0,1,0,'on_progress','2019-03-06 07:33:17','2019-03-06 07:33:28'),
(418,21,NULL,30,'2019-03-06','2019-12-06',0,1,0,'on_progress','2019-03-06 07:33:17','2019-03-06 07:33:28'),
(419,21,NULL,31,'2019-03-06','2019-12-06',0,1,0,'on_progress','2019-03-06 07:33:17','2019-03-06 07:33:28'),
(420,21,NULL,32,'2019-03-06','2019-12-06',0,1,0,'on_progress','2019-03-06 07:33:17','2019-03-06 07:33:28'),
(421,21,NULL,33,'2019-03-06','2019-12-06',0,1,0,'on_progress','2019-03-06 07:33:17','2019-03-06 07:33:28'),
(422,21,NULL,34,'2019-03-06','2019-12-06',0,1,0,'on_progress','2019-03-06 07:33:17','2019-03-06 07:33:28'),
(423,21,NULL,35,'2019-03-06','2019-12-06',0,1,0,'on_progress','2019-03-06 07:33:17','2019-03-06 07:33:28'),
(424,21,NULL,36,'2019-03-06','2019-12-06',0,1,0,'on_progress','2019-03-06 07:33:17','2019-03-06 07:33:28'),
(425,21,NULL,37,'2019-03-06','2019-12-06',0,1,0,'on_progress','2019-03-06 07:33:17','2019-03-06 07:33:28'),
(426,21,NULL,38,'2019-03-06','2019-12-06',0,1,0,'on_progress','2019-03-06 07:33:17','2019-03-06 07:33:28'),
(427,21,NULL,39,'2019-03-06','2019-12-06',0,1,0,'on_progress','2019-03-06 07:33:17','2019-03-06 07:33:28'),
(428,21,NULL,40,'2019-03-06','2019-12-06',0,1,0,'on_progress','2019-03-06 07:33:17','2019-03-06 07:33:28'),
(429,21,NULL,41,'2019-03-06','2019-12-06',0,1,0,'on_progress','2019-03-06 07:33:17','2019-03-06 07:33:28'),
(430,21,NULL,45,'2019-03-06','2019-12-06',0,1,0,'on_progress','2019-03-06 07:33:17','2019-03-06 07:33:28'),
(431,22,1,1,'2019-03-06','2019-12-06',1,1,0,'on_progress','2019-03-06 07:34:03','2019-03-06 16:22:51'),
(432,22,NULL,2,'2019-03-06','2019-12-06',0,1,0,'on_progress','2019-03-06 07:34:03','2019-03-06 07:34:55'),
(433,22,NULL,3,'2019-03-06','2019-12-06',0,1,0,'on_progress','2019-03-06 07:34:03','2019-03-06 07:34:55'),
(434,22,NULL,4,'2019-03-06','2019-12-06',0,1,0,'on_progress','2019-03-06 07:34:03','2019-03-06 07:34:55'),
(435,22,NULL,5,'2019-03-06','2019-12-06',0,1,0,'on_progress','2019-03-06 07:34:03','2019-03-06 07:34:55'),
(436,22,NULL,6,'2019-03-06','2019-12-06',0,1,0,'on_progress','2019-03-06 07:34:03','2019-03-06 07:34:55'),
(437,22,NULL,7,'2019-03-06','2019-12-06',0,1,0,'on_progress','2019-03-06 07:34:03','2019-03-06 07:34:55'),
(438,22,NULL,8,'2019-03-06','2019-12-06',0,1,0,'on_progress','2019-03-06 07:34:03','2019-03-06 07:34:55'),
(439,22,NULL,9,'2019-03-06','2019-12-06',0,1,0,'on_progress','2019-03-06 07:34:03','2019-03-06 07:34:55'),
(440,22,NULL,10,'2019-03-06','2019-12-06',0,1,0,'on_progress','2019-03-06 07:34:03','2019-03-06 07:34:55'),
(441,22,NULL,11,'2019-03-06','2019-12-06',0,1,0,'on_progress','2019-03-06 07:34:03','2019-03-06 07:34:55'),
(442,22,NULL,12,'2019-03-06','2019-12-06',0,1,0,'on_progress','2019-03-06 07:34:03','2019-03-06 07:34:55'),
(443,22,NULL,13,'2019-03-06','2019-12-06',0,1,0,'on_progress','2019-03-06 07:34:03','2019-03-06 07:34:55'),
(444,22,NULL,14,'2019-03-06','2019-12-06',0,1,0,'on_progress','2019-03-06 07:34:03','2019-03-06 07:34:55'),
(445,22,NULL,15,'2019-03-06','2019-12-06',0,1,0,'on_progress','2019-03-06 07:34:03','2019-03-06 07:34:55'),
(446,22,NULL,16,'2019-03-06','2019-12-06',0,1,0,'on_progress','2019-03-06 07:34:03','2019-03-06 07:34:55'),
(447,22,NULL,17,'2019-03-06','2019-12-06',0,1,0,'on_progress','2019-03-06 07:34:03','2019-03-06 07:34:55'),
(448,22,NULL,18,'2019-03-06','2019-12-06',0,1,0,'on_progress','2019-03-06 07:34:03','2019-03-06 07:34:55'),
(449,22,NULL,19,'2019-03-06','2019-12-06',0,1,0,'on_progress','2019-03-06 07:34:03','2019-03-06 07:34:55'),
(450,22,NULL,20,'2019-03-06','2019-12-06',0,1,0,'on_progress','2019-03-06 07:34:03','2019-03-06 07:34:55'),
(451,22,NULL,21,'2019-03-06','2019-12-06',0,1,0,'on_progress','2019-03-06 07:34:03','2019-03-06 07:34:55'),
(452,22,NULL,22,'2019-03-06','2019-12-06',0,1,0,'on_progress','2019-03-06 07:34:03','2019-03-06 07:34:55'),
(453,22,NULL,23,'2019-03-06','2019-12-06',0,1,0,'on_progress','2019-03-06 07:34:03','2019-03-06 07:34:55'),
(454,22,NULL,24,'2019-03-06','2019-12-06',0,1,0,'on_progress','2019-03-06 07:34:03','2019-03-06 07:34:55'),
(455,22,NULL,25,'2019-03-06','2019-12-06',0,1,0,'on_progress','2019-03-06 07:34:03','2019-03-06 07:34:55'),
(456,22,NULL,26,'2019-03-06','2019-12-06',0,1,0,'on_progress','2019-03-06 07:34:03','2019-03-06 07:34:55'),
(457,22,NULL,27,'2019-03-06','2019-12-06',0,1,0,'on_progress','2019-03-06 07:34:03','2019-03-06 07:34:55'),
(458,22,NULL,28,'2019-03-06','2019-12-06',0,1,0,'on_progress','2019-03-06 07:34:03','2019-03-06 07:34:55'),
(459,22,NULL,29,'2019-03-06','2019-12-06',0,1,0,'on_progress','2019-03-06 07:34:03','2019-03-06 07:34:55'),
(460,22,NULL,30,'2019-03-06','2019-12-06',0,1,0,'on_progress','2019-03-06 07:34:03','2019-03-06 07:34:55'),
(461,22,NULL,31,'2019-03-06','2019-12-06',0,1,0,'on_progress','2019-03-06 07:34:03','2019-03-06 07:34:55'),
(462,22,NULL,32,'2019-03-06','2019-12-06',0,1,0,'on_progress','2019-03-06 07:34:03','2019-03-06 07:34:55'),
(463,22,NULL,33,'2019-03-06','2019-12-06',0,1,0,'on_progress','2019-03-06 07:34:03','2019-03-06 07:34:55'),
(464,22,NULL,34,'2019-03-06','2019-12-06',0,1,0,'on_progress','2019-03-06 07:34:03','2019-03-06 07:34:55'),
(465,22,NULL,35,'2019-03-06','2019-12-06',0,1,0,'on_progress','2019-03-06 07:34:03','2019-03-06 07:34:55'),
(466,22,NULL,36,'2019-03-06','2019-12-06',0,1,0,'on_progress','2019-03-06 07:34:03','2019-03-06 07:34:55'),
(467,22,NULL,37,'2019-03-06','2019-12-06',0,1,0,'on_progress','2019-03-06 07:34:03','2019-03-06 07:34:55'),
(468,22,NULL,38,'2019-03-06','2019-12-06',0,1,0,'on_progress','2019-03-06 07:34:03','2019-03-06 07:34:55'),
(469,22,NULL,39,'2019-03-06','2019-12-06',0,1,0,'on_progress','2019-03-06 07:34:03','2019-03-06 07:34:55'),
(470,22,NULL,40,'2019-03-06','2019-12-06',0,1,0,'on_progress','2019-03-06 07:34:03','2019-03-06 07:34:55'),
(471,22,NULL,41,'2019-03-06','2019-12-06',0,1,0,'on_progress','2019-03-06 07:34:03','2019-03-06 07:34:55'),
(472,22,NULL,45,'2019-03-06','2019-12-06',0,1,0,'on_progress','2019-03-06 07:34:03','2019-03-06 07:34:55'),
(473,23,NULL,1,'2019-03-06','2019-12-06',0,1,0,'on_progress','2019-03-06 07:34:55','2019-03-06 07:35:32'),
(474,23,NULL,2,'2019-03-06','2019-12-06',0,1,0,'on_progress','2019-03-06 07:34:55','2019-03-06 07:35:33'),
(475,23,NULL,3,'2019-03-06','2019-12-06',0,1,0,'on_progress','2019-03-06 07:34:55','2019-03-06 07:35:33'),
(476,23,NULL,4,'2019-03-06','2019-12-06',0,1,0,'on_progress','2019-03-06 07:34:55','2019-03-06 07:35:33'),
(477,23,NULL,5,'2019-03-06','2019-12-06',0,1,0,'on_progress','2019-03-06 07:34:55','2019-03-06 07:35:33'),
(478,23,NULL,6,'2019-03-06','2019-12-06',0,1,0,'on_progress','2019-03-06 07:34:55','2019-03-06 07:35:33'),
(479,23,NULL,7,'2019-03-06','2019-12-06',0,1,0,'on_progress','2019-03-06 07:34:55','2019-03-06 07:35:33'),
(480,23,NULL,8,'2019-03-06','2019-12-06',0,1,0,'on_progress','2019-03-06 07:34:55','2019-03-06 07:35:33'),
(481,23,NULL,9,'2019-03-06','2019-12-06',0,1,0,'on_progress','2019-03-06 07:34:55','2019-03-06 07:35:33'),
(482,23,NULL,10,'2019-03-06','2019-12-06',0,1,0,'on_progress','2019-03-06 07:34:55','2019-03-06 07:35:33'),
(483,23,NULL,11,'2019-03-06','2019-12-06',0,1,0,'on_progress','2019-03-06 07:34:55','2019-03-06 07:35:33'),
(484,23,NULL,12,'2019-03-06','2019-12-06',0,1,0,'on_progress','2019-03-06 07:34:55','2019-03-06 07:35:33'),
(485,23,NULL,13,'2019-03-06','2019-12-06',0,1,0,'on_progress','2019-03-06 07:34:55','2019-03-06 07:35:33'),
(486,23,NULL,14,'2019-03-06','2019-12-06',0,1,0,'on_progress','2019-03-06 07:34:55','2019-03-06 07:35:33'),
(487,23,NULL,15,'2019-03-06','2019-12-06',0,1,0,'on_progress','2019-03-06 07:34:55','2019-03-06 07:35:33'),
(488,23,NULL,16,'2019-03-06','2019-12-06',0,1,0,'on_progress','2019-03-06 07:34:55','2019-03-06 07:35:33'),
(489,23,NULL,17,'2019-03-06','2019-12-06',0,1,0,'on_progress','2019-03-06 07:34:55','2019-03-06 07:35:33'),
(490,23,NULL,18,'2019-03-06','2019-12-06',0,1,0,'on_progress','2019-03-06 07:34:55','2019-03-06 07:35:33'),
(491,23,NULL,19,'2019-03-06','2019-12-06',0,1,0,'on_progress','2019-03-06 07:34:55','2019-03-06 07:35:33'),
(492,23,NULL,20,'2019-03-06','2019-12-06',0,1,0,'on_progress','2019-03-06 07:34:55','2019-03-06 07:35:33'),
(493,23,NULL,21,'2019-03-06','2019-12-06',0,1,0,'on_progress','2019-03-06 07:34:55','2019-03-06 07:35:33'),
(494,23,NULL,22,'2019-03-06','2019-12-06',0,1,0,'on_progress','2019-03-06 07:34:55','2019-03-06 07:35:33'),
(495,23,NULL,23,'2019-03-06','2019-12-06',0,1,0,'on_progress','2019-03-06 07:34:55','2019-03-06 07:35:33'),
(496,23,NULL,24,'2019-03-06','2019-12-06',0,1,0,'on_progress','2019-03-06 07:34:55','2019-03-06 07:35:33'),
(497,23,NULL,25,'2019-03-06','2019-12-06',0,1,0,'on_progress','2019-03-06 07:34:55','2019-03-06 07:35:33'),
(498,23,NULL,26,'2019-03-06','2019-12-06',0,1,0,'on_progress','2019-03-06 07:34:55','2019-03-06 07:35:33'),
(499,23,NULL,27,'2019-03-06','2019-12-06',0,1,0,'on_progress','2019-03-06 07:34:55','2019-03-06 07:35:33'),
(500,23,NULL,28,'2019-03-06','2019-12-06',0,1,0,'on_progress','2019-03-06 07:34:55','2019-03-06 07:35:33'),
(501,23,NULL,29,'2019-03-06','2019-12-06',0,1,0,'on_progress','2019-03-06 07:34:55','2019-03-06 07:35:33'),
(502,23,NULL,30,'2019-03-06','2019-12-06',0,1,0,'on_progress','2019-03-06 07:34:55','2019-03-06 07:35:33'),
(503,23,NULL,31,'2019-03-06','2019-12-06',0,1,0,'on_progress','2019-03-06 07:34:55','2019-03-06 07:35:33'),
(504,23,NULL,32,'2019-03-06','2019-12-06',0,1,0,'on_progress','2019-03-06 07:34:55','2019-03-06 07:35:33'),
(505,23,NULL,33,'2019-03-06','2019-12-06',0,1,0,'on_progress','2019-03-06 07:34:55','2019-03-06 07:35:33'),
(506,23,NULL,34,'2019-03-06','2019-12-06',0,1,0,'on_progress','2019-03-06 07:34:55','2019-03-06 07:35:33'),
(507,23,NULL,35,'2019-03-06','2019-12-06',0,1,0,'on_progress','2019-03-06 07:34:55','2019-03-06 07:35:33'),
(508,23,NULL,36,'2019-03-06','2019-12-06',0,1,0,'on_progress','2019-03-06 07:34:55','2019-03-06 07:35:33'),
(509,23,NULL,37,'2019-03-06','2019-12-06',0,1,0,'on_progress','2019-03-06 07:34:55','2019-03-06 07:35:33'),
(510,23,NULL,38,'2019-03-06','2019-12-06',0,1,0,'on_progress','2019-03-06 07:34:55','2019-03-06 07:35:33'),
(511,23,NULL,39,'2019-03-06','2019-12-06',0,1,0,'on_progress','2019-03-06 07:34:55','2019-03-06 07:35:33'),
(512,23,NULL,40,'2019-03-06','2019-12-06',0,1,0,'on_progress','2019-03-06 07:34:55','2019-03-06 07:35:33'),
(513,23,NULL,41,'2019-03-06','2019-12-06',0,1,0,'on_progress','2019-03-06 07:34:55','2019-03-06 07:35:33'),
(514,23,NULL,45,'2019-03-06','2019-12-06',0,1,0,'on_progress','2019-03-06 07:34:55','2019-03-06 07:35:33'),
(515,24,NULL,1,'2019-03-06','2019-12-06',0,1,0,'on_progress','2019-03-06 07:35:33','2019-03-06 07:46:52'),
(516,24,NULL,2,'2019-03-06','2019-12-06',0,1,0,'on_progress','2019-03-06 07:35:33','2019-03-06 07:46:52'),
(517,24,NULL,3,'2019-03-06','2019-12-06',0,1,0,'on_progress','2019-03-06 07:35:33','2019-03-06 07:46:52'),
(518,24,NULL,4,'2019-03-06','2019-12-06',0,1,0,'on_progress','2019-03-06 07:35:33','2019-03-06 07:46:52'),
(519,24,NULL,5,'2019-03-06','2019-12-06',0,1,0,'on_progress','2019-03-06 07:35:33','2019-03-06 07:46:52'),
(520,24,NULL,6,'2019-03-06','2019-12-06',0,1,0,'on_progress','2019-03-06 07:35:33','2019-03-06 07:46:52'),
(521,24,NULL,7,'2019-03-06','2019-12-06',0,1,0,'on_progress','2019-03-06 07:35:33','2019-03-06 07:46:52'),
(522,24,NULL,8,'2019-03-06','2019-12-06',0,1,0,'on_progress','2019-03-06 07:35:33','2019-03-06 07:46:52'),
(523,24,NULL,9,'2019-03-06','2019-12-06',0,1,0,'on_progress','2019-03-06 07:35:33','2019-03-06 07:46:52'),
(524,24,NULL,10,'2019-03-06','2019-12-06',0,1,0,'on_progress','2019-03-06 07:35:33','2019-03-06 07:46:52'),
(525,24,NULL,11,'2019-03-06','2019-12-06',0,1,0,'on_progress','2019-03-06 07:35:33','2019-03-06 07:46:52'),
(526,24,NULL,12,'2019-03-06','2019-12-06',0,1,0,'on_progress','2019-03-06 07:35:33','2019-03-06 07:46:53'),
(527,24,NULL,13,'2019-03-06','2019-12-06',0,1,0,'on_progress','2019-03-06 07:35:33','2019-03-06 07:46:53'),
(528,24,NULL,14,'2019-03-06','2019-12-06',0,1,0,'on_progress','2019-03-06 07:35:33','2019-03-06 07:46:53'),
(529,24,NULL,15,'2019-03-06','2019-12-06',0,1,0,'on_progress','2019-03-06 07:35:33','2019-03-06 07:46:53'),
(530,24,NULL,16,'2019-03-06','2019-12-06',0,1,0,'on_progress','2019-03-06 07:35:33','2019-03-06 07:46:53'),
(531,24,NULL,17,'2019-03-06','2019-12-06',0,1,0,'on_progress','2019-03-06 07:35:33','2019-03-06 07:46:53'),
(532,24,NULL,18,'2019-03-06','2019-12-06',0,1,0,'on_progress','2019-03-06 07:35:33','2019-03-06 07:46:53'),
(533,24,NULL,19,'2019-03-06','2019-12-06',0,1,0,'on_progress','2019-03-06 07:35:33','2019-03-06 07:46:53'),
(534,24,NULL,20,'2019-03-06','2019-12-06',0,1,0,'on_progress','2019-03-06 07:35:33','2019-03-06 07:46:53'),
(535,24,NULL,21,'2019-03-06','2019-12-06',0,1,0,'on_progress','2019-03-06 07:35:33','2019-03-06 07:46:53'),
(536,24,NULL,22,'2019-03-06','2019-12-06',0,1,0,'on_progress','2019-03-06 07:35:33','2019-03-06 07:46:53'),
(537,24,NULL,23,'2019-03-06','2019-12-06',0,1,0,'on_progress','2019-03-06 07:35:33','2019-03-06 07:46:53'),
(538,24,NULL,24,'2019-03-06','2019-12-06',0,1,0,'on_progress','2019-03-06 07:35:33','2019-03-06 07:46:53'),
(539,24,NULL,25,'2019-03-06','2019-12-06',0,1,0,'on_progress','2019-03-06 07:35:33','2019-03-06 07:46:53'),
(540,24,NULL,26,'2019-03-06','2019-12-06',0,1,0,'on_progress','2019-03-06 07:35:33','2019-03-06 07:46:53'),
(541,24,NULL,27,'2019-03-06','2019-12-06',0,1,0,'on_progress','2019-03-06 07:35:33','2019-03-06 07:46:53'),
(542,24,NULL,28,'2019-03-06','2019-12-06',0,1,0,'on_progress','2019-03-06 07:35:33','2019-03-06 07:46:53'),
(543,24,NULL,29,'2019-03-06','2019-12-06',0,1,0,'on_progress','2019-03-06 07:35:33','2019-03-06 07:46:53'),
(544,24,NULL,30,'2019-03-06','2019-12-06',0,1,0,'on_progress','2019-03-06 07:35:33','2019-03-06 07:46:53'),
(545,24,NULL,31,'2019-03-06','2019-12-06',0,1,0,'on_progress','2019-03-06 07:35:33','2019-03-06 07:46:53'),
(546,24,NULL,32,'2019-03-06','2019-12-06',0,1,0,'on_progress','2019-03-06 07:35:33','2019-03-06 07:46:53'),
(547,24,NULL,33,'2019-03-06','2019-12-06',0,1,0,'on_progress','2019-03-06 07:35:33','2019-03-06 07:46:53'),
(548,24,NULL,34,'2019-03-06','2019-12-06',0,1,0,'on_progress','2019-03-06 07:35:33','2019-03-06 07:46:53'),
(549,24,NULL,35,'2019-03-06','2019-12-06',0,1,0,'on_progress','2019-03-06 07:35:33','2019-03-06 07:46:53'),
(550,24,NULL,36,'2019-03-06','2019-12-06',0,1,0,'on_progress','2019-03-06 07:35:33','2019-03-06 07:46:53'),
(551,24,NULL,37,'2019-03-06','2019-12-06',0,1,0,'on_progress','2019-03-06 07:35:33','2019-03-06 07:46:53'),
(552,24,NULL,38,'2019-03-06','2019-12-06',0,1,0,'on_progress','2019-03-06 07:35:33','2019-03-06 07:46:53'),
(553,24,NULL,39,'2019-03-06','2019-12-06',0,1,0,'on_progress','2019-03-06 07:35:33','2019-03-06 07:46:53'),
(554,24,NULL,40,'2019-03-06','2019-12-06',0,1,0,'on_progress','2019-03-06 07:35:33','2019-03-06 07:46:53'),
(555,24,NULL,41,'2019-03-06','2019-12-06',0,1,0,'on_progress','2019-03-06 07:35:33','2019-03-06 07:46:53'),
(556,24,NULL,45,'2019-03-06','2019-12-06',0,1,0,'on_progress','2019-03-06 07:35:33','2019-03-06 07:46:53');

/*Table structure for table `module_schedules` */

DROP TABLE IF EXISTS `module_schedules`;

CREATE TABLE `module_schedules` (
  `module_schedule_id` int(10) unsigned NOT NULL AUTO_INCREMENT,
  `module_id` int(10) unsigned NOT NULL,
  `status` enum('on_going','completed','') COLLATE utf8_unicode_ci NOT NULL DEFAULT 'on_going',
  `created_by` varchar(50) COLLATE utf8_unicode_ci NOT NULL DEFAULT 'PK',
  `created_at` timestamp NOT NULL DEFAULT CURRENT_TIMESTAMP,
  `updated_at` timestamp NOT NULL DEFAULT CURRENT_TIMESTAMP ON UPDATE CURRENT_TIMESTAMP,
  PRIMARY KEY (`module_schedule_id`),
  KEY `ms.module_id` (`module_id`),
  CONSTRAINT `ms.module_id` FOREIGN KEY (`module_id`) REFERENCES `modules` (`module_id`) ON DELETE CASCADE ON UPDATE CASCADE
) ENGINE=InnoDB AUTO_INCREMENT=25 DEFAULT CHARSET=utf8 COLLATE=utf8_unicode_ci;

/*Data for the table `module_schedules` */

insert  into `module_schedules`(`module_schedule_id`,`module_id`,`status`,`created_by`,`created_at`,`updated_at`) values 
(21,1,'on_going','Carl Edson Lat','2019-03-06 07:33:17','2019-03-06 07:33:17'),
(22,2,'on_going','Carl Edson Lat','2019-03-06 07:34:03','2019-03-06 07:34:03'),
(23,3,'on_going','Carl Edson Lat','2019-03-06 07:34:55','2019-03-06 07:34:55'),
(24,4,'on_going','Carl Edson Lat','2019-03-06 07:35:33','2019-03-06 07:35:33');

/*Table structure for table `modules` */

DROP TABLE IF EXISTS `modules`;

CREATE TABLE `modules` (
  `module_id` int(10) unsigned NOT NULL AUTO_INCREMENT,
  `module` varchar(250) COLLATE utf8_unicode_ci NOT NULL,
  `description` text COLLATE utf8_unicode_ci,
  `file_name` text COLLATE utf8_unicode_ci,
  `is_active` tinyint(4) NOT NULL DEFAULT '1',
  `created_at` timestamp NULL DEFAULT CURRENT_TIMESTAMP,
  `updated_at` timestamp NULL DEFAULT CURRENT_TIMESTAMP ON UPDATE CURRENT_TIMESTAMP,
  PRIMARY KEY (`module_id`)
) ENGINE=InnoDB AUTO_INCREMENT=5 DEFAULT CHARSET=utf8 COLLATE=utf8_unicode_ci;

/*Data for the table `modules` */

insert  into `modules`(`module_id`,`module`,`description`,`file_name`,`is_active`,`created_at`,`updated_at`) values 
(1,'Module 1 General Information',NULL,'Module 1 General Information.pdf',1,'2018-12-17 11:56:38','2018-12-17 11:56:38'),
(2,'Module 2 Engine Fundamentals',NULL,'Module 2 Engine Fundamentals.pdf',1,'2018-12-17 11:56:56','2018-12-17 11:56:56'),
(3,'Module 3 Chassis Fundamentals',NULL,'Module 3 Chassis Fundamentals.pdf',1,'2018-12-17 11:57:21','2018-12-17 11:57:21'),
(4,'Module 4 Electrical Fundamentals',NULL,'Module 4 Electrical Fundamentals.pdf',1,'2018-12-17 11:57:39','2018-12-17 11:57:39');

/*Table structure for table `password_resets` */

DROP TABLE IF EXISTS `password_resets`;

CREATE TABLE `password_resets` (
  `email` varchar(191) COLLATE utf8mb4_unicode_ci NOT NULL,
  `token` varchar(191) COLLATE utf8mb4_unicode_ci NOT NULL,
  `created_at` timestamp NULL DEFAULT NULL,
  KEY `password_resets_email_index` (`email`)
) ENGINE=MyISAM DEFAULT CHARSET=utf8mb4 COLLATE=utf8mb4_unicode_ci;

/*Data for the table `password_resets` */

/*Table structure for table `question_details` */

DROP TABLE IF EXISTS `question_details`;

CREATE TABLE `question_details` (
  `question_detail_id` int(10) unsigned NOT NULL AUTO_INCREMENT,
  `exam_schedule_id` int(10) unsigned NOT NULL,
  `sub_module_id` int(10) unsigned NOT NULL,
  `items` int(11) NOT NULL DEFAULT '0',
  `created_at` timestamp NOT NULL DEFAULT CURRENT_TIMESTAMP,
  `updated_at` timestamp NOT NULL DEFAULT CURRENT_TIMESTAMP ON UPDATE CURRENT_TIMESTAMP,
  PRIMARY KEY (`question_detail_id`),
  KEY `qd.sub_module_id` (`sub_module_id`),
  KEY `qd.exam_schedule_id` (`exam_schedule_id`),
  CONSTRAINT `qd.exam_schedule_id` FOREIGN KEY (`exam_schedule_id`) REFERENCES `exam_schedules` (`exam_schedule_id`) ON DELETE CASCADE ON UPDATE CASCADE,
  CONSTRAINT `qd.sub_module_id` FOREIGN KEY (`sub_module_id`) REFERENCES `sub_modules` (`sub_module_id`) ON DELETE CASCADE ON UPDATE CASCADE
) ENGINE=InnoDB AUTO_INCREMENT=90 DEFAULT CHARSET=utf8 COLLATE=utf8_unicode_ci;

/*Data for the table `question_details` */

insert  into `question_details`(`question_detail_id`,`exam_schedule_id`,`sub_module_id`,`items`,`created_at`,`updated_at`) values 
(70,19,3,4,'2019-03-06 07:36:57','2019-03-06 07:36:57'),
(71,19,4,30,'2019-03-06 07:36:57','2019-03-06 07:36:57'),
(72,19,5,14,'2019-03-06 07:36:57','2019-03-06 07:36:57'),
(73,20,6,5,'2019-03-06 07:37:47','2019-03-06 07:37:47'),
(74,20,7,8,'2019-03-06 07:37:47','2019-03-06 07:37:47'),
(75,20,8,6,'2019-03-06 07:37:47','2019-03-06 07:37:47'),
(76,20,9,8,'2019-03-06 07:37:47','2019-03-06 07:37:47'),
(77,20,10,6,'2019-03-06 07:37:47','2019-03-06 07:37:47'),
(78,20,11,8,'2019-03-06 07:37:47','2019-03-06 07:37:47'),
(79,20,12,0,'2019-03-06 07:37:47','2019-03-06 07:37:47'),
(80,20,13,9,'2019-03-06 07:37:47','2019-03-06 07:37:47'),
(81,21,14,25,'2019-03-06 07:38:29','2019-03-06 07:38:29'),
(82,21,16,11,'2019-03-06 07:38:29','2019-03-06 07:38:29'),
(83,21,17,6,'2019-03-06 07:38:29','2019-03-06 07:38:29'),
(84,21,18,18,'2019-03-06 07:38:29','2019-03-06 07:38:29'),
(85,22,19,17,'2019-03-06 07:39:20','2019-03-06 07:39:20'),
(86,22,20,8,'2019-03-06 07:39:20','2019-03-06 07:39:20'),
(87,22,21,5,'2019-03-06 07:39:20','2019-03-06 07:39:20'),
(88,22,22,8,'2019-03-06 07:39:20','2019-03-06 07:39:20'),
(89,22,23,15,'2019-03-06 07:39:20','2019-03-06 07:39:20');

/*Table structure for table `questions` */

DROP TABLE IF EXISTS `questions`;

CREATE TABLE `questions` (
  `question_id` int(10) unsigned NOT NULL AUTO_INCREMENT,
  `sub_module_id` int(10) unsigned NOT NULL,
  `question` text COLLATE utf8_unicode_ci NOT NULL,
  `is_active` tinyint(1) NOT NULL DEFAULT '1',
  `created_at` timestamp NULL DEFAULT CURRENT_TIMESTAMP,
  `updated_at` timestamp NULL DEFAULT CURRENT_TIMESTAMP ON UPDATE CURRENT_TIMESTAMP,
  PRIMARY KEY (`question_id`),
  KEY `sub_module_id` (`sub_module_id`),
  CONSTRAINT `sub_module_id` FOREIGN KEY (`sub_module_id`) REFERENCES `sub_modules` (`sub_module_id`) ON DELETE CASCADE ON UPDATE CASCADE
) ENGINE=InnoDB AUTO_INCREMENT=243 DEFAULT CHARSET=utf8 COLLATE=utf8_unicode_ci;

/*Data for the table `questions` */

insert  into `questions`(`question_id`,`sub_module_id`,`question`,`is_active`,`created_at`,`updated_at`) values 
(1,3,'1.	This engine powers both Isuzu mu-X and Isuzu D-Max and is now Euro 4 compliant.',1,'2018-12-17 13:21:29','2018-12-17 13:21:29'),
(2,3,'The 6WG1-TCR Euro V engine powers our C & E Series heavy duty trucks. How much power and torque does it give to our trucks?',1,'2018-12-17 13:23:11','2018-12-17 13:23:11'),
(3,3,'Which of the following Isuzu F-Series trucks is not equipped with a Full Air Brake System?',1,'2018-12-17 13:40:19','2018-12-17 13:40:19'),
(4,3,'It is the automatic transmission equipped to our Isuzu mu-X 3.0L LS-A 4x2 A/T Blue Power.',1,'2018-12-17 13:46:41','2018-12-17 13:46:41'),
(5,4,'This tool is used to apply impact or shock by striking the object in order to fit or drive parts in place, break apart or disassemble components.',1,'2018-12-17 13:52:54','2018-12-17 13:52:54'),
(6,4,'These two turning tools are used for nuts and bolts that are located on hard to reach areas and tight spaces making loosening and tightening easier.',1,'2018-12-17 13:54:33','2018-12-17 13:54:33'),
(7,4,'This tool allows turning of bolts and nuts rapidly in one direction. Direction of rotation can be reversed using the lock lever.',1,'2018-12-17 13:55:58','2018-12-17 13:55:58'),
(8,4,'It is used for holding, bending, twisting and cutting workpieces. It is also sometimes used to install and remove snap rings and piston rings.',1,'2018-12-17 13:57:59','2018-12-17 13:57:59'),
(9,4,'It is used to tighten or loosen a bolt or a nut. It has a 15 degree incline with respect to its handle to make turning of bolts and nuts easier on tight spaces.',1,'2018-12-17 13:59:28','2018-12-17 13:59:28'),
(10,4,'It is a type of wrench in which it holds the heads of bolts and nuts around making tightening and loosening more secured.',1,'2018-12-17 14:00:30','2018-12-17 14:00:30'),
(11,4,'It is one of the turning tools found in the workshop which has various tips available in order to tighten or loosen screws.',1,'2018-12-17 14:04:55','2018-12-17 14:04:55'),
(12,4,'It can be used for nuts of various sizes by combining or connecting this with different types of handles, extension bars and joints for hard to reach areas.',1,'2018-12-17 14:06:52','2018-12-17 14:06:52'),
(13,4,'It is a type of pliers in which technicians use this if strong grip is required and can be used also to remove damaged bolt or seized nut.',1,'2018-12-17 14:08:30','2018-12-17 14:08:30'),
(14,4,'It is a tool used to cut female screw in a hole of a work.',1,'2018-12-17 14:09:35','2018-12-17 14:09:35'),
(15,4,'It is one of the power tools used to drill holes in a workpiece and is portable and can be used in any location.',1,'2018-12-17 14:10:45','2018-12-17 14:10:45'),
(16,4,'It provides supply of compressed air to be used in other power tools which use air as a power source.',1,'2018-12-17 14:12:18','2018-12-17 14:12:18'),
(17,4,'It enables loosening and tightening of bolts and nuts rapidly by holding the top end with one hand and rotating the U-Shaped crank with the other hand.',1,'2018-12-17 14:42:30','2018-12-17 14:42:30'),
(18,4,'A type of measuring tool that measures bend, runout of a shaft, parallelism or surface roughness as well as height and projections/protrusion of objects like pistons.',1,'2018-12-17 14:43:52','2019-06-07 11:18:09'),
(19,4,'It is used to measure oil clearances between crank pin and bearing and it is made out of plastic and shaped like a filament with uniform thickness.',1,'2018-12-17 14:45:09','2018-12-17 14:45:09'),
(20,4,'A type of measuring tool that is used to tighten a bolt or nut at a specified torque.',1,'2018-12-17 14:46:50','2018-12-17 14:46:50'),
(21,4,'It is used to measure the clearance between two parts of a workpiece and is composed of thin sheets of steel with varying thickness.',1,'2018-12-17 14:48:23','2018-12-17 14:48:23'),
(22,4,'It is a type of torque wrench in which it has an arm made of plate spring and allows tightening torque to be read directly at the plate based on deflection of its indicator.',1,'2018-12-17 14:49:35','2019-06-07 11:19:29'),
(23,4,'A type of measuring tool in which it is mainly used for measuring outer diameter or length which has a minimum reading of 0.01 mm.',1,'2018-12-17 14:50:56','2018-12-17 14:50:56'),
(24,4,'A measuring tool that can be used to measure inside diameter, outside diameter as well as depth of a workpiece.',1,'2018-12-17 14:51:52','2018-12-17 14:51:52'),
(25,4,'Before storing the micrometer to its case after use, the technician should...',1,'2018-12-17 14:54:14','2018-12-17 14:54:14'),
(26,4,'When measuring a depth of a workpiece having a wide opening using a Vernier Caliper, it is necessary to...',1,'2018-12-17 14:57:41','2018-12-17 14:57:41'),
(27,4,'A diagnostic tool used to current Isuzu Electronic Control Units in order to diagnose, inspect and repair problems related to electronic control.',1,'2018-12-17 15:38:34','2018-12-17 15:38:34'),
(28,4,'In G-IDSS, it contains different tools that can be used during inspection and diagnosis of Isuzu Vehicles.',1,'2018-12-17 16:01:49','2018-12-17 16:01:49'),
(29,4,'This system monitors and records vehicle information useful in diagnosing past, present and future vehicle service issues and mostly used in cases that are hard to duplicate or reproduce.',1,'2018-12-17 16:03:31','2018-12-17 16:03:31'),
(30,4,'It is a part of the G-IDSS that contains service information of Isuzu Vehicle components similar to that of workshop manual for quick reference during vehicle servicing.',1,'2018-12-17 16:07:32','2018-12-17 16:07:32'),
(31,4,'This part of the G-IDSS lets you monitor live parameters of the vehicle sensors and actuators through Data List.',1,'2018-12-17 16:09:46','2018-12-17 16:09:46'),
(32,4,'This allows you to update and reprogram various controllers based on part numbers and or available calibration files.',1,'2018-12-17 16:10:43','2018-12-17 16:10:43'),
(33,4,'A system that monitors the conditions of the vehicle while it is being used and collects data from the vehicle via DRM.',1,'2018-12-17 16:13:29','2018-12-17 16:13:29'),
(34,4,'It connects the Interface Box and the vehicle via DLC Terminal.',1,'2018-12-17 16:15:16','2018-12-17 16:15:16'),
(35,5,'It describes the act of inspecting or testing the condition of car sub-systems and servicing or replacing of parts and fluids.',1,'2018-12-17 16:18:03','2018-12-17 16:18:03'),
(36,5,'It removes impurities contained in the engine oil allowing clean oil to lubricate the internal parts of the engine.',1,'2018-12-17 16:22:23','2018-12-17 16:22:23'),
(37,5,'It is one of the functions of engine oil that absorbs heat generated by friction and combustion.',1,'2018-12-17 16:23:17','2018-12-17 16:23:17'),
(38,5,'A continuous belt that is used to drive multiple accessories in a car\'s engine such as alternator and water pump.',1,'2018-12-17 16:24:12','2018-12-17 16:24:12'),
(39,5,'This part of the engine traps dust and dirt particles in the air preventing them from entering the cylinders.',1,'2018-12-17 16:25:13','2018-12-17 16:25:13'),
(40,5,'It is used as a heat transfer medium having a cryoprotective and rust prevention performance.',1,'2018-12-17 16:25:57','2018-12-17 16:25:57'),
(41,5,'It provides lubrication to all engine moving parts in order to protect them from wear and be able to move smoothly during operation.',1,'2018-12-17 16:27:59','2018-12-17 16:27:59'),
(42,5,'This procedure is done when air enters the fuel lines due to leak, emptied fuel tank or removal of fuel pump for servicing. Insufficient removal may result to engine malfunction.',1,'2018-12-17 16:35:25','2018-12-17 16:35:25'),
(43,5,'A mechanical device that provides transmission of power and usually motion from one component to another when engaged but can be disengaged.',1,'2018-12-17 16:37:10','2018-12-17 16:37:10'),
(44,5,'This fluid is used to transmit force into pressure, and to amplify braking force and provide lubrication for the moving parts in a brake system.',1,'2018-12-17 16:38:27','2018-12-17 16:38:27'),
(45,5,'This is a device or an assembly between two shafts that permits the shaft to turn at different speed while continuing to transmit torque.',1,'2018-12-17 16:40:13','2018-12-17 16:40:13'),
(46,5,'It is a system that allows the driver to control the direction of the vehicle.',1,'2018-12-17 16:41:06','2018-12-17 16:41:06'),
(47,5,'It is the rating for thickness or thinness of oil.',1,'2018-12-17 16:44:58','2018-12-17 16:44:58'),
(48,5,'It removes impurities from fuel such as iron rust, dust, dirt and water which may cause clogging or wear of the supply pump and injector and may shorten the life of the engine.',1,'2018-12-17 16:46:54','2018-12-17 16:46:54'),
(49,6,'A type of machine designed to produce power and to propel automobiles to be able to go from point A to point B.',1,'2018-12-17 16:57:19','2018-12-17 16:57:19'),
(50,6,'A type of engine in which it uses light oil as fuel and is mostly used in commercial vehicles due to fuel economy and high thermal efficiency.',1,'2018-12-17 17:03:07','2018-12-17 17:03:07'),
(51,6,'It is one of the unique features of Gasoline Engines compared to Diesel Engines during intake stroke.',1,'2018-12-17 17:04:05','2018-12-17 17:04:05'),
(52,6,'The thermal efficiency of Diesel Engines as compared to Gasoline Engines.',1,'2018-12-17 17:04:59','2018-12-17 17:04:59'),
(53,6,'For Diesel Engines, it is the stroke in which only air enters the cylinders as the piston goes down to BDC.',1,'2018-12-17 17:05:55','2018-12-17 17:05:55'),
(54,7,'It is the volume discharged when the piston moves from bottom dead center to top dead center.',1,'2018-12-17 17:08:19','2018-12-17 17:08:19'),
(55,7,'It is a graph that shows the power and torque according to ranges of engine speed and indicates the characteristics of the engine depending on the RPM.',1,'2018-12-17 17:09:42','2018-12-17 17:09:42'),
(56,7,'It is the ability to cause something to rotate or turning force.',1,'2018-12-17 17:10:42','2018-12-17 17:10:42'),
(57,7,'It is the ratio of the volume above the piston when the piston is at BDC to the volume of the piston when it is at TDC.',1,'2018-12-17 17:11:43','2018-12-17 17:11:43'),
(58,7,'The work volume and speed required to do the work or work volume per unit of time is called _________________.',1,'2018-12-17 17:12:31','2018-12-17 17:12:31'),
(59,7,'Given the following data, compute for the engine displacement.\r\nBore = 95.4 mm\r\nStroke = 104.9 mm\r\nNo. of Cylinders = 4 Cylinders',1,'2018-12-17 17:13:46','2018-12-17 17:13:46'),
(60,7,'How much torque was applied to a bolt when 20N force was applied to a power handle 0.3 m long?',1,'2018-12-17 17:14:39','2018-12-17 17:14:39'),
(61,7,'Given the following data, compute for the engine displacement.\r\nBore = 115 mm\r\nStroke = 125 mm\r\nNo. of Cylinders = 6 Cylinders',1,'2018-12-17 17:17:41','2018-12-17 17:17:41'),
(62,8,'It sits above the cylinder block and closes the top of the cylinder forming the combustion chamber.',1,'2018-12-17 17:20:22','2018-12-17 17:20:22'),
(63,8,'It receives combustion pressure via piston and connecting rod, and converts the reciprocating motion of the piston to a rotary motion.',1,'2018-12-17 17:43:33','2018-12-17 17:43:33'),
(64,8,'It is the foundation if the engine in which all of the parts of the engine is attached to it and is usually made of cast iron for strength and durability particularly for diesel engines.',1,'2018-12-18 11:46:26','2018-12-18 11:46:26'),
(65,8,'It is one of the types of cylinders in which the cylinders is machined in the cylinder block.',1,'2018-12-18 11:51:53','2018-12-18 11:51:53'),
(66,8,'A type of valve configuration in which the camshaft is located inside the block and valves move via push rods and rocker arms.',1,'2018-12-18 12:44:12','2018-12-18 12:44:12'),
(67,8,'It directs the flow of intake and exhaust gases to and from the engine and are part of the combustion chamber.',1,'2018-12-18 12:47:43','2018-12-18 12:47:43'),
(68,9,'This engine system maintains control of the engine temperature to it its normal operating temperature.',1,'2018-12-18 12:49:17','2018-12-18 12:49:17'),
(69,9,'It is a heat exchanger that cools the coolant from the engine as it flows through it. It has passage for coolant and a passage for air.',1,'2018-12-18 12:50:28','2018-12-18 12:50:28'),
(70,9,'It pulls the air from the surrounding towards the radiator in order to improve engine cooling specially at idle or low vehicle speed.',1,'2018-12-18 12:51:56','2018-12-18 12:51:56'),
(71,9,'It draws coolant from the radiator and feeds it through the engine. It promotes also circulation of the coolant inside the engine.',1,'2018-12-18 12:52:58','2018-12-18 12:52:58'),
(72,9,'It contains silicone oil which acts as a liquid clutch which engages when it is heated and releases when it is cooled.',1,'2018-12-18 12:54:02','2018-12-18 12:54:02'),
(73,9,'It is a mixture used as a heat transfer medium for the cooling system.',1,'2018-12-18 12:54:36','2018-12-18 12:54:36'),
(74,9,'One of the functions of the coolant in which it lowers the freezing point of the engine coolant',1,'2018-12-18 12:56:04','2018-12-18 12:56:04'),
(75,9,'It raises the heat absorbing capacity of the engine coolant and is also used to seal the cooling system.',1,'2018-12-18 12:57:14','2018-12-18 12:57:14'),
(76,10,'One of the engine systems in which it prevents wear and tear of all moving parts by reducing friction.',1,'2018-12-18 12:58:29','2018-12-18 12:58:29'),
(77,10,'One of the functions of engine oil in which it restricts air and humidity from reaching the surface of the metal.',1,'2018-12-18 12:59:26','2018-12-18 12:59:26'),
(78,10,'It establishes quality of applicable oil to engine increasing efficiency and is classified in terms of deposit, oxidation, stability, friction resistance etc.',1,'2018-12-18 13:01:02','2018-12-18 13:01:02'),
(79,10,'It prevents seizure of moving parts by filtering out dust, metal particles, sludge and other harmful contaminants from the engine oil.',1,'2018-12-18 13:02:28','2018-12-18 13:02:28'),
(80,10,'Promotes circulation of engine oil throughout the lubrication circuit.',1,'2018-12-18 13:03:41','2018-12-18 13:03:41'),
(81,10,'One of the functions of engine oil in which it neutralizes the oxidizing gas which arises from combustion, and prevents metal corrosion.',1,'2018-12-18 13:05:20','2018-12-18 13:05:20'),
(82,11,'It is attached to the air inlet and it removes dust and particles from air before going into the engine during intake.',1,'2018-12-18 13:06:31','2018-12-18 13:06:31'),
(83,11,'A set of branch tubes that evenly distributes air into each intake port.',1,'2018-12-18 13:18:04','2018-12-18 13:18:04'),
(84,11,'One type of turbocharger that has nozzle vanes at the turbine side which controls the speed of the exhaust gas to maintain ideal boost pressure regardless of engine load.',1,'2018-12-18 13:22:19','2018-12-18 13:22:19'),
(85,11,'A type of forced induction system in which intake air is forced into the combustion chamber to improve engine by using the force of the exhaust gas of the engine.',1,'2018-12-18 13:30:15','2018-12-18 13:30:15'),
(86,11,'It packs oxygen molecules tightly together and thus increasing its density and power during combustion.',1,'2018-12-18 13:36:20','2018-12-18 13:36:20'),
(87,11,'It is designed so that exhaust gases from each cylinder do not interfere with one another.',1,'2018-12-18 17:18:01','2018-12-18 17:18:01'),
(88,11,'It converts unburnt fuel to CO2 and H2O in order to reduce harmful contaminants in the exhaust gas.',1,'2018-12-18 17:19:11','2018-12-18 17:19:11'),
(89,11,'A device that lowers Nitrogen Oxide Emission by returning a portion of exhaust gas back to the intake manifold during intake stroke in order to lower combustion temperature.',1,'2018-12-18 17:27:04','2018-12-18 17:27:04'),
(90,13,'It is a type of injection pump in which a rotor sends fuel to the injection nozzle in the cylinders as it rotates.',1,'2018-12-18 17:31:08','2018-12-18 17:31:08'),
(91,13,'Below are the important factors for injection nozzles except one.',1,'2018-12-18 17:32:16','2018-12-18 17:32:16'),
(92,13,'It is a type of fuel system in which fuel is stored in a chamber with pressures reaching up to 180 MPa and all the injectors are connected to it and maintains high fuel pressure regardless of engine condition.',1,'2018-12-18 17:33:48','2018-12-18 17:33:48'),
(93,13,'It displays various injector characteristics in 24 alphanumeric figures which is unique to each injector in an engine.',1,'2018-12-18 17:34:49','2018-12-18 17:34:49'),
(94,13,'It is a state of the injector in which the two-way valve was pulled up by the solenoid to open the outlet orifice and thus the fuel leaks towards the return port and nozzle and the command piston is pushed up and opens the injection nozzle holes.',1,'2018-12-18 17:37:00','2018-12-18 17:37:00'),
(95,13,'A type of injector nozzle which have holes with a diameter varying from 0.2 to 0.4 mm and is usually used for direct injection engines.',1,'2018-12-18 17:38:19','2018-12-18 17:38:19'),
(96,13,'It supplies fuel to the fuel rail by drawing fuel from the fuel tank and its pressure is controlled based from signals from the ECM.',1,'2018-12-18 17:39:31','2018-12-18 17:39:31'),
(97,13,'It controls the fuel injection system and the engine overall by receiving signals from sensors and realize optimal engine operation via actuators.',1,'2018-12-18 17:40:46','2018-12-18 17:40:46'),
(98,13,'It serves as a reservoir of fuel for fuel injectors in which it stores pressurized fuel coming from the supply pump.',1,'2018-12-18 17:43:17','2018-12-18 17:43:17'),
(99,14,'It provides control of torque and output from the engine and transmits it to the drive wheels.',1,'2018-12-19 08:20:05','2018-12-19 08:20:05'),
(100,14,'A type of transmission in which it uses spur gears with multiple gear ratios and engagement of gears is done by matching the speeds of the gears or \"Rev Matching\".',1,'2018-12-19 08:26:59','2018-12-19 08:26:59'),
(101,14,'A part of the manual transmission which is also called the output shaft and is connected to the propeller shaft.',1,'2018-12-19 08:28:01','2018-12-19 08:28:01'),
(102,14,'It is a sleeve of drum that slides back and forth on the mainshaft by shift fork during gear shift which locks the mainshaft gear to the mainshaft and prevents gear from clashing or grinding during shifting.',1,'2018-12-19 08:29:35','2018-12-19 08:29:35'),
(103,14,'It is a type of transmission which shifts gears automatically based on vehicle driving conditions, freeing the driver of manually selecting gears.',1,'2018-12-19 08:31:09','2018-12-19 08:31:09'),
(104,14,'It is a set of gears in a form that resembles a planetary system used by the automatic transmission for multiple gear ratios.',1,'2018-12-19 08:32:58','2018-12-19 08:32:58'),
(105,14,'It allows pressure of ATF to build more slowly to cushion the shift shock for smooth shifting.',1,'2018-12-19 08:34:10','2018-12-19 08:34:10'),
(106,14,'This component detects movements and conditions of various transmission parts and sends it to the transmission control module as input in order to effect control.',1,'2018-12-19 08:35:15','2018-12-19 08:35:15'),
(107,14,'A type of manual transmission similar to that of a constant mesh transmission that both main and counter gears are constantly meshed, and uses synchronizer rings to match the speed of both gears.',1,'2018-12-19 08:36:44','2018-12-19 08:36:44'),
(108,14,'It is a device used to couple or uncouple the manual transmission and the engine in order to have smooth gear shifting.',1,'2018-12-19 08:40:10','2018-12-19 08:40:10'),
(109,14,'It transfers rotation from the clutch disc to the countershaft gears as it has splines to hold the disc.',1,'2018-12-19 08:41:00','2018-12-19 08:41:00'),
(110,14,'One of the components of the automatic transmission in which it provides oil pressure for various clutches and brakes and circulates lubrication to the entire transmission.',1,'2018-12-19 08:44:46','2018-12-19 08:44:46'),
(111,14,'It is the combination of gears with different sizes used by the transmission in order to increase either torque or speed and change the direction of rotation of the drive shaft.',1,'2018-12-19 08:45:57','2018-12-19 08:45:57'),
(112,14,'A type of manual transmission which uses helical gears for both mainshaft and countershaft which are in constant mesh with each other.',1,'2018-12-19 08:47:02','2018-12-19 08:47:02'),
(113,14,'It consists of pressure spring or diaphragm spring, pressure plate, release lever and strap plate and is mounted on the flywheel.',1,'2018-12-19 08:51:02','2018-12-19 08:51:02'),
(114,14,'Used to control the clutch engagement and disengagement by pressing or depressing the pedal.',1,'2018-12-19 08:52:02','2018-12-19 08:52:02'),
(115,14,'Converts driver\'s pedal motion into hydraulic pressure going to the slave cylinder.',1,'2018-12-19 08:52:47','2018-12-19 08:52:47'),
(116,14,'Used to disengage the clutch from the flywheel by being pushed against the pressure plate.',1,'2018-12-19 08:53:59','2018-12-19 08:53:59'),
(117,14,'It is controlled by the clutch pedal in the cabin and is what pushes the release bearing into the pressure plate fingers.',1,'2018-12-19 08:56:40','2018-12-19 08:56:40'),
(118,14,'It holds the transmission output shaft and rear oil seal and provides a base for the transmission mount.',1,'2018-12-19 08:59:04','2018-12-19 08:59:04'),
(119,14,'It provides support for the bearing and shafts and other internal parts and holds the transmission oil for lubrication.',1,'2018-12-19 09:01:51','2018-12-19 09:01:51'),
(120,14,'It covers the front transmission bearing and acts as a sleeve for the clutch release bearing.',1,'2018-12-19 09:02:54','2018-12-19 09:02:54'),
(121,14,'It holds the countershaft gears into mesh with input shaft and mainshaft gears.',1,'2018-12-19 09:09:21','2018-12-19 09:09:21'),
(122,14,'It is a short shaft that supports the reverse idler gear.',1,'2018-12-19 09:10:08','2018-12-19 09:10:08'),
(123,14,'The transmission oil to be used on both Isuzu F-Series and C & E Series during replacement.',1,'2018-12-19 09:26:42','2018-12-19 09:26:42'),
(124,14,'It is an alternative transmission fluid for Isuzu N-Series aside from IGMO XTRM 15W-40.',1,'2018-12-19 09:28:13','2018-12-19 09:28:13'),
(125,14,'A form of fluid coupling that uses fluid and vaned rotors to transmit power between shafts of an automatic transmission.',1,'2018-12-19 09:51:51','2018-12-19 09:51:51'),
(126,14,'A component of the torque converter which is driven by the crankshaft via converter cover and gives velocity energy to the ATF.',1,'2018-12-19 10:04:22','2018-12-19 10:04:22'),
(127,14,'A component of the torque converter which is driven  by the fluid energy generated by the pump impeller using cup-shaped steel blades and transmits engine power to the input shaft via splines.',1,'2018-12-19 10:06:12','2018-12-19 10:06:12'),
(128,14,'A component of the torque converter which connects the turbine to the converter cover to eliminate any slippage at higher speeds.',1,'2018-12-19 10:28:16','2018-12-19 10:28:16'),
(129,14,'One of the components of the automatic transmission which transmits torque from the torque converter turbine to forward clutch pack.',1,'2018-12-19 10:30:36','2018-12-19 10:30:36'),
(130,14,'It provides oil pressure for various clutches and brakes and circulates lubrication to the entire automatic transmission including transmission cooler for ATF cooling.',1,'2018-12-19 10:31:46','2018-12-19 10:31:46'),
(131,14,'It locks parts of the planetary gear assembly to the transmission case to create multiple gear ratios and operates by means of pressure which is controlled by the TCM using solenoids.',1,'2018-12-19 10:33:03','2018-12-19 10:33:03'),
(132,14,'One of the shafts of the automatic transmission which is fitted to one of the clutches of the forward clutch assembly ( C1 Clutch) and serves as the sun gear of middle and rear planetary gear sets.',1,'2018-12-19 10:34:27','2018-12-19 10:37:58'),
(133,14,'One of the shafts of the automatic transmission which transmits engine driving force from rear planetary carrier to the propeller shaft.',1,'2018-12-19 10:39:51','2018-12-19 10:39:51'),
(134,14,'One of the shafts of the automatic transmission which is fitted to the turbine runner and forward clutch assembly by spline and transmits torque coming from the engine to the clutch assembly.',1,'2018-12-19 10:41:12','2018-12-19 10:41:12'),
(135,14,'It directs A/T fluid flow to different passages, ports, drains, springs, and valves for shift timing, shift speed and shift quality.',1,'2018-12-19 10:42:36','2018-12-19 10:42:36'),
(136,14,'Electronically controlled valves fitted in the valve body that directs A/T fluid flow to various clutches and brakes in order to create a certain gear ratio.',1,'2018-12-19 10:43:46','2018-12-19 10:43:46'),
(137,14,'A part of the automatic transmission which provides input signal to the transmission control module in terms of position of the shift lever and operation of related vehicle parts including brake pedal for transmission control.',1,'2018-12-19 10:46:18','2018-12-19 10:46:18'),
(138,14,'A driver operated lever which transmits gear position via connecting cable to the Transmission Range Switch.',1,'2018-12-19 10:47:23','2018-12-19 10:47:23'),
(139,16,'It reduces the engine speed and increases rotation power for increased torque going to the drive shaft.',1,'2018-12-19 10:48:43','2018-12-19 10:48:43'),
(140,16,'It is a type of Final Gear in which the pinion gear is mounted well below the centerline of the ring gear.',1,'2018-12-19 10:51:04','2018-12-19 10:51:04'),
(141,16,'A type of final gear which has a curved teeth with pinion and ring gear on the same centerline and used mainly on trucks and older automobiles.',1,'2018-12-19 10:52:14','2018-12-19 10:52:14'),
(142,16,'It provides smooth transfer of torque from the final gear to the wheels and allows for left and right wheels to rotate at different speeds when turning on a curve or when travelling straight on a rough road.',1,'2018-12-19 10:53:42','2018-12-19 10:53:42'),
(143,16,'One of the components of a differential which is attached to the end of the drive shaft and it rotates the ring gear, reducing the speed of the axle shafts to increase torque.',1,'2018-12-19 10:56:02','2018-12-19 10:56:02'),
(144,16,'One of the components of a differential which is secured with bolts to the differential case and transmits the power to the axle shafts through the side gears.',1,'2018-12-19 10:58:03','2018-12-19 10:58:03'),
(145,16,'On a differential, this component permits both wheels to rotate at the same speed during straight driving and different speeds while turning or driving on a rough road.',1,'2018-12-19 10:59:32','2018-12-19 10:59:32'),
(146,16,'This part of the differential houses the drive pinion, ring gear and differential gear. It has ribs which provides strength and rigidity to the carrier and prevents misalignment of gears and damage to bearings and gear teeth.',1,'2018-12-19 11:02:36','2018-12-19 11:02:36'),
(147,16,'A type of Limited Slip Differential in which it has friction discs and plates stacked alternately used to limit the differential at low traction conditions.',1,'2018-12-20 08:04:33','2018-12-20 08:04:33'),
(148,16,'A type of Limited Slip Differential in which it has fluid coupling or clutch that transmits torque by means of viscous resistance to oil and thus limits differential slip.',1,'2018-12-20 08:08:47','2018-12-20 08:08:47'),
(149,16,'A type of Limited Slip Differential in which the differential limiting force changes greatly and vary rapidly in accordance with the torque applied to it.',1,'2018-12-20 08:09:53','2018-12-20 08:09:53'),
(150,17,'It transmits power from the transmission to the differential by using a shaft that will connect the two components.',1,'2018-12-20 08:13:36','2018-12-20 08:13:36'),
(151,17,'A part of the propeller shaft assembly in which it transmits torque from the transmission. Normally a single piece tube with joints at both ends is used as flexible connection to the transmission and differential.',1,'2018-12-20 08:24:24','2018-12-20 08:24:24'),
(152,17,'A type of propeller shaft in which the overall length of the propeller shaft is relatively great, which causes bending and vibrates more at high speeds.',1,'2018-12-20 08:26:28','2018-12-20 08:26:28'),
(153,17,'A type of propeller shaft which has a two-piece propeller shaft having three joints. It has less vibrations during rotation as the shafts are relatively smaller due to less bending of the shaft even at high speeds.',1,'2018-12-20 08:31:53','2018-12-20 08:31:53'),
(154,17,'A part of the propeller shaft that absorbs the angular changes brought about by changes in relative positions of the differential in relation to the transmission and provides smooth transmission of power from the transmission to the differential.',1,'2018-12-20 08:38:03','2018-12-20 08:38:03'),
(155,17,'One of the components of a propeller shaft which supports the two parts of the propeller shaft in the middle and is installed via a flange to the splines located at the end of the intermediate shaft.',1,'2018-12-20 08:40:04','2018-12-20 08:40:04'),
(156,18,'A type of suspension system in which it supports each wheel with a separate suspension making the ride more comfortable.',1,'2018-12-20 08:42:20','2018-12-20 08:42:20'),
(157,18,'A type of suspension system in which supports the wheel shaft\'s right and left axle pair. The shock of the road received by one wheel is transmitted to the other wheel.',1,'2018-12-20 08:44:49','2018-12-20 08:44:49'),
(158,18,'One of the types of vibrations experienced by the suspension system in which the vehicle moves up and down like a seesaw.',1,'2018-12-20 08:46:02','2018-12-20 08:46:02'),
(159,18,'One of the types of vibrations experience by the suspension system in which the whole vehicle moves up and down at the same pace.',1,'2018-12-20 08:47:05','2018-12-20 08:47:05'),
(160,18,'One of the types of vibrations experienced by the suspension system in which the front end of a vehicle swerves right and left.',1,'2018-12-20 08:48:40','2018-12-20 08:48:40'),
(161,18,'One of the types of vibrations experienced by the suspension system in which the vehicle sways from side to side during cornering.',1,'2018-12-20 08:49:30','2018-12-20 08:49:30'),
(162,18,'A part of the suspension system in which it supports the weight of the vehicle and it varies in design according to the type of suspension and power train.',1,'2018-12-20 08:50:35','2018-12-20 08:50:35'),
(163,18,'A type of axle that supports the front wheel load and is used to control the driving direction.',1,'2018-12-20 08:52:44','2018-12-20 08:52:44'),
(164,18,'A type of rear axle in which the wheel hub is connected  by two bearings on the end of the free floating axle case. The entire weight of the vehicle is supported by the axle case and torque is transmitted by the axle shaft only.',1,'2018-12-20 08:54:57','2018-12-20 08:54:57'),
(165,18,'A type of rear axle in which there is a bearing between rear axle shaft and axle case. Rear axle shaft not only transmits torque but also supports the weight of the vehicle.',1,'2018-12-20 08:56:21','2018-12-20 08:56:21'),
(166,18,'A type of rear axle in which the wheels are independently sprung and do not require an axle case.',1,'2018-12-20 08:58:08','2018-12-20 08:58:08'),
(167,18,'One of the components of suspension system in which it softens the shock experienced by the vehicle by absorbing vibrations from the road.',1,'2018-12-20 08:59:36','2018-12-20 08:59:36'),
(168,18,'It is a component of the suspension system in which it restrains the movement of the springs by the resistance of the oil that flows through a path in the piston.',1,'2018-12-20 09:00:32','2018-12-20 09:00:32'),
(169,18,'A type of spring which is made up of tiered up and cambered spring steels in the shape of leaves set-up with bolts or clips that can support heavy load.',1,'2018-12-20 09:01:31','2018-12-20 09:01:31'),
(170,18,'A steel bar that functions as a spring and is efficient, light and simple in structure.',1,'2018-12-20 09:02:35','2018-12-20 09:02:35'),
(171,18,'A type of spring which is made of spring steel and wound in a spiral configuration having a small spring constant and light weight.',1,'2018-12-20 09:03:51','2018-12-20 09:03:51'),
(172,18,'One of the types of Leaf Springs having a semi-elliptical shape and composed of flat plates of leaves with constant thickness. The length of the leaves gradually decreases from top leaf to bottom leaf and is designed to carry a proportionate amount of load and stress.',1,'2018-12-20 09:15:19','2018-12-20 09:15:19'),
(173,18,'A type of leaf spring in which it has leaves with varying thickness but having constant length. It reduces spring stiffness for improved ride quality and reduced interleaf friction.',1,'2018-12-20 09:16:32','2018-12-20 09:16:32'),
(174,19,'It is one of the functions of electricity in which heat is generated as electricity passes through a resistor like a cigarette lighter or fuse.',1,'2018-12-20 09:27:31','2018-12-20 09:27:31'),
(175,19,'It is one of the functions of electricity in which when it passes through a resistor it emits light such as light bulbs.',1,'2018-12-20 09:28:35','2018-12-20 09:28:35'),
(176,19,'It is one of the functions of electricity in which it generates magnetic force as it passes through a conductor or coil, such as an ignition coil, alternator and injector.',1,'2018-12-20 09:33:35','2018-12-20 09:33:35'),
(177,19,'It is the flow of electrons in a given conductor.',1,'2018-12-20 09:34:48','2018-12-20 09:34:48'),
(178,19,'The path where electricity flows which consists of wires, wire connectors, switches, relays or other electrical and electronic components.',1,'2018-12-20 09:35:46','2018-12-20 09:35:46'),
(179,19,'It is the material that permits or allows flow of charged particles when applied by an external force called voltage.',1,'2018-12-20 09:36:42','2018-12-20 09:36:42'),
(180,19,'It is one of the three essential requirements for any circuits to operate which provides electromotive force like battery as well as the path that connects the battery to the load.',1,'2018-12-20 09:38:06','2018-12-20 09:38:06'),
(181,19,'It is one of the three essential requirements for any circuits which lights, heats or produces motion.',1,'2018-12-20 09:39:06','2018-12-20 09:39:06'),
(182,19,'It is one of the three essential requirements for any circuits which provides an electrical path for electricity to flow from the load to the negative side of the battery.',1,'2018-12-20 09:40:21','2018-12-20 09:40:21'),
(183,19,'It is the measurement of flow of electrons in a circuit.',1,'2018-12-20 09:40:52','2018-12-20 09:40:52'),
(184,19,'It is a type of current that flows in a constant direction from the positive pole to the negative pole and usually used on automotive electrical circuits.',1,'2018-12-20 09:43:33','2018-12-20 09:43:33'),
(185,19,'It is a type of current that reverses direction at regular intervals usually used in household outlets or industrial three-phase power supply used in factories.',1,'2018-12-20 09:45:00','2018-12-20 09:45:00'),
(186,19,'A force of electricity that moves current through an electrical circuit. It is also known as electromotive force.',1,'2018-12-20 09:45:52','2018-12-20 09:45:52'),
(187,19,'It opposes the current flow in a circuit which can be a load that provides beat, light, motion, etc.',1,'2018-12-20 09:46:47','2018-12-20 09:46:47'),
(188,19,'A type of problem in a circuit in which it causes poor or non-working electrical equipment.',1,'2018-12-20 09:48:34','2018-12-20 09:48:34'),
(189,19,'A type of problem in a circuit in which it has an increased current flow causing short circuit, blown fuses and burned wires and connectors.',1,'2018-12-20 09:49:58','2018-12-20 09:49:58'),
(190,19,'It is a law that states the relationship of Voltage, Current and resistance in which current flow in a circuit is proportional to the applied voltage and inversely proportional to the resistance.',1,'2018-12-20 09:51:25','2018-12-20 09:51:25'),
(191,20,'It is a type of circuit in which power, load and ground are arranged so that the current will only take one path and it will only operate provided there is no open circuit.',1,'2018-12-20 10:00:06','2018-12-20 10:00:06'),
(192,20,'It is an effect in voltage when current flows through a resistor in a circuit.',1,'2018-12-20 10:00:49','2018-12-20 10:00:49'),
(193,20,'It is a type of electrical circuit in which there are two or more current paths to flow and will allow other loads connected to it to operate should one of the paths fails or malfunctions.',1,'2018-12-20 10:02:19','2018-12-20 10:02:19'),
(194,20,'It is a type of an electrical circuit in which resistors are connected both in series and parallel in a given path or combination of series and parallel circuits.',1,'2018-12-20 10:03:32','2018-12-20 10:03:32'),
(195,20,'This is a type of circuit defect in which a wire has been broken or opened up. There is no complete path for the current to flow through.',1,'2018-12-20 10:36:45','2018-12-20 10:36:45'),
(196,20,'It is a type of circuit defect in which current is allowed to flow past part of the normal path and reduces the total resistances of the load.',1,'2018-12-20 10:38:28','2018-12-20 10:38:28'),
(197,20,'This type of circuit defect allows the current to return to the battery before it has reached the load. It will cause excessive current to be sent through the fuse causing it to blow.',1,'2018-12-20 10:41:08','2018-12-20 10:41:08'),
(198,20,'It is the first step in troubleshooting electrical problems in which the technician confirms the complaint is occurring and if its condition described as abnormal.',1,'2018-12-20 10:42:09','2018-12-20 10:42:09'),
(199,21,'In a wiring diagram, if the wire has a label \"Y/B\", the color of the wire is.',1,'2018-12-20 10:44:33','2018-12-20 10:44:33'),
(200,21,'It is a type of connector in which multiple terminals are collectively connected using joint terminals is indicated.',1,'2018-12-20 10:47:42','2018-12-20 10:47:42'),
(201,21,'It provides location of connectors used in various parts of the vehicle.',1,'2018-12-20 10:48:50','2018-12-20 10:48:50'),
(202,21,'It provides location of each control unit used in vehicle including junction block and relay block.',1,'2018-12-20 10:52:27','2018-12-20 10:52:27'),
(203,21,'It is used to tell the locations and types of components used in the vehicle\'s electrical wiring.',1,'2018-12-20 10:53:23','2018-12-20 10:53:23'),
(204,22,'It is a system in which it cranks the engine and it uses a DC motor that operates on electric energy from a battery.',1,'2018-12-21 08:26:21','2018-12-21 08:26:21'),
(205,22,'A device driven by the engine using a belt which converts engine rotation (mechanical energy) into electrical energy.',1,'2018-12-21 08:50:27','2018-12-21 08:50:27'),
(206,22,'It is an electrochemical device for storing energy in chemical form so that it can be released as electricity.',1,'2018-12-21 08:51:26','2018-12-21 08:51:26'),
(207,22,'One of the terms used in batteries in which it is a density of the liquid or electrolyte in a battery compared to the density of water.',1,'2018-12-21 08:55:36','2018-12-21 08:55:36'),
(208,22,'It is the voltage of the battery when it is not delivering or receiving power.',1,'2018-12-21 08:57:23','2018-12-21 08:57:23'),
(209,22,'It is the capacity of a newly fully charged battery at 80 degrees Fahrenheit (26.7 degrees Celsius) can be continuously discharged at 25 amperes and maintain terminal voltage equal to or higher than 1.75 volts per cell.',1,'2018-12-26 07:41:17','2018-12-26 07:41:17'),
(210,22,'It is the discharge load in amperes which a newly fully charged battery at 0 degrees Fahrenheit (-17.8 degrees Celsius) can continuously deliver for 30 seconds and maintain terminal voltage equal to or higher than 1.20 volts per cell.',1,'2018-12-26 07:44:10','2018-12-26 07:44:10'),
(211,22,'An unintended current  bypass, generally very low resistance and thus causing discharge of the battery cell.',1,'2018-12-26 07:45:13','2018-12-26 07:45:13'),
(212,23,'It is a system where the functions of a heater and cooler are integrated into one system, and can create pleasant conditions within a vehicle in all seasons.',1,'2018-12-26 08:00:12','2018-12-26 08:00:12'),
(213,23,'This type of Air Conditioning System lets the driver select the desired mode by moving selector lever which shuts off or allows air delivery thru vents and controls heater and air conditioner operation.',1,'2018-12-26 08:31:36','2018-12-26 08:31:36'),
(214,23,'This system allows the driver to select automatic control and the desired temperature of the air conditioner of a vehicle.',1,'2018-12-26 08:32:31','2018-12-26 08:32:31'),
(215,23,'It has the ability of cooling the surrounding area when it becomes a vapor like when an alcohol evaporates from your skin, it feels cool.',1,'2018-12-26 08:34:30','2018-12-26 08:34:30'),
(216,23,'It is the cycle in which the refrigerant is repeatedly compressed and decompressed in order to change its state from liquid to vapor in order to effect cooling.',1,'2018-12-26 08:39:16','2018-12-26 08:39:16'),
(217,23,'It is compressed by the compressor turning it into a high pressure, high temperature vapor and becomes liquid when condensed.',1,'2018-12-26 08:40:05','2018-12-26 08:40:05'),
(218,23,'It draws vaporized refrigerant at a low pressure and temperature and compresses it to become a vapor at high pressure and temperature.',1,'2018-12-26 08:45:11','2018-12-26 08:45:11'),
(219,23,'It cools the refrigerant by the air passing through it and around it\'s fins and condenses it to a liquid form.',1,'2018-12-26 08:46:16','2018-12-26 08:46:16'),
(220,23,'It separates the vapor from the liquid refrigerant before delivering it to the expansion valve.',1,'2018-12-26 08:55:35','2018-12-26 08:55:35'),
(221,23,'The liquid refrigerant becomes a mist at a low pressure and temperature as it passes through this device and decompresses. It also controls the flow of the refrigerant by throttling.',1,'2018-12-26 08:56:59','2018-12-26 08:56:59'),
(222,23,'It is a heat exchanger in which it permits flow of refrigerant inside its tube while air flows around the tube coming from the blower. This allows the heat from the air to be absorbed by the refrigerant which then evaporates as its temperature increases which then cools the air as it exits the cabin.',1,'2018-12-26 08:59:07','2018-12-26 08:59:07'),
(223,23,'It is a component of an automatic air conditioning system in which it detects the in-vehicle temperature.',1,'2018-12-26 09:00:37','2018-12-26 09:00:37'),
(224,23,'It is a part of the automatic air conditioning system in which it detects the temperature outside the vehicle.',1,'2018-12-26 09:01:27','2018-12-26 09:01:27'),
(225,23,'This sensor uses a photodiode to detect the amount of sunlight in the cabin and converts correction signal from changes in the in-vehicle temperature caused by sunlight into a photo-electric current to input to the auto a/c control unit.',1,'2018-12-26 09:03:06','2018-12-26 09:03:06'),
(226,23,'It receives a base current from the auto a/c control unit for variable changing of the speed of the blower motor.',1,'2018-12-26 09:04:10','2018-12-26 09:04:10'),
(227,2,'Which of the following truck companies partnered with Isuzu in order to manufacture trucks under their name in Japan in 1918?',1,'2019-06-06 11:31:40','2019-06-06 11:31:40'),
(228,2,'In what year was the name Isuzu used on a standard model car for the Ministry of Trade and Industry in which the name was derived from the Isuzu River at Ise Shrine area.',1,'2019-06-06 11:34:35','2019-06-06 11:34:35'),
(229,2,'In 1922, Tokyo Ishikawajima Ship-Building and Engineering Company was able to complete their first domestically produced Wolseley truck in Japan. Which of the following model was it?',1,'2019-06-06 11:57:19','2019-06-06 11:57:19'),
(230,2,'It was one of the companies in Japan that partnered with Ishikawajima Ship-Building and Engineering Company Ltd in order to build automobiles in Japan in 1916?',1,'2019-06-06 13:00:54','2019-06-06 13:00:54'),
(231,2,'Which of the following year the partnership of General Motors and Isuzu were formed in order to share diesel related products and technologies?',1,'2019-06-06 13:10:22','2019-06-06 13:10:22'),
(232,2,'The joint agreement between Isuzu and General Motors (GM) formed which company in the Philippines that will sell both GM and Isuzu products in our country?',1,'2019-06-06 13:15:27','2019-06-06 13:15:27'),
(233,2,'It is the year in which Isuzu debuted in the Philippines through its line of trucks.',1,'2019-06-06 13:17:45','2019-06-06 13:17:45'),
(234,2,'The Isuzu Motors Pilipinas Inc. (IMPI) was established  by Isuzu Motors Limited of Japan. Which of the following year was it established?',1,'2019-06-06 13:20:59','2019-06-06 13:20:59'),
(235,2,'In 1995, Isuzu Philippines Corporation was formed through and agreement between Isuzu Motors Limited (IML) and other three companies. Which of the following companies is not part of the said partnership?',1,'2019-06-06 13:23:21','2019-06-06 13:23:21'),
(236,2,'Which of the following was the first vehicle models that Isuzu Philippines Corporation assembled in 1996 to 1997?',1,'2019-06-06 13:26:59','2019-06-06 13:26:59'),
(237,2,'In 1980, which of the following companies were established which assembles Isuzu engines in our country in this period?',1,'2019-06-06 13:32:42','2019-06-06 13:32:42'),
(238,2,'In 2006, Toyota purchased shares from Isuzu Motors Limited which both companies agreed to collaborate for the development of small diesel engines. How much shares were bought from Isuzu by Toyota?',1,'2019-06-06 13:47:40','2019-06-06 13:47:40'),
(239,2,'In which of the following year was the partnership between Isuzu Motors Limited (IML) and General Motors (GM) ended and dissolved their equity tie-up?',1,'2019-06-06 13:49:44','2019-06-06 13:49:44'),
(240,3,'The Brake Override System (BOS) was introduced to Isuzu Vehicles which overrides the signal from the accelerator pedal when both brakes and accelerator pedal has been depressed. Which of the following Isuzu mu-X variants is equipped with this system?',1,'2019-06-06 14:23:47','2019-06-06 14:23:47'),
(241,3,'The Brake Override System is a system which prevents sudden acceleration of the vehicle in case both accelerator and brake pedal where depressed simultaneously. Which of the following variants of Isuzu mu-X is equipped with this system?',1,'2019-06-10 08:14:46','2019-06-10 08:14:46'),
(242,3,'Which of the following kinds of brake system is equipped on our Isuzu F-Series FVR and FVM variants?',1,'2019-06-10 08:17:36','2019-06-10 08:17:36');

/*Table structure for table `sessions` */

DROP TABLE IF EXISTS `sessions`;

CREATE TABLE `sessions` (
  `id` varchar(191) COLLATE utf8mb4_unicode_ci NOT NULL,
  `user_id` int(10) unsigned DEFAULT NULL,
  `ip_address` varchar(45) COLLATE utf8mb4_unicode_ci DEFAULT NULL,
  `user_agent` text COLLATE utf8mb4_unicode_ci,
  `payload` text COLLATE utf8mb4_unicode_ci NOT NULL,
  `last_activity` int(11) NOT NULL,
  UNIQUE KEY `sessions_id_unique` (`id`),
  KEY `user_id_idx` (`user_id`),
  CONSTRAINT `user_id` FOREIGN KEY (`user_id`) REFERENCES `users` (`user_id`) ON DELETE CASCADE ON UPDATE CASCADE
) ENGINE=InnoDB DEFAULT CHARSET=utf8mb4 COLLATE=utf8mb4_unicode_ci;

/*Data for the table `sessions` */

insert  into `sessions`(`id`,`user_id`,`ip_address`,`user_agent`,`payload`,`last_activity`) values 
('0HljUfE8QPUOdvc9yRI9CxOr8BUJIuc8XZU5rtD0',NULL,'172.16.2.43','Mozilla/5.0 (Windows NT 6.1; Win64; x64) AppleWebKit/537.36 (KHTML, like Gecko) Chrome/71.0.3578.98 Safari/537.36','YToyOntzOjk6Il9wcmV2aW91cyI7YToxOntzOjM6InVybCI7czo0MjoiaHR0cDovL2Vjb21tZXJjZTQvZS1sZWFybmluZy9mbHVzaF9zZXNzaW9uIjt9czo2OiJfZmxhc2giO2E6Mjp7czozOiJvbGQiO2E6MDp7fXM6MzoibmV3IjthOjA6e319fQ==',1549531114),
('1NFQVA2nwxeC3OQvZJapD8whgVoE0sHUi0R7w3jY',NULL,'172.16.2.115','Mozilla/5.0 (Windows NT 6.1; Win64; x64) AppleWebKit/537.36 (KHTML, like Gecko) Chrome/74.0.3729.169 Safari/537.36','YTo3OntzOjk6Il9wcmV2aW91cyI7YToxOntzOjM6InVybCI7czo1NjoiaHR0cDovL2Vjb21tZXJjZTQvZS1sZWFybmluZy9hZG1pbi9jb250cm9scy9hY3RpdmVfdXNlcnMiO31zOjY6Il9mbGFzaCI7YToyOntzOjM6Im9sZCI7YTowOnt9czozOiJuZXciO2E6MDp7fX1zOjY6Il90b2tlbiI7czo0MDoiVWdTeWYxM0Y3WnJ5SnRyM1hETlB2ZmFTeGdKVEprZ2JDVnB5MkNNYyI7czoxMToiZW1wbG95ZWVfaWQiO3M6NDoiMTI1NyI7czoxMToiZW1wbG95ZWVfbm8iO3M6NjoiMTgwNzA0IjtzOjk6ImZ1bGxfbmFtZSI7czoyNToiUHJpbmNlIEl2YW4gS2VudCBUaWJ1cmNpbyI7czo3OiJzZWN0aW9uIjtzOjI6IjE4Ijt9',1559539013),
('2Ih9etF60VoaBM1vH4LCuuHipWurdn7f6uJJ5KgE',NULL,'119.92.194.222','Mozilla/5.0 (Windows NT 10.0; Win64; x64; rv:67.0) Gecko/20100101 Firefox/67.0','YTo3OntzOjY6Il90b2tlbiI7czo0MDoiV0hMdnBJdmI5MmJPUFN0eXBIU1czYmRGU3NQdm5vQjlQVWhIU1NYNyI7czo2OiJfZmxhc2giO2E6Mjp7czozOiJvbGQiO2E6MDp7fXM6MzoibmV3IjthOjA6e319czo5OiJfcHJldmlvdXMiO2E6MTp7czozOiJ1cmwiO3M6NjM6Imh0dHA6Ly9pZGguaXN1enVwaGlsLmNvbS9lLWxlYXJuaW5nL2FkbWluL3N1Ym1vZHVsZS83L3F1ZXN0aW9ucyI7fXM6MTE6ImVtcGxveWVlX2lkIjtzOjM6IjYzOSI7czoxMToiZW1wbG95ZWVfbm8iO3M6NjoiMTYwMTA0IjtzOjk6ImZ1bGxfbmFtZSI7czoxNDoiQ2FybCBFZHNvbiBMYXQiO3M6Nzoic2VjdGlvbiI7czoyOiI3MiI7fQ==',1559899199),
('3RNoxYoZhRo5GgcsMlsGJTrvq5WXVc6HEekH0OIn',NULL,'172.16.2.116','Mozilla/5.0 (Windows NT 6.1; Win64; x64) AppleWebKit/537.36 (KHTML, like Gecko) Chrome/72.0.3626.121 Safari/537.36','YTo3OntzOjY6Il90b2tlbiI7czo0MDoiY3FoRkhZS1ZXYmdZbHVLWlRsa0JvcW5KYlBha21ONDNHTDJpVjVuZiI7czo2OiJfZmxhc2giO2E6Mjp7czozOiJvbGQiO2E6MDp7fXM6MzoibmV3IjthOjA6e319czo5OiJfcHJldmlvdXMiO2E6MTp7czozOiJ1cmwiO3M6NTg6Imh0dHA6Ly9lY29tbWVyY2U0L2UtbGVhcm5pbmcvYWRtaW4vY2FsZW5kYXIvZ2V0P2ZpbHRlcj1hbGwiO31zOjExOiJlbXBsb3llZV9pZCI7czo0OiIxMjU3IjtzOjExOiJlbXBsb3llZV9ubyI7czo2OiIxODA3MDQiO3M6OToiZnVsbF9uYW1lIjtzOjI1OiJQcmluY2UgSXZhbiBLZW50IFRpYnVyY2lvIjtzOjc6InNlY3Rpb24iO3M6MjoiMTgiO30=',1552269562),
('3XrMcsAUKVCpYRg4klDGh4Xl923FhCn9MaHwMosn',NULL,'124.106.220.58','Mozilla/5.0 (Windows NT 10.0; Win64; x64; rv:67.0) Gecko/20100101 Firefox/67.0','YTozOntzOjY6Il9mbGFzaCI7YToyOntzOjM6Im9sZCI7YTowOnt9czozOiJuZXciO2E6MDp7fX1zOjY6Il90b2tlbiI7czo0MDoiOUxCS3A5NVdFSHN4U2FGaGVveDNaWWJaTlppTDJIZVc4NE1oSDRBeiI7czo5OiJfcHJldmlvdXMiO2E6MTp7czozOiJ1cmwiO3M6NDE6Imh0dHA6Ly9pZGguaXN1enVwaGlsLmNvbS9lLWxlYXJuaW5nL2xvZ2luIjt9fQ==',1559807927),
('3ZV9SPnxp3do0iyFQhf8KNIVnrSbQP7N6mR0w6Xf',NULL,'172.16.2.57','Mozilla/5.0 (Windows NT 6.1; Win64; x64) AppleWebKit/537.36 (KHTML, like Gecko) Chrome/71.0.3578.98 Safari/537.36','YToyOntzOjk6Il9wcmV2aW91cyI7YToxOntzOjM6InVybCI7czo0MjoiaHR0cDovL2Vjb21tZXJjZTQvZS1sZWFybmluZy9mbHVzaF9zZXNzaW9uIjt9czo2OiJfZmxhc2giO2E6Mjp7czozOiJvbGQiO2E6MDp7fXM6MzoibmV3IjthOjA6e319fQ==',1548149828),
('47Cyb3rmJzlMpc57EL9r6V8CNBPTw7CAsxaNOYmn',NULL,'119.92.194.222','Mozilla/5.0 (Windows NT 10.0; Win64; x64; rv:67.0) Gecko/20100101 Firefox/67.0','YTo3OntzOjY6Il90b2tlbiI7czo0MDoiVTRsSGJ5MlZabUh2a0h1ZFlLdU5GUFY0dUIxWExrbmVyeXFJb1k3eiI7czo2OiJfZmxhc2giO2E6Mjp7czozOiJvbGQiO2E6MDp7fXM6MzoibmV3IjthOjA6e319czo5OiJfcHJldmlvdXMiO2E6MTp7czozOiJ1cmwiO3M6NzA6Imh0dHA6Ly9pZGguaXN1enVwaGlsLmNvbS9lLWxlYXJuaW5nL2FkbWluL3N1Ym1vZHVsZS8zL3F1ZXN0aW9ucy9jcmVhdGUiO31zOjExOiJlbXBsb3llZV9pZCI7czozOiI2MzkiO3M6MTE6ImVtcGxveWVlX25vIjtzOjY6IjE2MDEwNCI7czo5OiJmdWxsX25hbWUiO3M6MTQ6IkNhcmwgRWRzb24gTGF0IjtzOjc6InNlY3Rpb24iO3M6MjoiNzIiO30=',1560125856),
('7XF682c40DFrPWz5FtEs9wOSNCIZHDIw9DLIUsgK',NULL,'172.16.2.57','Mozilla/5.0 (Windows NT 6.1; Win64; x64) AppleWebKit/537.36 (KHTML, like Gecko) Chrome/71.0.3578.98 Safari/537.36','YTo3OntzOjk6Il9wcmV2aW91cyI7YToxOntzOjM6InVybCI7czo2NzoiaHR0cDovL2Vjb21tZXJjZTQvZS1sZWFybmluZy9hZG1pbi9leGFtX3NjaGVkdWxlX2lkLzE2L2V4YW1fZGV0YWlscyI7fXM6NjoiX2ZsYXNoIjthOjI6e3M6Mzoib2xkIjthOjA6e31zOjM6Im5ldyI7YTowOnt9fXM6NjoiX3Rva2VuIjtzOjQwOiJwMXlLbWQyR3VHUmpsWmVVZVp3em1zeEVkaXFyeEZZMW5qaEp3SXQ5IjtzOjExOiJlbXBsb3llZV9pZCI7czo0OiIxMjU3IjtzOjExOiJlbXBsb3llZV9ubyI7czo2OiIxODA3MDQiO3M6OToiZnVsbF9uYW1lIjtzOjI1OiJQcmluY2UgSXZhbiBLZW50IFRpYnVyY2lvIjtzOjc6InNlY3Rpb24iO3M6MjoiMTgiO30=',1548125005),
('91iZzHWQT5syEEcVNuUcBPnXEDLSZkhekcra1xJS',NULL,'124.106.220.58','Mozilla/5.0 (Windows NT 10.0; Win64; x64; rv:67.0) Gecko/20100101 Firefox/67.0','YTozOntzOjY6Il90b2tlbiI7czo0MDoiNzZodmtZdjZjUGl3YzJYa2dYRzB3U3plRTFpR29FZGtFSjhPTVN0TCI7czo2OiJfZmxhc2giO2E6Mjp7czozOiJvbGQiO2E6MDp7fXM6MzoibmV3IjthOjA6e319czo5OiJfcHJldmlvdXMiO2E6MTp7czozOiJ1cmwiO3M6NDk6Imh0dHA6Ly9pZGguaXN1enVwaGlsLmNvbS9lLWxlYXJuaW5nL2FkbWluL21vZHVsZXMiO319',1559788909),
('9eQQQBeZb7rTS9emcpjoBO3MFZPGNAEyIssuA4G3',NULL,'172.16.2.115','Mozilla/5.0 (Windows NT 6.1; Win64; x64) AppleWebKit/537.36 (KHTML, like Gecko) Chrome/74.0.3729.169 Safari/537.36','YTo3OntzOjk6Il9wcmV2aW91cyI7YToxOntzOjM6InVybCI7czo3MToiaHR0cDovL2Vjb21tZXJjZTQvZS1sZWFybmluZy9hZG1pbi9yZXN1bHRzL2V4YW1fc2NoZWR1bGVzLzE5L2RlYWxlcnMvMTgiO31zOjY6Il9mbGFzaCI7YToyOntzOjM6Im9sZCI7YTowOnt9czozOiJuZXciO2E6MDp7fX1zOjY6Il90b2tlbiI7czo0MDoiNktYMGRCZWxzeTJnNk8xWHZ0Rkp5QWFpZE9LUWNVY0lYeE1uRE1XdyI7czoxMToiZW1wbG95ZWVfaWQiO3M6NDoiMTI1NyI7czoxMToiZW1wbG95ZWVfbm8iO3M6NjoiMTgwNzA0IjtzOjk6ImZ1bGxfbmFtZSI7czoyNToiUHJpbmNlIEl2YW4gS2VudCBUaWJ1cmNpbyI7czo3OiJzZWN0aW9uIjtzOjI6IjE4Ijt9',1560123609),
('9tLCcNxoCDlDMEuojtJAtZAKT6hGr9TQiBqS0LvB',NULL,'119.92.194.222','Mozilla/5.0 (Windows NT 10.0; Win64; x64; rv:67.0) Gecko/20100101 Firefox/67.0','YTo0OntzOjY6Il90b2tlbiI7czo0MDoiazFLUWM1dmRWV3o2TGVhZ3RhbExDZG9uUjljU016NnJ0WEQ0SmZ1TCI7czozOiJ1cmwiO2E6MTp7czo4OiJpbnRlbmRlZCI7czo1MToiaHR0cDovL2lkaC5pc3V6dXBoaWwuY29tL2UtbGVhcm5pbmcvdHJhaW5vci9tb2R1bGVzIjt9czo5OiJfcHJldmlvdXMiO2E6MTp7czozOiJ1cmwiO3M6NDE6Imh0dHA6Ly9pZGguaXN1enVwaGlsLmNvbS9lLWxlYXJuaW5nL2xvZ2luIjt9czo2OiJfZmxhc2giO2E6Mjp7czozOiJvbGQiO2E6MDp7fXM6MzoibmV3IjthOjA6e319fQ==',1559809237),
('a93KKfJoVPz0vyMyxbv4siDZzjQbG96ybps7Lszs',NULL,'124.106.220.58','Mozilla/5.0 (Windows NT 10.0; Win64; x64; rv:67.0) Gecko/20100101 Firefox/67.0','YTozOntzOjY6Il90b2tlbiI7czo0MDoiQXY4d1pCbDltbDNRakpBc3R5UWlHeVhwVkhPRnQ5ZGNtZXZ2dlVyMSI7czo5OiJfcHJldmlvdXMiO2E6MTp7czozOiJ1cmwiO3M6NDE6Imh0dHA6Ly9pZGguaXN1enVwaGlsLmNvbS9lLWxlYXJuaW5nL2xvZ2luIjt9czo2OiJfZmxhc2giO2E6Mjp7czozOiJvbGQiO2E6MDp7fXM6MzoibmV3IjthOjA6e319fQ==',1559803756),
('aN4opTYbRzZSJXKU22RKDDRSXBwjEgP9JrWkyITy',NULL,'119.92.194.222','Mozilla/5.0 (Windows NT 6.1; Win64; x64; rv:67.0) Gecko/20100101 Firefox/67.0','YTozOntzOjk6Il9wcmV2aW91cyI7YToxOntzOjM6InVybCI7czo0MToiaHR0cDovL2lkaC5pc3V6dXBoaWwuY29tL2UtbGVhcm5pbmcvbG9naW4iO31zOjY6Il9mbGFzaCI7YToyOntzOjM6Im9sZCI7YTowOnt9czozOiJuZXciO2E6MDp7fX1zOjY6Il90b2tlbiI7czo0MDoiT0ZTb1oyZURhN2ZIMVkwZzFMajRLVWd3Z3g3aUxMVlA1cEJUM0FtZiI7fQ==',1559788731),
('ausjrecu28TabJ5BhJOJXFimwu1SVCsOOFQyErqc',NULL,'172.16.1.155','Mozilla/5.0 (Windows NT 6.1; Win64; x64; rv:62.0) Gecko/20100101 Firefox/62.0','YTozOntzOjY6Il90b2tlbiI7czo0MDoiYUtlc3NUdzRjdm5HZmxQcHVuTDZFbjRWNlJiRFpOY0tZcHFMSDZJTSI7czo5OiJfcHJldmlvdXMiO2E6MTp7czozOiJ1cmwiO3M6NDE6Imh0dHA6Ly9pZGguaXN1enVwaGlsLmNvbS9lLWxlYXJuaW5nL2xvZ2luIjt9czo2OiJfZmxhc2giO2E6Mjp7czozOiJvbGQiO2E6MDp7fXM6MzoibmV3IjthOjA6e319fQ==',1548123314),
('BhAPVi00libZVMBRqYJwgQ5FdkZB7h2mwNrNGZwi',NULL,'172.16.2.115','Mozilla/5.0 (Windows NT 6.1; Win64; x64) AppleWebKit/537.36 (KHTML, like Gecko) Chrome/74.0.3729.131 Safari/537.36','YTo3OntzOjk6Il9wcmV2aW91cyI7YToxOntzOjM6InVybCI7czozNDoiaHR0cDovL2Vjb21tZXJjZTQvZS1sZWFybmluZy9sb2dpbiI7fXM6NjoiX2ZsYXNoIjthOjI6e3M6Mzoib2xkIjthOjA6e31zOjM6Im5ldyI7YTowOnt9fXM6NjoiX3Rva2VuIjtzOjQwOiJQQ3lkRUJ5a0J4anFzYVI0bGRQbEFEanh5ZHJMeGZrRzBLY3hBbVlzIjtzOjExOiJlbXBsb3llZV9pZCI7czo0OiIxMjU3IjtzOjExOiJlbXBsb3llZV9ubyI7czo2OiIxODA3MDQiO3M6OToiZnVsbF9uYW1lIjtzOjI1OiJQcmluY2UgSXZhbiBLZW50IFRpYnVyY2lvIjtzOjc6InNlY3Rpb24iO3M6MjoiMTgiO30=',1556846555),
('c8J3h0iE8xAeVDoP6SSLCu7IlMcB8AjZmNmldpvW',111,'172.16.2.115','Mozilla/5.0 (Windows NT 6.1; Win64; x64) AppleWebKit/537.36 (KHTML, like Gecko) Chrome/74.0.3729.169 Safari/537.36','YTo0OntzOjY6Il9mbGFzaCI7YToyOntzOjM6Im9sZCI7YTowOnt9czozOiJuZXciO2E6MDp7fX1zOjY6Il90b2tlbiI7czo0MDoibUdTRnQwanp3Mklnc3daNVRJRG1uYW16S2pTNXJYTVBtV05kNGpUZSI7czo5OiJfcHJldmlvdXMiO2E6MTp7czozOiJ1cmwiO3M6NjI6Imh0dHA6Ly9lY29tbWVyY2U0L2UtbGVhcm5pbmcvdHJhaW5vci90cmFpbmVlX3Jlc3VsdHMvZ2V0LzE5LzIwIjt9czo1MDoibG9naW5fd2ViXzU5YmEzNmFkZGMyYjJmOTQwMTU4MGYwMTRjN2Y1OGVhNGUzMDk4OWQiO2k6MTExO30=',1559812243),
('CiHClbtEDR36A6YR6jaDq9FNQ1Q3k6mgfyYelbIM',NULL,'172.16.2.57','Mozilla/5.0 (Windows NT 6.1; Win64; x64) AppleWebKit/537.36 (KHTML, like Gecko) Chrome/71.0.3578.98 Safari/537.36','YTo3OntzOjk6Il9wcmV2aW91cyI7YToxOntzOjM6InVybCI7czozNzoiaHR0cDovL2Vjb21tZXJjZTQvZS1sZWFybmluZy9pcGNfaG9tZSI7fXM6NjoiX2ZsYXNoIjthOjI6e3M6Mzoib2xkIjthOjA6e31zOjM6Im5ldyI7YTowOnt9fXM6NjoiX3Rva2VuIjtzOjQwOiJjOTJFTTJTUHlDZTdJMWQwdTZBd1J3VmNSUlUxUmhSRGN5ZTN1dXlnIjtzOjExOiJlbXBsb3llZV9pZCI7czo0OiIxMjU3IjtzOjExOiJlbXBsb3llZV9ubyI7czo2OiIxODA3MDQiO3M6OToiZnVsbF9uYW1lIjtzOjI1OiJQcmluY2UgSXZhbiBLZW50IFRpYnVyY2lvIjtzOjc6InNlY3Rpb24iO3M6MjoiMTgiO30=',1548214078),
('DGFydzToSziqcrNUEnSKFdX5rD3F2c8OSuRTGYwk',NULL,'124.106.220.58','Mozilla/5.0 (Windows NT 10.0; Win64; x64; rv:66.0) Gecko/20100101 Firefox/66.0','YTo3OntzOjY6Il90b2tlbiI7czo0MDoiWnJKSjFOa0tnc1VaNnpLazFvdmlqMkVXWEp6ckxqcTFvY1pibEp1biI7czoxMToiZW1wbG95ZWVfaWQiO3M6MzoiNjM5IjtzOjExOiJlbXBsb3llZV9ubyI7czo2OiIxNjAxMDQiO3M6OToiZnVsbF9uYW1lIjtzOjE0OiJDYXJsIEVkc29uIExhdCI7czo3OiJzZWN0aW9uIjtzOjI6IjcyIjtzOjk6Il9wcmV2aW91cyI7YToxOntzOjM6InVybCI7czo1OToiaHR0cDovL2lkaC5pc3V6dXBoaWwuY29tL2UtbGVhcm5pbmcvYWRtaW4vdHJhaW5lZV9kZXRhaWxzLzEiO31zOjY6Il9mbGFzaCI7YToyOntzOjM6Im9sZCI7YTowOnt9czozOiJuZXciO2E6MDp7fX19',1554961402),
('dQ7sj94YB1GCqQXxEAp8sPVDcoHV8yjneEt9RaMX',NULL,'172.16.1.155','Mozilla/5.0 (Windows NT 10.0; Win64; x64; rv:64.0) Gecko/20100101 Firefox/64.0','YTozOntzOjY6Il9mbGFzaCI7YToyOntzOjM6Im9sZCI7YTowOnt9czozOiJuZXciO2E6MDp7fX1zOjY6Il90b2tlbiI7czo0MDoiSkZrVUtIVUl4R1NRWk96VGpreGFEcnQwRGRabWQ2U2RzdTRyWHIzQiI7czo5OiJfcHJldmlvdXMiO2E6MTp7czozOiJ1cmwiO3M6NDE6Imh0dHA6Ly9pZGguaXN1enVwaGlsLmNvbS9lLWxlYXJuaW5nL2xvZ2luIjt9fQ==',1548139384),
('drw7hyEU9S391sID0IDcgS65jxHy4M5LBOGiOXvD',NULL,'172.16.6.46','Mozilla/5.0 (Windows NT 10.0; Win64; x64) AppleWebKit/537.36 (KHTML, like Gecko) Chrome/64.0.3282.140 Safari/537.36 Edge/17.17134','YTo3OntzOjY6Il90b2tlbiI7czo0MDoiRDVrbzROUVd6T0FzWUV6VWJxQklNYkFkQXBlVlRncVFES2E3ZEY5WSI7czoxMToiZW1wbG95ZWVfaWQiO3M6MzoiNjM5IjtzOjExOiJlbXBsb3llZV9ubyI7czo2OiIxNjAxMDQiO3M6OToiZnVsbF9uYW1lIjtzOjE0OiJDYXJsIEVkc29uIExhdCI7czo3OiJzZWN0aW9uIjtzOjI6IjcyIjtzOjk6Il9wcmV2aW91cyI7YToxOntzOjM6InVybCI7czozNDoiaHR0cDovL2Vjb21tZXJjZTQvZS1sZWFybmluZy9hZG1pbiI7fXM6NjoiX2ZsYXNoIjthOjI6e3M6Mzoib2xkIjthOjA6e31zOjM6Im5ldyI7YTowOnt9fX0=',1556756147),
('DY5g4XRqSeogdtkjbjrzAb0k9wuf32mS3eoFv6OW',NULL,'172.16.2.57','Mozilla/5.0 (Windows NT 6.1; Win64; x64) AppleWebKit/537.36 (KHTML, like Gecko) Chrome/71.0.3578.98 Safari/537.36','YTo3OntzOjY6Il90b2tlbiI7czo0MDoicU5LUWo4ck9xYkRkRGFMQ3kzZ21ZQUt5U2JIRDFLRGQ2S1pNbG55OCI7czoxMToiZW1wbG95ZWVfaWQiO3M6NDoiMTI1NyI7czoxMToiZW1wbG95ZWVfbm8iO3M6NjoiMTgwNzA0IjtzOjk6ImZ1bGxfbmFtZSI7czoyNToiUHJpbmNlIEl2YW4gS2VudCBUaWJ1cmNpbyI7czo3OiJzZWN0aW9uIjtzOjI6IjE4IjtzOjk6Il9wcmV2aW91cyI7YToxOntzOjM6InVybCI7czozNzoiaHR0cDovL2Vjb21tZXJjZTQvZS1sZWFybmluZy9pcGNfaG9tZSI7fXM6NjoiX2ZsYXNoIjthOjI6e3M6Mzoib2xkIjthOjA6e31zOjM6Im5ldyI7YTowOnt9fX0=',1548146386),
('eDECjkmoHjgyvfZ2ZDZR7UQ1k7XCNsFu1dr4YjN9',NULL,'172.16.1.155','Mozilla/5.0 (Windows NT 10.0; Win64; x64; rv:64.0) Gecko/20100101 Firefox/64.0','YTo3OntzOjY6Il90b2tlbiI7czo0MDoiQmU5cFZsU01CQ3pEOUFCaFNVZktUWTZhazJicThPZ1BlY3Rkdk5CMiI7czo2OiJfZmxhc2giO2E6Mjp7czozOiJvbGQiO2E6MDp7fXM6MzoibmV3IjthOjA6e319czo5OiJfcHJldmlvdXMiO2E6MTp7czozOiJ1cmwiO3M6ODg6Imh0dHA6Ly9pZGguaXN1enVwaGlsLmNvbS9lLWxlYXJuaW5nL2FkbWluL3Jlc3VsdHMvZXhhbV9zY2hlZHVsZXMvMTUvZGVhbGVycy8xL3RyYWluZWVzLzMiO31zOjExOiJlbXBsb3llZV9pZCI7czozOiI2MzkiO3M6MTE6ImVtcGxveWVlX25vIjtzOjY6IjE2MDEwNCI7czo5OiJmdWxsX25hbWUiO3M6MTQ6IkNhcmwgRWRzb24gTGF0IjtzOjc6InNlY3Rpb24iO3M6MjoiNzIiO30=',1548401047),
('G4dJWoNbz02BYr35q3XIF8J6Zoe8u3Jj96WSHRCj',NULL,'172.16.213.58','Mozilla/5.0 (Windows NT 10.0; Win64; x64; rv:60.0) Gecko/20100101 Firefox/60.0','YTozOntzOjY6Il90b2tlbiI7czo0MDoiQTVqNVQ4WkcxbWRhNU42ckRlMlNwUHpnNUJDczYyWWRLMGlOOUs5ciI7czo5OiJfcHJldmlvdXMiO2E6MTp7czozOiJ1cmwiO3M6MTEyOiJodHRwOi8vZWNvbW1lcmNlNC9lLWxlYXJuaW5nL2FkbWluL2xvZ2luL01URXhNZyUzRCUzRC9NVGN3TmpBMi9UV0Z5YVdOeWFYTWdSMjlqYnclM0QlM0QvUjJWdVpYSmhiQ0JCWTJOdmRXNTBhVzVuIjt9czo2OiJfZmxhc2giO2E6Mjp7czozOiJvbGQiO2E6MDp7fXM6MzoibmV3IjthOjA6e319fQ==',1559808819),
('GTjNQp9XMUfue7IFG7T7YIupcIAXr3U0cNE08Nkv',NULL,'124.106.220.58','Mozilla/5.0 (Windows NT 10.0; Win64; x64; rv:67.0) Gecko/20100101 Firefox/67.0','YTozOntzOjY6Il9mbGFzaCI7YToyOntzOjM6Im9sZCI7YTowOnt9czozOiJuZXciO2E6MDp7fX1zOjY6Il90b2tlbiI7czo0MDoiVUQ2NHRXcnRUZjU1RDZja202MkdhaGwxYlhnR1pWR29xVTljZEhLdyI7czo5OiJfcHJldmlvdXMiO2E6MTp7czozOiJ1cmwiO3M6NDE6Imh0dHA6Ly9pZGguaXN1enVwaGlsLmNvbS9lLWxlYXJuaW5nL2xvZ2luIjt9fQ==',1559791456),
('HjUp7dnUKdmtRjG98vS7hRrjbvUzN6AZ63qyAGMU',NULL,'172.16.2.115','Mozilla/5.0 (Windows NT 6.1; Win64; x64) AppleWebKit/537.36 (KHTML, like Gecko) Chrome/73.0.3683.103 Safari/537.36','YToyOntzOjk6Il9wcmV2aW91cyI7YToxOntzOjM6InVybCI7czo0MjoiaHR0cDovL2Vjb21tZXJjZTQvZS1sZWFybmluZy9mbHVzaF9zZXNzaW9uIjt9czo2OiJfZmxhc2giO2E6Mjp7czozOiJvbGQiO2E6MDp7fXM6MzoibmV3IjthOjA6e319fQ==',1556522283),
('ikRtiH4LANC1Afvkdla5CyKM2rYEroK5faHvcvxX',NULL,'119.92.194.222','Mozilla/5.0 (Windows NT 6.1; rv:66.0) Gecko/20100101 Firefox/66.0','YTozOntzOjY6Il90b2tlbiI7czo0MDoiYTZ2bnFkUkR5dklmUVRTSU9OcElxZWY1MTdYRWJlWW9RSTM2d0FIZyI7czo5OiJfcHJldmlvdXMiO2E6MTp7czozOiJ1cmwiO3M6OTE6Imh0dHA6Ly9pZGguaXN1enVwaGlsLmNvbS9lLWxlYXJuaW5nL2FkbWluL2xvZ2luL05EWXgvTVRNd09EQTAvUkdWNGRHVnlJRkpsWjJsdWFXOCUzRC9OamMlM0QiO31zOjY6Il9mbGFzaCI7YToyOntzOjM6Im9sZCI7YTowOnt9czozOiJuZXciO2E6MDp7fX19',1554703295),
('j5cPB5b9KG3yt5npPjeN2rfwjIlEWaQwtElaGNDx',NULL,'124.106.220.58','Mozilla/5.0 (Windows NT 10.0; Win64; x64; rv:67.0) Gecko/20100101 Firefox/67.0','YTozOntzOjY6Il90b2tlbiI7czo0MDoieHpEazRrM1NqYWczdlBpcDl1Vk5nSE9PUnpkcVRMbWtXMndLbGVhcyI7czo5OiJfcHJldmlvdXMiO2E6MTp7czozOiJ1cmwiO3M6NDE6Imh0dHA6Ly9pZGguaXN1enVwaGlsLmNvbS9lLWxlYXJuaW5nL2xvZ2luIjt9czo2OiJfZmxhc2giO2E6Mjp7czozOiJvbGQiO2E6MDp7fXM6MzoibmV3IjthOjA6e319fQ==',1559023876),
('JIysXA6juv7EDZcTtDpb90LFH090Bcob6upxN73W',NULL,'119.92.194.222','Mozilla/5.0 (Windows NT 10.0; Win64; x64; rv:67.0) Gecko/20100101 Firefox/67.0','YTo3OntzOjY6Il90b2tlbiI7czo0MDoiVE1UWTdoOWh4UHZ2WWs3ZUhhcnhuaUd4aFB3cDRWN0JObzlaZDdvRCI7czo2OiJfZmxhc2giO2E6Mjp7czozOiJvbGQiO2E6MDp7fXM6MzoibmV3IjthOjA6e319czo5OiJfcHJldmlvdXMiO2E6MTp7czozOiJ1cmwiO3M6NjM6Imh0dHA6Ly9pZGguaXN1enVwaGlsLmNvbS9lLWxlYXJuaW5nL2FkbWluL2NvbnRyb2xzL2FjdGl2ZV91c2VycyI7fXM6MTE6ImVtcGxveWVlX2lkIjtzOjM6IjYzOSI7czoxMToiZW1wbG95ZWVfbm8iO3M6NjoiMTYwMTA0IjtzOjk6ImZ1bGxfbmFtZSI7czoxNDoiQ2FybCBFZHNvbiBMYXQiO3M6Nzoic2VjdGlvbiI7czoyOiI3MiI7fQ==',1559894119),
('K3r2u8fXfpPLgUeoKHC88e85XhM950kGqUfmk7K2',NULL,'172.16.6.62','Mozilla/5.0 (Windows NT 10.0; Win64; x64) AppleWebKit/537.36 (KHTML, like Gecko) Chrome/64.0.3282.140 Safari/537.36 Edge/17.17134','YTo3OntzOjY6Il90b2tlbiI7czo0MDoiUThqRmtHTm9CUUpkdjYzNjdrQ1hwVjlGMWhVeFNsUkdBRlJXTUdYZCI7czoxMToiZW1wbG95ZWVfaWQiO3M6MzoiNjM5IjtzOjExOiJlbXBsb3llZV9ubyI7czo2OiIxNjAxMDQiO3M6OToiZnVsbF9uYW1lIjtzOjE0OiJDYXJsIEVkc29uIExhdCI7czo3OiJzZWN0aW9uIjtzOjI6IjcyIjtzOjk6Il9wcmV2aW91cyI7YToxOntzOjM6InVybCI7czo1MjoiaHR0cDovL2Vjb21tZXJjZTQvZS1sZWFybmluZy9hZG1pbi90cmFpbmVlX2RldGFpbHMvMSI7fXM6NjoiX2ZsYXNoIjthOjI6e3M6Mzoib2xkIjthOjA6e31zOjM6Im5ldyI7YTowOnt9fX0=',1556614823),
('LTN7oJU5YyCa9DBpbOkL7kmYcblysFC85NVIPl8H',NULL,'119.92.194.222','Mozilla/4.0 (compatible; MSIE 7.0; Windows NT 6.1; WOW64; Trident/7.0; SLCC2; .NET CLR 2.0.50727; .NET CLR 3.5.30729; .NET CLR 3.0.30729; .NET4.0C; .NET4.0E; Media Center PC 6.0; InfoPath.3; ms-office)','YTozOntzOjY6Il90b2tlbiI7czo0MDoieHVraGFWaU9QNnREbUdkOVFDVjNLQ0xwWG5mSUpiRW5DbnJBSVRBeCI7czo5OiJfcHJldmlvdXMiO2E6MTp7czozOiJ1cmwiO3M6NDE6Imh0dHA6Ly9pZGguaXN1enVwaGlsLmNvbS9lLWxlYXJuaW5nL2xvZ2luIjt9czo2OiJfZmxhc2giO2E6Mjp7czozOiJvbGQiO2E6MDp7fXM6MzoibmV3IjthOjA6e319fQ==',1559788783),
('lYGjut9v34SnB67vWBHKVBmYT5vd8MEVFZXPVUnZ',NULL,'124.106.220.58','Mozilla/5.0 (Windows NT 6.1; Win64; x64; rv:65.0) Gecko/20100101 Firefox/65.0','YTozOntzOjY6Il90b2tlbiI7czo0MDoick12bW0zaXNiaVpwSXhZcEdqamdIeGtxZnY4Ukw5SzBMcTV4VVhrUyI7czo5OiJfcHJldmlvdXMiO2E6MTp7czozOiJ1cmwiO3M6OTM6Imh0dHA6Ly9pZGguaXN1enVwaGlsLmNvbS9lLWxlYXJuaW5nL2FkbWluL2xvZ2luL05qazUvTVRZd05EQTIvU205b1lXNXVJRUpsYkd4bGJnJTNEJTNEL09URSUzRCI7fXM6NjoiX2ZsYXNoIjthOjI6e3M6Mzoib2xkIjthOjA6e31zOjM6Im5ldyI7YTowOnt9fX0=',1552366524),
('mHNZlGF5ClAuuixoK7cFUaFrKufaGVRYOnnVgsRH',NULL,'119.92.194.222','Mozilla/5.0 (Windows NT 6.1; Win64; x64; rv:67.0) Gecko/20100101 Firefox/67.0','YTozOntzOjk6Il9wcmV2aW91cyI7YToxOntzOjM6InVybCI7czo0MToiaHR0cDovL2lkaC5pc3V6dXBoaWwuY29tL2UtbGVhcm5pbmcvbG9naW4iO31zOjY6Il9mbGFzaCI7YToyOntzOjM6Im9sZCI7YTowOnt9czozOiJuZXciO2E6MDp7fX1zOjY6Il90b2tlbiI7czo0MDoiZVJjZFh2UFBOOEQ2NjFvQlpUR1lSOXQzWjlZaXJyQzhmREtPMGRTZSI7fQ==',1559788800),
('MoGCVK3M7X5jtVa12qXhmsYntZnuyfZwhRXS31vZ',NULL,'172.16.2.115','Mozilla/5.0 (Windows NT 6.1; Win64; x64) AppleWebKit/537.36 (KHTML, like Gecko) Chrome/74.0.3729.131 Safari/537.36','YToyOntzOjk6Il9wcmV2aW91cyI7YToxOntzOjM6InVybCI7czo0MjoiaHR0cDovL2Vjb21tZXJjZTQvZS1sZWFybmluZy9mbHVzaF9zZXNzaW9uIjt9czo2OiJfZmxhc2giO2E6Mjp7czozOiJvbGQiO2E6MDp7fXM6MzoibmV3IjthOjA6e319fQ==',1556847328),
('mUolZ87j1aGuATB2XIAAyZeGWNzl6xBDacHCluL1',NULL,'172.16.1.155','Mozilla/5.0 (Windows NT 10.0; Win64; x64; rv:64.0) Gecko/20100101 Firefox/64.0','YTo3OntzOjY6Il90b2tlbiI7czo0MDoiSWdhNFZMWUJycTJpeGR4SnNSeTJJWTZUd2VNWlQyd2lVVG0yT3gwNiI7czoxMToiZW1wbG95ZWVfaWQiO3M6MzoiNjM5IjtzOjExOiJlbXBsb3llZV9ubyI7czo2OiIxNjAxMDQiO3M6OToiZnVsbF9uYW1lIjtzOjE0OiJDYXJsIEVkc29uIExhdCI7czo3OiJzZWN0aW9uIjtzOjI6IjcyIjtzOjk6Il9wcmV2aW91cyI7YToxOntzOjM6InVybCI7czo3NToiaHR0cDovL2lkaC5pc3V6dXBoaWwuY29tL2UtbGVhcm5pbmcvYWRtaW4vcmVzdWx0cy9leGFtX3NjaGVkdWxlcy8xNS9kZWFsZXJzIjt9czo2OiJfZmxhc2giO2E6Mjp7czozOiJvbGQiO2E6MDp7fXM6MzoibmV3IjthOjA6e319fQ==',1548142172),
('Nn91GWWqC657EvoJlPW5iewUYdUidAgKP58lQx5B',NULL,'172.16.6.81','Mozilla/5.0 (Windows NT 6.1; Win64; x64; rv:66.0) Gecko/20100101 Firefox/66.0','YTo3OntzOjk6Il9wcmV2aW91cyI7YToxOntzOjM6InVybCI7czo0MjoiaHR0cDovL2Vjb21tZXJjZTQvZS1sZWFybmluZy9hZG1pbi9tb2R1bGVzIjt9czo2OiJfZmxhc2giO2E6Mjp7czozOiJvbGQiO2E6MDp7fXM6MzoibmV3IjthOjA6e319czo2OiJfdG9rZW4iO3M6NDA6IjE0VXZtdlhGcVlqQ2N1d01HaExDVWczdmhoOHBYY3JKWUhQWGF1d2oiO3M6MTE6ImVtcGxveWVlX2lkIjtzOjM6IjQyNyI7czoxMToiZW1wbG95ZWVfbm8iO3M6NjoiMDgwMjAyIjtzOjk6ImZ1bGxfbmFtZSI7czoxNjoiTmFwb2xlb24gTWFycXVleiI7czo3OiJzZWN0aW9uIjtzOjI6IjcyIjt9',1554191949),
('Ocg7fLMNDqCqiAgf8BuEret0h11EaRjaua80NKk9',NULL,'119.92.194.222','Mozilla/5.0 (Windows NT 6.1; Win64; x64; rv:67.0) Gecko/20100101 Firefox/67.0','YTozOntzOjY6Il90b2tlbiI7czo0MDoicFVvdVJud3llQXBoUnc3ZU1PZEdLQ0R3elRndUV2MFRtTDhKZGFRciI7czo5OiJfcHJldmlvdXMiO2E6MTp7czozOiJ1cmwiO3M6OTc6Imh0dHA6Ly9pZGguaXN1enVwaGlsLmNvbS9lLWxlYXJuaW5nL2FkbWluL2xvZ2luL05EUTMvTVRJd056QXgvU204dFFXNXVJRTFoWW1sdVoyNWhlUSUzRCUzRC9OekUlM0QiO31zOjY6Il9mbGFzaCI7YToyOntzOjM6Im9sZCI7YTowOnt9czozOiJuZXciO2E6MDp7fX19',1559811779),
('OE4PTbCTTAlghgGfvB6SWTjuOkK3qfbJy6WQsP1M',NULL,'124.106.220.58','Mozilla/5.0 (Windows NT 10.0; Win64; x64; rv:65.0) Gecko/20100101 Firefox/65.0','YTo3OntzOjY6Il90b2tlbiI7czo0MDoiR0QyYlc2bTdwUzBwUVl4Q1BlYjhLQlBjT3hoSVM0bTF5dXd2SnkxbCI7czoxMToiZW1wbG95ZWVfaWQiO3M6MzoiNjM5IjtzOjExOiJlbXBsb3llZV9ubyI7czo2OiIxNjAxMDQiO3M6OToiZnVsbF9uYW1lIjtzOjE0OiJDYXJsIEVkc29uIExhdCI7czo3OiJzZWN0aW9uIjtzOjI6IjcyIjtzOjk6Il9wcmV2aW91cyI7YToxOntzOjM6InVybCI7czo2MzoiaHR0cDovL2lkaC5pc3V6dXBoaWwuY29tL2UtbGVhcm5pbmcvYWRtaW4vZXhhbV9zY2hlZHVsZXMvY3JlYXRlIjt9czo2OiJfZmxhc2giO2E6Mjp7czozOiJvbGQiO2E6MDp7fXM6MzoibmV3IjthOjA6e319fQ==',1551829160),
('PvCeQstEs0enzcF7XtAwwykseIgcnjUmwrBwT9RL',NULL,'172.16.2.52','Mozilla/5.0 (Windows NT 6.1; Win64; x64) AppleWebKit/537.36 (KHTML, like Gecko) Chrome/71.0.3578.98 Safari/537.36','YToyOntzOjk6Il9wcmV2aW91cyI7YToxOntzOjM6InVybCI7czo0MjoiaHR0cDovL2Vjb21tZXJjZTQvZS1sZWFybmluZy9mbHVzaF9zZXNzaW9uIjt9czo2OiJfZmxhc2giO2E6Mjp7czozOiJvbGQiO2E6MDp7fXM6MzoibmV3IjthOjA6e319fQ==',1549272486),
('PYg7oUKktYZIbU2zwMgZNvCrodOPDJnyg9VZ11nr',NULL,'172.16.1.155','Mozilla/5.0 (Windows NT 10.0; Win64; x64; rv:64.0) Gecko/20100101 Firefox/64.0','YTozOntzOjY6Il9mbGFzaCI7YToyOntzOjM6Im9sZCI7YTowOnt9czozOiJuZXciO2E6MDp7fX1zOjY6Il90b2tlbiI7czo0MDoiT3lncXBmUEEySW5MMWNPRE5acVNoMGkzNHNEbEZXNnZtcEtNbjhhRyI7czo5OiJfcHJldmlvdXMiO2E6MTp7czozOiJ1cmwiO3M6NDE6Imh0dHA6Ly9pZGguaXN1enVwaGlsLmNvbS9lLWxlYXJuaW5nL2xvZ2luIjt9fQ==',1548204617),
('PymipUCkV7iKvUG3iapXgq17qmBB6WPPyrQSNeI4',NULL,'119.92.194.222','Mozilla/5.0 (Windows NT 10.0; Win64; x64; rv:67.0) Gecko/20100101 Firefox/67.0','YTo3OntzOjY6Il90b2tlbiI7czo0MDoiMUZpSlN3djJja3d5QjhFSU8xV0FmTWY5ZnFhTDBqVldZRnZSTHB2YiI7czo2OiJfZmxhc2giO2E6Mjp7czozOiJvbGQiO2E6MDp7fXM6MzoibmV3IjthOjA6e319czo5OiJfcHJldmlvdXMiO2E6MTp7czozOiJ1cmwiO3M6Nzg6Imh0dHA6Ly9pZGguaXN1enVwaGlsLmNvbS9lLWxlYXJuaW5nL2FkbWluL3Jlc3VsdHMvZXhhbV9zY2hlZHVsZXMvMTkvZGVhbGVycy8xOCI7fXM6MTE6ImVtcGxveWVlX2lkIjtzOjM6IjYzOSI7czoxMToiZW1wbG95ZWVfbm8iO3M6NjoiMTYwMTA0IjtzOjk6ImZ1bGxfbmFtZSI7czoxNDoiQ2FybCBFZHNvbiBMYXQiO3M6Nzoic2VjdGlvbiI7czoyOiI3MiI7fQ==',1559808083),
('qNvKH2M2xQvDcYz1nQmErTlddqlRrBNeGVpSVOVy',NULL,'124.106.220.58','Mozilla/5.0 (Windows NT 6.1; Win64; x64; rv:65.0) Gecko/20100101 Firefox/65.0','YTozOntzOjY6Il90b2tlbiI7czo0MDoicmljblRMRHRCamRqNzNzanBIaURFRE1zYThUWGhRMkV4dkdrQ0MxYiI7czo5OiJfcHJldmlvdXMiO2E6MTp7czozOiJ1cmwiO3M6MTA5OiJodHRwOi8vaWRoLmlzdXp1cGhpbC5jb20vZS1sZWFybmluZy9hZG1pbi9sb2dpbi9Oekl3L01UWXdOVEEzL1FXNW5aV3hoSUVOaGJXbHNiR1VnVW1sallXWnlaVzUwWlElM0QlM0QvTnpFJTNEIjt9czo2OiJfZmxhc2giO2E6Mjp7czozOiJvbGQiO2E6MDp7fXM6MzoibmV3IjthOjA6e319fQ==',1550805475),
('qzWcCKQjHK7IuSqnVjzBj3epkpZpwpG1qJYUrPNJ',NULL,'172.16.2.161','Mozilla/5.0 (Windows NT 6.1; Win64; x64; rv:67.0) Gecko/20100101 Firefox/67.0','YTozOntzOjY6Il90b2tlbiI7czo0MDoiSHdkd29MaTdFMWdhQ3N1SkhDbTRzSUZXOWRXdUJtVGFGSEpzbHRNRyI7czo5OiJfcHJldmlvdXMiO2E6MTp7czozOiJ1cmwiO3M6ODY6Imh0dHA6Ly9lY29tbWVyY2U0L2UtbGVhcm5pbmcvYWRtaW4vbG9naW4vTlRFeS9NVFV3TkRFNS9UV0Z5Ykc4Z1JXNXlhV052SUV4bGNtbDAvTVRnJTNEIjt9czo2OiJfZmxhc2giO2E6Mjp7czozOiJvbGQiO2E6MDp7fXM6MzoibmV3IjthOjA6e319fQ==',1556263098),
('rLPQSVlornCCPNuW6V7gOvBZ9LGaL6SH5XZSBU0l',NULL,'119.92.194.222','Mozilla/5.0 (Windows NT 6.1; Win64; x64; rv:63.0) Gecko/20100101 Firefox/63.0','YTozOntzOjY6Il90b2tlbiI7czo0MDoiRkJMekU4amtld3JZemtYSXh3WXlSc1M0bWg2bzl3aGV1VFZKMHE5RSI7czo5OiJfcHJldmlvdXMiO2E6MTp7czozOiJ1cmwiO3M6NDE6Imh0dHA6Ly9pZGguaXN1enVwaGlsLmNvbS9lLWxlYXJuaW5nL2xvZ2luIjt9czo2OiJfZmxhc2giO2E6Mjp7czozOiJvbGQiO2E6MDp7fXM6MzoibmV3IjthOjA6e319fQ==',1559803674),
('SoKoVKL5kFoJKvBBC9Eth5zmjko7h6J6BIEHBPZl',NULL,'172.16.6.81','Mozilla/5.0 (Windows NT 6.1; Win64; x64; rv:65.0) Gecko/20100101 Firefox/65.0','YTo3OntzOjk6Il9wcmV2aW91cyI7YToxOntzOjM6InVybCI7czo1NjoiaHR0cDovL2Vjb21tZXJjZTQvZS1sZWFybmluZy9hZG1pbi9jb250cm9scy9hY3RpdmVfdXNlcnMiO31zOjY6Il9mbGFzaCI7YToyOntzOjM6Im9sZCI7YTowOnt9czozOiJuZXciO2E6MDp7fX1zOjY6Il90b2tlbiI7czo0MDoiYWhyYVVnb1FucjExY2lNT1MzUFJVVko2cGdBTTFiaTRMcEtLZEE0TyI7czoxMToiZW1wbG95ZWVfaWQiO3M6MzoiNDI3IjtzOjExOiJlbXBsb3llZV9ubyI7czo2OiIwODAyMDIiO3M6OToiZnVsbF9uYW1lIjtzOjE2OiJOYXBvbGVvbiBNYXJxdWV6IjtzOjc6InNlY3Rpb24iO3M6MjoiNzIiO30=',1551861675),
('ssT1JiXq7N2CUKKAvPrSjwpnx9BKls6cPVvbTbaG',NULL,'172.16.2.57','Mozilla/5.0 (Windows NT 6.1; Win64; x64) AppleWebKit/537.36 (KHTML, like Gecko) Chrome/71.0.3578.98 Safari/537.36','YTozOntzOjY6Il90b2tlbiI7czo0MDoiV0t2WVJ0cURXS2lYQTUzUnFvU3gyRDVYbjQzSmVHZFJicUlZYkNhRiI7czo5OiJfcHJldmlvdXMiO2E6MTp7czozOiJ1cmwiO3M6MzQ6Imh0dHA6Ly9lY29tbWVyY2U0L2UtbGVhcm5pbmcvbG9naW4iO31zOjY6Il9mbGFzaCI7YToyOntzOjM6Im9sZCI7YTowOnt9czozOiJuZXciO2E6MDp7fX19',1548118400),
('sT19JxZaa95m6y1laaMmUyq68JbYsXHiTpWOMWWh',NULL,'172.16.6.115','Mozilla/5.0 (Windows NT 10.0; Win64; x64; rv:64.0) Gecko/20100101 Firefox/64.0','YTozOntzOjY6Il90b2tlbiI7czo0MDoiZVR5QVJNVWlDV0I5SlJZN1NvWE5RZ1lqTjMyRGQzYnlBWG9jTG9WUCI7czo5OiJfcHJldmlvdXMiO2E6MTp7czozOiJ1cmwiO3M6MzQ6Imh0dHA6Ly9lY29tbWVyY2U0L2UtbGVhcm5pbmcvYWRtaW4iO31zOjY6Il9mbGFzaCI7YToyOntzOjM6Im9sZCI7YTowOnt9czozOiJuZXciO2E6MDp7fX19',1548399536),
('stIMniJz9Dq1ROfZKV5yi8A9R0OI7G5r4x4yqtZb',NULL,'172.16.2.126','Mozilla/5.0 (Windows NT 10.0; Win64; x64; rv:65.0) Gecko/20100101 Firefox/65.0','YTozOntzOjY6Il90b2tlbiI7czo0MDoic3h4dVdZZ3lmbzR4VzhEZU9EYndMVVlEejRVeWpreWhpeVRtNkFZOSI7czo5OiJfcHJldmlvdXMiO2E6MTp7czozOiJ1cmwiO3M6ODg6Imh0dHA6Ly9lY29tbWVyY2U0L2UtbGVhcm5pbmcvYWRtaW4vbG9naW4vTmpVNS9NVFl3TWpBeC9UV2xuZFdWc0lGTmhibWRuWVd4aGJtYyUzRC9Oek0lM0QiO31zOjY6Il9mbGFzaCI7YToyOntzOjM6Im9sZCI7YTowOnt9czozOiJuZXciO2E6MDp7fX19',1552268347),
('SUEd2IjIxT2V7wPWUB8Y7Pr0Jb0IK3tDAt7sFeX8',NULL,'172.16.2.115','Mozilla/5.0 (Windows NT 6.1; Win64; x64) AppleWebKit/537.36 (KHTML, like Gecko) Chrome/74.0.3729.169 Safari/537.36','YTozOntzOjY6Il9mbGFzaCI7YToyOntzOjM6Im9sZCI7YTowOnt9czozOiJuZXciO2E6MDp7fX1zOjY6Il90b2tlbiI7czo0MDoicjYxZDU4bHFuYmU4NVhKR2ltdks2dGx2WWw2THFLUTJVZW96d0gxZCI7czo5OiJfcHJldmlvdXMiO2E6MTp7czozOiJ1cmwiO3M6MzQ6Imh0dHA6Ly9lY29tbWVyY2U0L2UtbGVhcm5pbmcvbG9naW4iO319',1559539059),
('t05fwyjJE9TFQJ6TmeGaSSEOUL2GdLnLsxPmZLjd',NULL,'172.16.6.62','Mozilla/5.0 (Windows NT 10.0; Win64; x64) AppleWebKit/537.36 (KHTML, like Gecko) Chrome/64.0.3282.140 Safari/537.36 Edge/17.17134','YTo3OntzOjY6Il90b2tlbiI7czo0MDoiN0d5MmtFeDQ3RG9yREthMGVXdmZ4Rlpmc1Z3OVM4SUVKOUtxZTdpRiI7czoxMToiZW1wbG95ZWVfaWQiO3M6MzoiNjM5IjtzOjExOiJlbXBsb3llZV9ubyI7czo2OiIxNjAxMDQiO3M6OToiZnVsbF9uYW1lIjtzOjE0OiJDYXJsIEVkc29uIExhdCI7czo3OiJzZWN0aW9uIjtzOjI6IjcyIjtzOjk6Il9wcmV2aW91cyI7YToxOntzOjM6InVybCI7czo1NzoiaHR0cDovL2Vjb21tZXJjZTQvZS1sZWFybmluZy9hZG1pbi9yZXN1bHRzL2V4YW1fc2NoZWR1bGVzIjt9czo2OiJfZmxhc2giO2E6Mjp7czozOiJvbGQiO2E6MDp7fXM6MzoibmV3IjthOjA6e319fQ==',1556614848),
('TiBCMRxRlcHlr0zGhgHShHz6mf6WXk1p6lPKiXWe',NULL,'124.106.220.58','Mozilla/5.0 (Windows NT 6.1; Win64; x64; rv:66.0) Gecko/20100101 Firefox/66.0','YTozOntzOjY6Il9mbGFzaCI7YToyOntzOjM6Im9sZCI7YTowOnt9czozOiJuZXciO2E6MDp7fX1zOjY6Il90b2tlbiI7czo0MDoiZUoyeXJuVjVSUGVKbjdQSk91NWhKZlhjWTk4TlhRRk4zUHBNcGtLbCI7czo5OiJfcHJldmlvdXMiO2E6MTp7czozOiJ1cmwiO3M6NDE6Imh0dHA6Ly9pZGguaXN1enVwaGlsLmNvbS9lLWxlYXJuaW5nL2xvZ2luIjt9fQ==',1554963461),
('TLqU31MycxXsyDpPmcxQ57feq62wbpLz2Ys93uWR',NULL,'172.16.2.224','Mozilla/5.0 (Windows NT 6.1; Win64; x64; rv:65.0) Gecko/20100101 Firefox/65.0','YTo3OntzOjY6Il90b2tlbiI7czo0MDoid2I5ektLc015Z3czeGhSTlFKY2FrZ2t6OGFsWkk4ekRFTWo1S1NPUSI7czoxMToiZW1wbG95ZWVfaWQiO3M6MzoiNDI3IjtzOjExOiJlbXBsb3llZV9ubyI7czo2OiIwODAyMDIiO3M6OToiZnVsbF9uYW1lIjtzOjE2OiJOYXBvbGVvbiBNYXJxdWV6IjtzOjc6InNlY3Rpb24iO3M6MjoiNzIiO3M6OToiX3ByZXZpb3VzIjthOjE6e3M6MzoidXJsIjtzOjQzOiJodHRwOi8vZWNvbW1lcmNlNC9lLWxlYXJuaW5nL2FkbWluL3RyYWluZWVzIjt9czo2OiJfZmxhc2giO2E6Mjp7czozOiJvbGQiO2E6MDp7fXM6MzoibmV3IjthOjA6e319fQ==',1551829962),
('UFBG08lOK3y7XjFxTHiK2HYWpoWQ8YC3oNWXYMxQ',NULL,'172.16.1.155','Mozilla/5.0 (Windows NT 10.0; Win64; x64; rv:64.0) Gecko/20100101 Firefox/64.0','YTozOntzOjY6Il90b2tlbiI7czo0MDoiYWNHS3VoQVowTUFqTHVOWWp4UWlCVWFSYWlqUUVUU255NFR3andYRSI7czo2OiJfZmxhc2giO2E6Mjp7czozOiJvbGQiO2E6MDp7fXM6MzoibmV3IjthOjA6e319czo5OiJfcHJldmlvdXMiO2E6MTp7czozOiJ1cmwiO3M6NTA6Imh0dHA6Ly9pZGguaXN1enVwaGlsLmNvbS9lLWxlYXJuaW5nL2FkbWluL3RyYWluZWVzIjt9fQ==',1548399175),
('Unh44yTiCG30mkaZxXQ8PM6FD0sOq0B0ctlGPd2N',NULL,'124.106.220.58','Mozilla/5.0 (Windows NT 10.0; Win64; x64; rv:67.0) Gecko/20100101 Firefox/67.0','YTozOntzOjY6Il9mbGFzaCI7YToyOntzOjM6Im9sZCI7YTowOnt9czozOiJuZXciO2E6MDp7fX1zOjY6Il90b2tlbiI7czo0MDoiQ3pzWGV3NlEzbWtGSG9GdXIxZzB4MHU0NEkwaG9MUDIyQ3dyYjhiTSI7czo5OiJfcHJldmlvdXMiO2E6MTp7czozOiJ1cmwiO3M6NDE6Imh0dHA6Ly9pZGguaXN1enVwaGlsLmNvbS9lLWxlYXJuaW5nL2xvZ2luIjt9fQ==',1559035903),
('v8djt8mJq8Q6VoxR65ymzDsHMKxqQL8taIFkzQHr',NULL,'172.16.2.115','Mozilla/5.0 (Windows NT 6.1; Win64; x64) AppleWebKit/537.36 (KHTML, like Gecko) Chrome/74.0.3729.169 Safari/537.36','YTo3OntzOjk6Il9wcmV2aW91cyI7YToxOntzOjM6InVybCI7czo4NDoiaHR0cDovL2Vjb21tZXJjZTQvZS1sZWFybmluZy9hZG1pbi9yZXN1bHRzL2V4YW1fc2NoZWR1bGVzLzIwL2RlYWxlcnMvMTgvdHJhaW5lZXMvMTI1Ijt9czo2OiJfZmxhc2giO2E6Mjp7czozOiJvbGQiO2E6MDp7fXM6MzoibmV3IjthOjA6e319czo2OiJfdG9rZW4iO3M6NDA6IlpFVlIxRGpTU0dCNXdwN1NDbExnZUJ4andCZ0t1UzdxQjRtNTlkTWsiO3M6MTE6ImVtcGxveWVlX2lkIjtzOjQ6IjEyNTciO3M6MTE6ImVtcGxveWVlX25vIjtzOjY6IjE4MDcwNCI7czo5OiJmdWxsX25hbWUiO3M6MjU6IlByaW5jZSBJdmFuIEtlbnQgVGlidXJjaW8iO3M6Nzoic2VjdGlvbiI7czoyOToiTWFuYWdlbWVudCBJbmZvcm1hdGlvbiBTeXN0ZW0iO30=',1559812261),
('Vo7VHMyV6JrwajjHKmQdflUmGHk700hAz4nJt6oV',NULL,'172.16.1.155','Mozilla/5.0 (Windows NT 6.1; Win64; x64; rv:64.0) Gecko/20100101 Firefox/64.0','YTozOntzOjY6Il9mbGFzaCI7YToyOntzOjM6Im9sZCI7YTowOnt9czozOiJuZXciO2E6MDp7fX1zOjY6Il90b2tlbiI7czo0MDoic3B4a05EZlJsbFVOT0FlQ3FMUm16ZUxweGpicnJFWHJxcHZQWXBQcyI7czo5OiJfcHJldmlvdXMiO2E6MTp7czozOiJ1cmwiO3M6NDE6Imh0dHA6Ly9pZGguaXN1enVwaGlsLmNvbS9lLWxlYXJuaW5nL2xvZ2luIjt9fQ==',1548147952),
('WG7T8qXFvgbgQTFAn5xGvgpUKE3Zew8MG2EWIcWb',NULL,'119.92.194.222','Mozilla/5.0 (Windows NT 10.0; Win64; x64; rv:66.0) Gecko/20100101 Firefox/66.0','YTozOntzOjY6Il90b2tlbiI7czo0MDoiZjlJMU9CNGVpaWoyYkNONlpQV3AwcWh6cUl3aUdzMlU5Q1Jjck1FRSI7czo5OiJfcHJldmlvdXMiO2E6MTp7czozOiJ1cmwiO3M6NTA6Imh0dHA6Ly9pZGguaXN1enVwaGlsLmNvbS9lLWxlYXJuaW5nL2FkbWluL3RyYWluZWVzIjt9czo2OiJfZmxhc2giO2E6Mjp7czozOiJvbGQiO2E6MDp7fXM6MzoibmV3IjthOjA6e319fQ==',1554959835),
('x2UqKH8uimBbY22lrbZ948O4OROuvNYy7huVX6p2',NULL,'172.16.2.57','Mozilla/5.0 (Windows NT 6.1; Win64; x64) AppleWebKit/537.36 (KHTML, like Gecko) Chrome/71.0.3578.98 Safari/537.36','YTozOntzOjY6Il9mbGFzaCI7YToyOntzOjM6Im9sZCI7YTowOnt9czozOiJuZXciO2E6MDp7fX1zOjY6Il90b2tlbiI7czo0MDoiTFVKZ0dPZVVIb0ZQcXNLY3N6dExqRElPUWEzeGowQ3YxTXB6S0RUUSI7czo5OiJfcHJldmlvdXMiO2E6MTp7czozOiJ1cmwiO3M6MzQ6Imh0dHA6Ly9lY29tbWVyY2U0L2UtbGVhcm5pbmcvbG9naW4iO319',1548128175),
('X2y4kd6Es55TqypnBt9d3FMONlyy7weNbBOpnRoG',NULL,'172.16.1.155','Mozilla/5.0 (Windows NT 6.1; Win64; x64; rv:64.0) Gecko/20100101 Firefox/64.0','YTozOntzOjY6Il9mbGFzaCI7YToyOntzOjM6Im9sZCI7YTowOnt9czozOiJuZXciO2E6MDp7fX1zOjY6Il90b2tlbiI7czo0MDoiMWRzZmRRaXVCRzlJMmlId0Z1NmFXSmVHMmtlcEVnd1Q0THpZQjR4ZiI7czo5OiJfcHJldmlvdXMiO2E6MTp7czozOiJ1cmwiO3M6NDE6Imh0dHA6Ly9pZGguaXN1enVwaGlsLmNvbS9lLWxlYXJuaW5nL2xvZ2luIjt9fQ==',1548126081),
('XWeh6OqiwjIeCAgcxkqDdCcGt6PVPcG2j2K8PlSH',NULL,'172.16.2.115','Mozilla/5.0 (Windows NT 6.1; Win64; x64) AppleWebKit/537.36 (KHTML, like Gecko) Chrome/74.0.3729.131 Safari/537.36','YTo3OntzOjk6Il9wcmV2aW91cyI7YToxOntzOjM6InVybCI7czozNzoiaHR0cDovL2Vjb21tZXJjZTQvZS1sZWFybmluZy9pcGNfaG9tZSI7fXM6NjoiX2ZsYXNoIjthOjI6e3M6Mzoib2xkIjthOjA6e31zOjM6Im5ldyI7YTowOnt9fXM6NjoiX3Rva2VuIjtzOjQwOiJuS0ZudEtEaWI3TndlMlZnNHlneGtTWlc3RnkxcENuVE1iODZvZHdKIjtzOjExOiJlbXBsb3llZV9pZCI7czo0OiIxMjU3IjtzOjExOiJlbXBsb3llZV9ubyI7czo2OiIxODA3MDQiO3M6OToiZnVsbF9uYW1lIjtzOjI1OiJQcmluY2UgSXZhbiBLZW50IFRpYnVyY2lvIjtzOjc6InNlY3Rpb24iO3M6MjoiMTgiO30=',1556847038),
('ye1K5bA2qrlen9xcDzTpZcuMhS0K7FxdXrPuzd2H',NULL,'172.16.6.81','Mozilla/5.0 (Windows NT 6.1; Win64; x64; rv:65.0) Gecko/20100101 Firefox/65.0','YToyOntzOjk6Il9wcmV2aW91cyI7YToxOntzOjM6InVybCI7czo0MjoiaHR0cDovL2Vjb21tZXJjZTQvZS1sZWFybmluZy9mbHVzaF9zZXNzaW9uIjt9czo2OiJfZmxhc2giO2E6Mjp7czozOiJvbGQiO2E6MDp7fXM6MzoibmV3IjthOjA6e319fQ==',1551860502),
('Ymo5dUOWQyI0rIgdGXa5MnCNpWXWR2QU3MOjxzvc',NULL,'172.16.2.52','Mozilla/5.0 (Windows NT 6.1; Win64; x64) AppleWebKit/537.36 (KHTML, like Gecko) Chrome/72.0.3626.119 Safari/537.36','YTozOntzOjY6Il90b2tlbiI7czo0MDoiWHRQc3lpWFo4aTdTckppenZJTEJoUnNnM1g1d3ZGRFNuN3RFVDlxSSI7czo2OiJfZmxhc2giO2E6Mjp7czozOiJvbGQiO2E6MDp7fXM6MzoibmV3IjthOjA6e319czo5OiJfcHJldmlvdXMiO2E6MTp7czozOiJ1cmwiO3M6NTY6Imh0dHA6Ly9lY29tbWVyY2U0L2UtbGVhcm5pbmcvYWRtaW4vY29udHJvbHMvYWN0aXZlX3VzZXJzIjt9fQ==',1551145814),
('zJdwepn1WWrBjSGBSgo1DddDj7eCeMN9pzHITlHL',NULL,'172.16.2.57','Mozilla/5.0 (Windows NT 6.1; Win64; x64) AppleWebKit/537.36 (KHTML, like Gecko) Chrome/71.0.3578.98 Safari/537.36','YToyOntzOjk6Il9wcmV2aW91cyI7YToxOntzOjM6InVybCI7czo0MjoiaHR0cDovL2Vjb21tZXJjZTQvZS1sZWFybmluZy9mbHVzaF9zZXNzaW9uIjt9czo2OiJfZmxhc2giO2E6Mjp7czozOiJvbGQiO2E6MDp7fXM6MzoibmV3IjthOjA6e319fQ==',1548119874);

/*Table structure for table `sub_modules` */

DROP TABLE IF EXISTS `sub_modules`;

CREATE TABLE `sub_modules` (
  `sub_module_id` int(10) unsigned NOT NULL AUTO_INCREMENT,
  `module_id` int(10) unsigned NOT NULL,
  `sub_module` varchar(250) COLLATE utf8_unicode_ci NOT NULL,
  `is_active` tinyint(4) NOT NULL DEFAULT '1',
  `created_at` timestamp NULL DEFAULT NULL,
  `updated_at` timestamp NULL DEFAULT NULL,
  PRIMARY KEY (`sub_module_id`),
  KEY `module_id` (`module_id`),
  CONSTRAINT `module_id` FOREIGN KEY (`module_id`) REFERENCES `modules` (`module_id`) ON DELETE CASCADE ON UPDATE CASCADE
) ENGINE=InnoDB AUTO_INCREMENT=24 DEFAULT CHARSET=utf8 COLLATE=utf8_unicode_ci;

/*Data for the table `sub_modules` */

insert  into `sub_modules`(`sub_module_id`,`module_id`,`sub_module`,`is_active`,`created_at`,`updated_at`) values 
(2,1,'History',1,'2018-12-17 13:18:25','2018-12-17 13:18:25'),
(3,1,'Vehicle Line-up',1,'2018-12-17 13:18:39','2018-12-17 13:18:39'),
(4,1,'Tools and 5S Policy',1,'2018-12-17 13:19:55','2018-12-17 13:19:55'),
(5,1,'Periodic Maintenance Service',1,'2018-12-17 13:20:05','2018-12-17 13:20:05'),
(6,2,'Internal Combustion Engines',1,'2018-12-17 16:54:24','2018-12-17 16:54:24'),
(7,2,'Engine Performance',1,'2018-12-17 16:54:36','2018-12-17 16:54:36'),
(8,2,'Engine Mechanical',1,'2018-12-17 16:54:46','2018-12-17 16:54:46'),
(9,2,'Cooling System',1,'2018-12-17 16:55:01','2018-12-17 16:55:01'),
(10,2,'Lubrication System',1,'2018-12-17 16:55:18','2018-12-17 16:55:18'),
(11,2,'Induction System/Intake System',1,'2018-12-17 16:55:31','2018-12-17 16:55:31'),
(12,2,'Exhaust System',1,'2018-12-17 16:55:43','2018-12-17 16:55:43'),
(13,2,'Fuel System',1,'2018-12-17 16:55:53','2018-12-17 16:55:53'),
(14,3,'Transmission',1,'2018-12-19 08:16:59','2018-12-19 08:16:59'),
(16,3,'Differential and Final Drive',1,'2018-12-19 08:18:16','2018-12-19 08:18:16'),
(17,3,'Propeller Shaft',1,'2018-12-19 08:18:22','2018-12-19 08:18:22'),
(18,3,'Suspension System',1,'2018-12-19 08:19:11','2018-12-19 08:19:11'),
(19,4,'Electricity',1,'2018-12-20 09:24:52','2018-12-20 09:24:52'),
(20,4,'Electrical Circuits',1,'2018-12-20 09:25:11','2018-12-20 09:25:11'),
(21,4,'Wiring Diagram',1,'2018-12-20 09:25:19','2018-12-20 09:25:19'),
(22,4,'Engine Electrical Systems',1,'2018-12-20 09:25:36','2018-12-20 09:25:36'),
(23,4,'Air Conditioning Systems',1,'2018-12-20 09:25:52','2018-12-20 09:25:52');

/*Table structure for table `trainee_choices` */

DROP TABLE IF EXISTS `trainee_choices`;

CREATE TABLE `trainee_choices` (
  `trainee_choice_id` int(10) unsigned NOT NULL AUTO_INCREMENT,
  `trainee_question_id` int(10) unsigned NOT NULL,
  `choice_id` int(10) unsigned NOT NULL,
  `choice_letter` varchar(5) COLLATE utf8_unicode_ci NOT NULL,
  `choice` varchar(200) COLLATE utf8_unicode_ci NOT NULL,
  `is_correct` tinyint(1) unsigned DEFAULT '0',
  `is_answered` tinyint(1) unsigned DEFAULT '0',
  `created_at` timestamp NULL DEFAULT CURRENT_TIMESTAMP,
  `updated_at` timestamp NULL DEFAULT CURRENT_TIMESTAMP,
  PRIMARY KEY (`trainee_choice_id`),
  KEY `trainee_question_id` (`trainee_question_id`),
  CONSTRAINT `trainee_question_id` FOREIGN KEY (`trainee_question_id`) REFERENCES `trainee_questions` (`trainee_question_id`) ON DELETE CASCADE ON UPDATE CASCADE
) ENGINE=InnoDB AUTO_INCREMENT=1037 DEFAULT CHARSET=utf8 COLLATE=utf8_unicode_ci;

/*Data for the table `trainee_choices` */

insert  into `trainee_choices`(`trainee_choice_id`,`trainee_question_id`,`choice_id`,`choice_letter`,`choice`,`is_correct`,`is_answered`,`created_at`,`updated_at`) values 
(1,1,3,'a','4JJ1-TCC',0,1,'2019-03-06 07:53:05','2019-03-06 07:53:05'),
(2,1,4,'b','None of the above',0,0,'2019-03-06 07:53:05','2019-03-06 07:53:05'),
(3,1,1,'c','4JJ1-TCX',1,0,'2019-03-06 07:53:05','2019-03-06 07:53:05'),
(4,1,2,'d','4JJ1-TC(HI)',0,0,'2019-03-06 07:53:05','2019-03-06 07:53:05'),
(5,2,11,'a','FVM 34T',0,0,'2019-03-06 07:53:05','2019-03-06 07:53:05'),
(6,2,10,'b','FVM 34W',0,0,'2019-03-06 07:53:05','2019-03-06 07:53:05'),
(7,2,9,'c','FVR 34',0,0,'2019-03-06 07:53:05','2019-03-06 07:53:05'),
(8,2,12,'d','FRR 90',1,0,'2019-03-06 07:53:05','2019-03-06 07:53:05'),
(9,3,16,'a','None',0,0,'2019-03-06 07:53:05','2019-03-06 07:53:05'),
(10,3,13,'b','JR405E',0,0,'2019-03-06 07:53:05','2019-03-06 07:53:05'),
(11,3,14,'c','AWR6B45',1,0,'2019-03-06 07:53:05','2019-03-06 07:53:05'),
(12,3,15,'d','TB50LS',0,0,'2019-03-06 07:53:05','2019-03-06 07:53:05'),
(13,4,8,'a','None',0,0,'2019-03-06 07:53:05','2019-03-06 07:53:05'),
(14,4,5,'b','500 PS / 1863 N-m',0,1,'2019-03-06 07:53:05','2019-03-06 07:53:05'),
(15,4,7,'c','400 PS / 1863 N-m',1,0,'2019-03-06 07:53:05','2019-03-06 07:53:05'),
(16,4,6,'d','390 PS / 1863 N-m',0,0,'2019-03-06 07:53:05','2019-03-06 07:53:05'),
(17,5,118,'a','Electrical Troubleshooting Manuak',0,0,'2019-03-06 07:53:05','2019-03-06 07:53:05'),
(18,5,120,'b','Service Information',1,0,'2019-03-06 07:53:05','2019-03-06 07:53:05'),
(19,5,117,'c','Workshop Manual',0,0,'2019-03-06 07:53:05','2019-03-06 07:53:05'),
(20,5,119,'d','Service Manual',0,0,'2019-03-06 07:53:05','2019-03-06 07:53:05'),
(21,6,29,'a','Vise',1,0,'2019-03-06 07:53:05','2019-03-06 07:53:05'),
(22,6,30,'b','Screwdriver',0,0,'2019-03-06 07:53:05','2019-03-06 07:53:05'),
(23,6,31,'c','Wrench',0,0,'2019-03-06 07:53:05','2019-03-06 07:53:05'),
(24,6,32,'d','Chisel',0,0,'2019-03-06 07:53:05','2019-03-06 07:53:05'),
(25,7,125,'a','Utility Function',0,0,'2019-03-06 07:53:05','2019-03-06 07:53:05'),
(26,7,128,'b','None',0,0,'2019-03-06 07:53:05','2019-03-06 07:53:05'),
(27,7,126,'c','Controller Programming',1,0,'2019-03-06 07:53:05','2019-03-06 07:53:05'),
(28,7,127,'d','Live Data',0,0,'2019-03-06 07:53:05','2019-03-06 07:53:05'),
(29,8,99,'a','Lock the micrometer with rubber pad in between the anvil and spindle to keep them apart when stored.',0,0,'2019-03-06 07:53:05','2019-03-06 07:53:05'),
(30,8,100,'b','None',0,0,'2019-03-06 07:53:05','2019-03-06 07:53:05'),
(31,8,98,'c','Lock the micrometer with its anvil and spindle kept apart to provide space for thermal expansion.',1,0,'2019-03-06 07:53:05','2019-03-06 07:53:05'),
(32,8,97,'d','Lock the micrometer with its anvil and spindle having no gap.',0,0,'2019-03-06 07:53:05','2019-03-06 07:53:05'),
(33,9,52,'a','Nose Pliers',0,0,'2019-03-06 07:53:05','2019-03-06 07:53:05'),
(34,9,50,'b','Cutting Pliers',0,0,'2019-03-06 07:53:05','2019-03-06 07:53:05'),
(35,9,49,'c','Vice Grip Pliers',1,0,'2019-03-06 07:53:05','2019-03-06 07:53:05'),
(36,9,51,'d','Combination Pliers',0,0,'2019-03-06 07:53:05','2019-03-06 07:53:05'),
(37,10,21,'a','Open Wrench and Box Wrench',0,0,'2019-03-06 07:53:05','2019-03-06 07:53:05'),
(38,10,24,'b','Extension Bar and Universal Joint',1,0,'2019-03-06 07:53:05','2019-03-06 07:53:05'),
(39,10,22,'c','Pliers and Vice Grip',0,0,'2019-03-06 07:53:05','2019-03-06 07:53:05'),
(40,10,23,'d','Slide and Speeder Handle',0,0,'2019-03-06 07:53:05','2019-03-06 07:53:05'),
(41,11,114,'a','Health Report',0,0,'2019-03-06 07:53:05','2019-03-06 07:53:05'),
(42,11,113,'b','Data Recording Module',1,0,'2019-03-06 07:53:05','2019-03-06 07:53:05'),
(43,11,115,'c','Diagnostic Trouble Code',0,0,'2019-03-06 07:53:05','2019-03-06 07:53:05'),
(44,11,116,'d','None',0,0,'2019-03-06 07:53:05','2019-03-06 07:53:05'),
(45,12,130,'a','Health Report',1,0,'2019-03-06 07:53:05','2019-03-06 07:53:05'),
(46,12,132,'b','None',0,0,'2019-03-06 07:53:05','2019-03-06 07:53:05'),
(47,12,131,'c','Diagnostic Trouble Code',0,0,'2019-03-06 07:53:05','2019-03-06 07:53:05'),
(48,12,129,'d','Data Recording Module',0,0,'2019-03-06 07:53:05','2019-03-06 07:53:05'),
(49,13,37,'a','Box Wrench',1,0,'2019-03-06 07:53:05','2019-03-06 07:53:05'),
(50,13,40,'b','Impact Wrench',0,0,'2019-03-06 07:53:05','2019-03-06 07:53:05'),
(51,13,38,'c','Open Wrench',0,0,'2019-03-06 07:53:05','2019-03-06 07:53:05'),
(52,13,39,'d','Pneumatic Wrench',0,0,'2019-03-06 07:53:05','2019-03-06 07:53:05'),
(53,14,47,'a','Open Wrench Set',0,0,'2019-03-06 07:53:05','2019-03-06 07:53:05'),
(54,14,46,'b','Socket Wrench Set',1,0,'2019-03-06 07:53:05','2019-03-06 07:53:05'),
(55,14,48,'c','None',0,0,'2019-03-06 07:53:05','2019-03-06 07:53:05'),
(56,14,45,'d','Box Wrench Set',0,0,'2019-03-06 07:53:05','2019-03-06 07:53:05'),
(57,15,62,'a','Oil Pump',0,0,'2019-03-06 07:53:05','2019-03-06 07:53:05'),
(58,15,63,'b','Hydraulic Press',0,0,'2019-03-06 07:53:05','2019-03-06 07:53:05'),
(59,15,61,'c','Air Compressor',1,0,'2019-03-06 07:53:05','2019-03-06 07:53:05'),
(60,15,64,'d','None',0,0,'2019-03-06 07:53:05','2019-03-06 07:53:05'),
(61,16,19,'a','Chisel',0,0,'2019-03-06 07:53:05','2019-03-06 07:53:05'),
(62,16,20,'b','None',0,0,'2019-03-06 07:53:05','2019-03-06 07:53:05'),
(63,16,18,'c','Hammer',1,0,'2019-03-06 07:53:05','2019-03-06 07:53:05'),
(64,16,17,'d','Open Wrench',0,0,'2019-03-06 07:53:05','2019-03-06 07:53:05'),
(65,17,124,'a','None',0,0,'2019-03-06 07:53:05','2019-03-06 07:53:05'),
(66,17,123,'b','Live Data',1,0,'2019-03-06 07:53:05','2019-03-06 07:53:05'),
(67,17,121,'c','Graph',0,0,'2019-03-06 07:53:05','2019-03-06 07:53:05'),
(68,17,122,'d','Zoom Window',0,0,'2019-03-06 07:53:05','2019-03-06 07:53:05'),
(69,18,80,'a','Bore Gauge',0,0,'2019-03-06 07:53:05','2019-03-06 07:53:05'),
(70,18,77,'b','Box Wrench',0,0,'2019-03-06 07:53:05','2019-03-06 07:53:05'),
(71,18,78,'c','Cylinder Gauge',0,0,'2019-03-06 07:53:05','2019-03-06 07:53:05'),
(72,18,79,'d','Torque Wrench',1,0,'2019-03-06 07:53:05','2019-03-06 07:53:05'),
(73,19,81,'a','Plastigauge',0,0,'2019-03-06 07:53:05','2019-03-06 07:53:05'),
(74,19,83,'b','Thickness (Feeler) Gauge',1,0,'2019-03-06 07:53:05','2019-03-06 07:53:05'),
(75,19,82,'c','Cylinder Gauge',0,0,'2019-03-06 07:53:05','2019-03-06 07:53:05'),
(76,19,84,'d','Bore Gauge',0,0,'2019-03-06 07:53:05','2019-03-06 07:53:05'),
(77,20,26,'a','Speeder Handle',0,0,'2019-03-06 07:53:05','2019-03-06 07:53:05'),
(78,20,25,'b','Ratchet Handle',1,0,'2019-03-06 07:53:05','2019-03-06 07:53:05'),
(79,20,27,'c','Spinner Handle',0,0,'2019-03-06 07:53:05','2019-03-06 07:53:05'),
(80,20,28,'d','None',0,0,'2019-03-06 07:53:05','2019-03-06 07:53:05'),
(81,21,89,'a','Vernier Caliper',0,0,'2019-03-06 07:53:05','2019-03-06 07:53:05'),
(82,21,92,'b','Bore Gauge',0,0,'2019-03-06 07:53:05','2019-03-06 07:53:05'),
(83,21,91,'c','Micrometer',1,0,'2019-03-06 07:53:05','2019-03-06 07:53:05'),
(84,21,90,'d','Dial Gauge',0,0,'2019-03-06 07:53:05','2019-03-06 07:53:05'),
(85,22,95,'a','Micrometer',0,0,'2019-03-06 07:53:05','2019-03-06 07:53:05'),
(86,22,96,'b','Bore Gauge',0,0,'2019-03-06 07:53:05','2019-03-06 07:53:05'),
(87,22,94,'c','Dial Gauge',0,0,'2019-03-06 07:53:05','2019-03-06 07:53:05'),
(88,22,93,'d','Vernier Caliper',1,0,'2019-03-06 07:53:05','2019-03-06 07:53:05'),
(89,23,108,'a','TIS 2000',0,0,'2019-03-06 07:53:05','2019-03-06 07:53:05'),
(90,23,106,'b','Global - Isuzu Diagnostic Service System',1,0,'2019-03-06 07:53:05','2019-03-06 07:53:05'),
(91,23,107,'c','Tech 2',0,0,'2019-03-06 07:53:05','2019-03-06 07:53:05'),
(92,23,105,'d','Global - Isuzu Dealer Service Standards',0,0,'2019-03-06 07:53:05','2019-03-06 07:53:05'),
(93,24,55,'a','Taps',1,0,'2019-03-06 07:53:05','2019-03-06 07:53:05'),
(94,24,56,'b','Center Punch',0,0,'2019-03-06 07:53:05','2019-03-06 07:53:05'),
(95,24,54,'c','Drill',0,0,'2019-03-06 07:53:05','2019-03-06 07:53:05'),
(96,24,53,'d','Dies',0,0,'2019-03-06 07:53:05','2019-03-06 07:53:05'),
(97,25,57,'a','Bench Drill',0,0,'2019-03-06 07:53:05','2019-03-06 07:53:05'),
(98,25,59,'b','Taps',0,0,'2019-03-06 07:53:05','2019-03-06 07:53:05'),
(99,25,60,'c','Electric Drill',1,0,'2019-03-06 07:53:05','2019-03-06 07:53:05'),
(100,25,58,'d','Dies',0,0,'2019-03-06 07:53:05','2019-03-06 07:53:05'),
(101,26,69,'a','Vernier Caliper',0,0,'2019-03-06 07:53:05','2019-03-06 07:53:05'),
(102,26,72,'b','Bore Gauge',0,0,'2019-03-06 07:53:05','2019-03-06 07:53:05'),
(103,26,70,'c','Dial Gauge',1,0,'2019-03-06 07:53:05','2019-03-06 07:53:05'),
(104,26,71,'d','Micrometer',0,0,'2019-03-06 07:53:05','2019-03-06 07:53:05'),
(105,27,42,'a','Socket Wrench',0,0,'2019-03-06 07:53:05','2019-03-06 07:53:05'),
(106,27,43,'b','Hex Nut Wrench',0,0,'2019-03-06 07:53:05','2019-03-06 07:53:05'),
(107,27,44,'c','Screwdriver',1,0,'2019-03-06 07:53:05','2019-03-06 07:53:05'),
(108,27,41,'d','Spinner Handle',0,0,'2019-03-06 07:53:05','2019-03-06 07:53:05'),
(109,28,36,'a','Impact Wrench',0,0,'2019-03-06 07:53:05','2019-03-06 07:53:05'),
(110,28,34,'b','Open Wrench',1,0,'2019-03-06 07:53:05','2019-03-06 07:53:05'),
(111,28,33,'c','Box Wrench',0,0,'2019-03-06 07:53:05','2019-03-06 07:53:05'),
(112,28,35,'d','Pneumatic Wrench',0,0,'2019-03-06 07:53:05','2019-03-06 07:53:05'),
(113,29,133,'a','Smart DLC Cable',1,0,'2019-03-06 07:53:05','2019-03-06 07:53:05'),
(114,29,135,'b','DRM Cable',0,0,'2019-03-06 07:53:05','2019-03-06 07:53:05'),
(115,29,136,'c','None',0,0,'2019-03-06 07:53:05','2019-03-06 07:53:05'),
(116,29,134,'d','Interface Box',0,0,'2019-03-06 07:53:05','2019-03-06 07:53:05'),
(117,30,74,'a','Cylinder Gauge',0,0,'2019-03-06 07:53:05','2019-03-06 07:53:05'),
(118,30,75,'b','Thickness Gauge',0,0,'2019-03-06 07:53:05','2019-03-06 07:53:05'),
(119,30,73,'c','Plastigauge',1,0,'2019-03-06 07:53:05','2019-03-06 07:53:05'),
(120,30,76,'d','Bore Gauge',0,0,'2019-03-06 07:53:05','2019-03-06 07:53:05'),
(121,31,101,'a','Find a vernier caliper with a wider main scale to fit the workpiece.',0,0,'2019-03-06 07:53:05','2019-03-06 07:53:05'),
(122,31,104,'b','None',0,0,'2019-03-06 07:53:05','2019-03-06 07:53:05'),
(123,31,102,'c','Hold the vernier caliper at the level of the workpiece\'s opening and estimate its depth.',0,0,'2019-03-06 07:53:05','2019-03-06 07:53:05'),
(124,31,103,'d','Use a straightedge as base then subtract its thickness from the actual reading of the vernier caliper to get the depth.',1,0,'2019-03-06 07:53:05','2019-03-06 07:53:05'),
(125,32,66,'a','Speeder Handle',1,0,'2019-03-06 07:53:05','2019-03-06 07:53:05'),
(126,32,67,'b','Spinner Handle',0,0,'2019-03-06 07:53:05','2019-03-06 07:53:05'),
(127,32,68,'c','None',0,0,'2019-03-06 07:53:05','2019-03-06 07:53:05'),
(128,32,65,'d','Ratchet Handle',0,0,'2019-03-06 07:53:05','2019-03-06 07:53:05'),
(129,33,88,'a','None',0,0,'2019-03-06 07:53:05','2019-03-06 07:53:05'),
(130,33,85,'b','Dial Type',0,0,'2019-03-06 07:53:05','2019-03-06 07:53:05'),
(131,33,86,'c','Plate Type',1,0,'2019-03-06 07:53:05','2019-03-06 07:53:05'),
(132,33,87,'d','Auto-limit Type',0,0,'2019-03-06 07:53:05','2019-03-06 07:53:05'),
(133,34,111,'a','Tool Bar',1,0,'2019-03-06 07:53:05','2019-03-06 07:53:05'),
(134,34,112,'b','None',0,0,'2019-03-06 07:53:05','2019-03-06 07:53:05'),
(135,34,110,'c','Table of Contents',0,0,'2019-03-06 07:53:05','2019-03-06 07:53:05'),
(136,34,109,'d','Main Screen',0,0,'2019-03-06 07:53:05','2019-03-06 07:53:05'),
(137,35,178,'a','Differential',1,0,'2019-03-06 07:53:05','2019-03-06 07:53:05'),
(138,35,180,'b','Engine',0,0,'2019-03-06 07:53:05','2019-03-06 07:53:05'),
(139,35,177,'c','Brake',0,0,'2019-03-06 07:53:05','2019-03-06 07:53:05'),
(140,35,179,'d','Transmission',0,0,'2019-03-06 07:53:05','2019-03-06 07:53:05'),
(141,36,171,'a','Propeller Shaft',0,0,'2019-03-06 07:53:05','2019-03-06 07:53:05'),
(142,36,170,'b','Timing Chain',0,0,'2019-03-06 07:53:05','2019-03-06 07:53:05'),
(143,36,169,'c','Drive Belt',0,0,'2019-03-06 07:53:05','2019-03-06 07:53:05'),
(144,36,172,'d','Clutch',1,0,'2019-03-06 07:53:05','2019-03-06 07:53:05'),
(145,37,152,'a','None',0,0,'2019-03-06 07:53:05','2019-03-06 07:53:05'),
(146,37,149,'b','Drive Belt',1,0,'2019-03-06 07:53:05','2019-03-06 07:53:05'),
(147,37,151,'c','Conveyor Belt',0,0,'2019-03-06 07:53:05','2019-03-06 07:53:05'),
(148,37,150,'d','Chain',0,0,'2019-03-06 07:53:05','2019-03-06 07:53:05'),
(149,38,166,'a','Fuel Drain Water',0,0,'2019-03-06 07:53:05','2019-03-06 07:53:05'),
(150,38,165,'b','Fuel Air Bleeding',1,0,'2019-03-06 07:53:05','2019-03-06 07:53:05'),
(151,38,167,'c','Fuel Flushing',0,0,'2019-03-06 07:53:05','2019-03-06 07:53:05'),
(152,38,168,'d','None',0,0,'2019-03-06 07:53:05','2019-03-06 07:53:05'),
(153,39,187,'a','Opacity',0,0,'2019-03-06 07:53:05','2019-03-06 07:53:05'),
(154,39,185,'b','Viscosity',1,0,'2019-03-06 07:53:05','2019-03-06 07:53:05'),
(155,39,188,'c','Turbidity',0,0,'2019-03-06 07:53:05','2019-03-06 07:53:05'),
(156,39,186,'d','Malleability',0,0,'2019-03-06 07:53:05','2019-03-06 07:53:05'),
(157,40,148,'a','Cooling Function',1,0,'2019-03-06 07:53:05','2019-03-06 07:53:05'),
(158,40,145,'b','Lubricating Action',0,0,'2019-03-06 07:53:05','2019-03-06 07:53:05'),
(159,40,147,'c','Rust Preventive Action',0,0,'2019-03-06 07:53:05','2019-03-06 07:53:05'),
(160,40,146,'d','Cleaning Action',0,0,'2019-03-06 07:53:05','2019-03-06 07:53:05'),
(161,41,190,'a','Fuel Filter',1,0,'2019-03-06 07:53:05','2019-03-06 07:53:05'),
(162,41,189,'b','Oil Filter',0,0,'2019-03-06 07:53:05','2019-03-06 07:53:05'),
(163,41,191,'c','Air Cleaner',0,0,'2019-03-06 07:53:05','2019-03-06 07:53:05'),
(164,41,192,'d','None',0,0,'2019-03-06 07:53:05','2019-03-06 07:53:05'),
(165,42,154,'a','Fuel Filter',0,1,'2019-03-06 07:53:05','2019-03-06 07:53:05'),
(166,42,156,'b','None',0,0,'2019-03-06 07:53:05','2019-03-06 07:53:05'),
(167,42,153,'c','Oil Filer',0,0,'2019-03-06 07:53:05','2019-03-06 07:53:05'),
(168,42,155,'d','Air Cleaner',1,0,'2019-03-06 07:53:05','2019-03-06 07:53:05'),
(169,43,163,'a','Engine Oil',1,0,'2019-03-06 07:53:05','2019-03-06 07:53:05'),
(170,43,162,'b','Long Life Coolant',0,0,'2019-03-06 07:53:05','2019-03-06 07:53:05'),
(171,43,164,'c','None',0,0,'2019-03-06 07:53:05','2019-03-06 07:53:05'),
(172,43,161,'d','Freon',0,0,'2019-03-06 07:53:05','2019-03-06 07:53:05'),
(173,44,157,'a','Freon',0,0,'2019-03-06 07:53:05','2019-03-06 07:53:05'),
(174,44,158,'b','Long Life Coolant',1,0,'2019-03-06 07:53:05','2019-03-06 07:53:05'),
(175,44,159,'c','Engine Oil',0,0,'2019-03-06 07:53:05','2019-03-06 07:53:05'),
(176,44,160,'d','None',0,0,'2019-03-06 07:53:05','2019-03-06 07:53:05'),
(177,45,184,'a','Engine System',0,0,'2019-03-06 07:53:05','2019-03-06 07:53:05'),
(178,45,181,'b','Steering System',1,0,'2019-03-06 07:53:05','2019-03-06 07:53:05'),
(179,45,183,'c','Transmission System',0,0,'2019-03-06 07:53:05','2019-03-06 07:53:05'),
(180,45,182,'d','Brake System',0,0,'2019-03-06 07:53:05','2019-03-06 07:53:05'),
(181,46,143,'a','Fuel Filter',0,1,'2019-03-06 07:53:05','2019-03-06 07:53:05'),
(182,46,144,'b','None',0,0,'2019-03-06 07:53:05','2019-03-06 07:53:05'),
(183,46,141,'c','Air Filter',0,0,'2019-03-06 07:53:05','2019-03-06 07:53:05'),
(184,46,142,'d','Oil Filter',1,0,'2019-03-06 07:53:05','2019-03-06 07:53:05'),
(185,47,175,'a','Brake Fluid',1,0,'2019-03-06 07:53:05','2019-03-06 07:53:05'),
(186,47,174,'b','Power Steering Fluid',0,0,'2019-03-06 07:53:05','2019-03-06 07:53:05'),
(187,47,173,'c','Transmission Fluid',0,0,'2019-03-06 07:53:05','2019-03-06 07:53:05'),
(188,47,176,'d','None',0,0,'2019-03-06 07:53:05','2019-03-06 07:53:05'),
(189,48,140,'a','None',0,0,'2019-03-06 07:53:05','2019-03-06 07:53:05'),
(190,48,137,'b','Periodic Maintenance',1,0,'2019-03-06 07:53:05','2019-03-06 07:53:05'),
(191,48,138,'c','Troubleshooting',0,0,'2019-03-06 07:53:05','2019-03-06 07:53:05'),
(192,48,139,'d','Inspection',0,0,'2019-03-06 07:53:05','2019-03-06 07:53:05'),
(193,49,14,'a','AWR6B45',1,0,'2019-06-06 15:01:06','2019-06-06 15:01:06'),
(194,49,15,'b','TB50LS',0,1,'2019-06-06 15:01:06','2019-06-06 15:01:06'),
(195,49,13,'c','JR405E',0,0,'2019-06-06 15:01:06','2019-06-06 15:01:06'),
(196,49,16,'d','None',0,0,'2019-06-06 15:01:06','2019-06-06 15:01:06'),
(197,50,12,'a','FRR 90',1,0,'2019-06-06 15:01:06','2019-06-06 15:01:06'),
(198,50,10,'b','FVM 34W',0,1,'2019-06-06 15:01:06','2019-06-06 15:01:06'),
(199,50,9,'c','FVR 34',0,0,'2019-06-06 15:01:06','2019-06-06 15:01:06'),
(200,50,11,'d','FVM 34T',0,0,'2019-06-06 15:01:06','2019-06-06 15:01:06'),
(201,51,2,'a','4JJ1-TC(HI)',0,0,'2019-06-06 15:01:06','2019-06-06 15:01:06'),
(202,51,4,'b','None of the above',0,0,'2019-06-06 15:01:06','2019-06-06 15:01:06'),
(203,51,1,'c','4JJ1-TCX',1,1,'2019-06-06 15:01:06','2019-06-06 15:01:06'),
(204,51,3,'d','4JJ1-TCC',0,0,'2019-06-06 15:01:06','2019-06-06 15:01:06'),
(205,52,5,'a','500 PS / 1863 N-m',0,0,'2019-06-06 15:01:06','2019-06-06 15:01:06'),
(206,52,6,'b','390 PS / 1863 N-m',0,0,'2019-06-06 15:01:06','2019-06-06 15:01:06'),
(207,52,7,'c','400 PS / 1863 N-m',1,1,'2019-06-06 15:01:06','2019-06-06 15:01:06'),
(208,52,8,'d','None',0,0,'2019-06-06 15:01:06','2019-06-06 15:01:06'),
(209,53,89,'a','Vernier Caliper',0,1,'2019-06-06 15:01:06','2019-06-06 15:01:06'),
(210,53,92,'b','Bore Gauge',0,0,'2019-06-06 15:01:06','2019-06-06 15:01:06'),
(211,53,91,'c','Micrometer',1,0,'2019-06-06 15:01:06','2019-06-06 15:01:06'),
(212,53,90,'d','Dial Gauge',0,0,'2019-06-06 15:01:06','2019-06-06 15:01:06'),
(213,54,110,'a','Table of Contents',0,0,'2019-06-06 15:01:06','2019-06-06 15:01:06'),
(214,54,112,'b','None',0,0,'2019-06-06 15:01:06','2019-06-06 15:01:06'),
(215,54,111,'c','Tool Bar',1,1,'2019-06-06 15:01:06','2019-06-06 15:01:06'),
(216,54,109,'d','Main Screen',0,0,'2019-06-06 15:01:06','2019-06-06 15:01:06'),
(217,55,87,'a','Auto-limit Type',0,0,'2019-06-06 15:01:06','2019-06-06 15:01:06'),
(218,55,85,'b','Dial Type',0,0,'2019-06-06 15:01:06','2019-06-06 15:01:06'),
(219,55,88,'c','None',0,0,'2019-06-06 15:01:06','2019-06-06 15:01:06'),
(220,55,86,'d','Plate Type',1,1,'2019-06-06 15:01:06','2019-06-06 15:01:06'),
(221,56,131,'a','Diagnostic Trouble Code',0,0,'2019-06-06 15:01:06','2019-06-06 15:01:06'),
(222,56,132,'b','None',0,0,'2019-06-06 15:01:06','2019-06-06 15:01:06'),
(223,56,130,'c','Health Report',1,1,'2019-06-06 15:01:06','2019-06-06 15:01:06'),
(224,56,129,'d','Data Recording Module',0,0,'2019-06-06 15:01:06','2019-06-06 15:01:06'),
(225,57,65,'a','Ratchet Handle',0,1,'2019-06-06 15:01:06','2019-06-06 15:01:06'),
(226,57,68,'b','None',0,0,'2019-06-06 15:01:06','2019-06-06 15:01:06'),
(227,57,66,'c','Speeder Handle',1,0,'2019-06-06 15:01:06','2019-06-06 15:01:06'),
(228,57,67,'d','Spinner Handle',0,0,'2019-06-06 15:01:06','2019-06-06 15:01:06'),
(229,58,101,'a','Find a vernier caliper with a wider main scale to fit the workpiece.',0,0,'2019-06-06 15:01:06','2019-06-06 15:01:06'),
(230,58,102,'b','Hold the vernier caliper at the level of the workpiece\'s opening and estimate its depth.',0,0,'2019-06-06 15:01:06','2019-06-06 15:01:06'),
(231,58,104,'c','None',0,0,'2019-06-06 15:01:06','2019-06-06 15:01:06'),
(232,58,103,'d','Use a straightedge as base then subtract its thickness from the actual reading of the vernier caliper to get the depth.',1,1,'2019-06-06 15:01:06','2019-06-06 15:01:06'),
(233,59,113,'a','Data Recording Module',1,0,'2019-06-06 15:01:06','2019-06-06 15:01:06'),
(234,59,116,'b','None',0,0,'2019-06-06 15:01:06','2019-06-06 15:01:06'),
(235,59,115,'c','Diagnostic Trouble Code',0,0,'2019-06-06 15:01:06','2019-06-06 15:01:06'),
(236,59,114,'d','Health Report',0,1,'2019-06-06 15:01:06','2019-06-06 15:01:06'),
(237,60,29,'a','Vise',1,1,'2019-06-06 15:01:06','2019-06-06 15:01:06'),
(238,60,31,'b','Wrench',0,0,'2019-06-06 15:01:06','2019-06-06 15:01:06'),
(239,60,32,'c','Chisel',0,0,'2019-06-06 15:01:06','2019-06-06 15:01:06'),
(240,60,30,'d','Screwdriver',0,0,'2019-06-06 15:01:06','2019-06-06 15:01:06'),
(241,61,38,'a','Open Wrench',0,0,'2019-06-06 15:01:06','2019-06-06 15:01:06'),
(242,61,39,'b','Pneumatic Wrench',0,1,'2019-06-06 15:01:06','2019-06-06 15:01:06'),
(243,61,37,'c','Box Wrench',1,0,'2019-06-06 15:01:06','2019-06-06 15:01:06'),
(244,61,40,'d','Impact Wrench',0,0,'2019-06-06 15:01:06','2019-06-06 15:01:06'),
(245,62,70,'a','Dial Gauge',1,0,'2019-06-06 15:01:06','2019-06-06 15:01:06'),
(246,62,71,'b','Micrometer',0,0,'2019-06-06 15:01:06','2019-06-06 15:01:06'),
(247,62,69,'c','Vernier Caliper',0,1,'2019-06-06 15:01:06','2019-06-06 15:01:06'),
(248,62,72,'d','Bore Gauge',0,0,'2019-06-06 15:01:06','2019-06-06 15:01:06'),
(249,63,57,'a','Bench Drill',0,1,'2019-06-06 15:01:06','2019-06-06 15:01:06'),
(250,63,60,'b','Electric Drill',1,0,'2019-06-06 15:01:06','2019-06-06 15:01:06'),
(251,63,59,'c','Taps',0,0,'2019-06-06 15:01:06','2019-06-06 15:01:06'),
(252,63,58,'d','Dies',0,0,'2019-06-06 15:01:06','2019-06-06 15:01:06'),
(253,64,97,'a','Lock the micrometer with its anvil and spindle having no gap.',0,0,'2019-06-06 15:01:06','2019-06-06 15:01:06'),
(254,64,99,'b','Lock the micrometer with rubber pad in between the anvil and spindle to keep them apart when stored.',0,0,'2019-06-06 15:01:06','2019-06-06 15:01:06'),
(255,64,100,'c','None',0,1,'2019-06-06 15:01:06','2019-06-06 15:01:06'),
(256,64,98,'d','Lock the micrometer with its anvil and spindle kept apart to provide space for thermal expansion.',1,0,'2019-06-06 15:01:06','2019-06-06 15:01:06'),
(257,65,46,'a','Socket Wrench Set',1,0,'2019-06-06 15:01:06','2019-06-06 15:01:06'),
(258,65,47,'b','Open Wrench Set',0,1,'2019-06-06 15:01:06','2019-06-06 15:01:06'),
(259,65,45,'c','Box Wrench Set',0,0,'2019-06-06 15:01:06','2019-06-06 15:01:06'),
(260,65,48,'d','None',0,0,'2019-06-06 15:01:06','2019-06-06 15:01:06'),
(261,66,52,'a','Nose Pliers',0,1,'2019-06-06 15:01:06','2019-06-06 15:01:06'),
(262,66,51,'b','Combination Pliers',0,0,'2019-06-06 15:01:06','2019-06-06 15:01:06'),
(263,66,49,'c','Vice Grip Pliers',1,0,'2019-06-06 15:01:06','2019-06-06 15:01:06'),
(264,66,50,'d','Cutting Pliers',0,0,'2019-06-06 15:01:06','2019-06-06 15:01:06'),
(265,67,28,'a','None',0,0,'2019-06-06 15:01:06','2019-06-06 15:01:06'),
(266,67,26,'b','Speeder Handle',0,0,'2019-06-06 15:01:06','2019-06-06 15:01:06'),
(267,67,25,'c','Ratchet Handle',1,1,'2019-06-06 15:01:06','2019-06-06 15:01:06'),
(268,67,27,'d','Spinner Handle',0,0,'2019-06-06 15:01:06','2019-06-06 15:01:06'),
(269,68,23,'a','Slide and Speeder Handle',0,0,'2019-06-06 15:01:06','2019-06-06 15:01:06'),
(270,68,21,'b','Open Wrench and Box Wrench',0,0,'2019-06-06 15:01:06','2019-06-06 15:01:06'),
(271,68,24,'c','Extension Bar and Universal Joint',1,0,'2019-06-06 15:01:06','2019-06-06 15:01:06'),
(272,68,22,'d','Pliers and Vice Grip',0,1,'2019-06-06 15:01:06','2019-06-06 15:01:06'),
(273,69,118,'a','Electrical Troubleshooting Manuak',0,1,'2019-06-06 15:01:06','2019-06-06 15:01:06'),
(274,69,117,'b','Workshop Manual',0,0,'2019-06-06 15:01:06','2019-06-06 15:01:06'),
(275,69,120,'c','Service Information',1,0,'2019-06-06 15:01:06','2019-06-06 15:01:06'),
(276,69,119,'d','Service Manual',0,0,'2019-06-06 15:01:06','2019-06-06 15:01:06'),
(277,70,107,'a','Tech 2',0,0,'2019-06-06 15:01:06','2019-06-06 15:01:06'),
(278,70,106,'b','Global - Isuzu Diagnostic Service System',1,1,'2019-06-06 15:01:06','2019-06-06 15:01:06'),
(279,70,105,'c','Global - Isuzu Dealer Service Standards',0,0,'2019-06-06 15:01:06','2019-06-06 15:01:06'),
(280,70,108,'d','TIS 2000',0,0,'2019-06-06 15:01:06','2019-06-06 15:01:06'),
(281,71,36,'a','Impact Wrench',0,0,'2019-06-06 15:01:06','2019-06-06 15:01:06'),
(282,71,35,'b','Pneumatic Wrench',0,0,'2019-06-06 15:01:06','2019-06-06 15:01:06'),
(283,71,33,'c','Box Wrench',0,0,'2019-06-06 15:01:06','2019-06-06 15:01:06'),
(284,71,34,'d','Open Wrench',1,1,'2019-06-06 15:01:06','2019-06-06 15:01:06'),
(285,72,81,'a','Plastigauge',0,1,'2019-06-06 15:01:06','2019-06-06 15:01:06'),
(286,72,82,'b','Cylinder Gauge',0,0,'2019-06-06 15:01:06','2019-06-06 15:01:06'),
(287,72,83,'c','Thickness (Feeler) Gauge',1,0,'2019-06-06 15:01:06','2019-06-06 15:01:06'),
(288,72,84,'d','Bore Gauge',0,0,'2019-06-06 15:01:06','2019-06-06 15:01:06'),
(289,73,122,'a','Zoom Window',0,0,'2019-06-06 15:01:06','2019-06-06 15:01:06'),
(290,73,121,'b','Graph',0,0,'2019-06-06 15:01:06','2019-06-06 15:01:06'),
(291,73,124,'c','None',0,1,'2019-06-06 15:01:06','2019-06-06 15:01:06'),
(292,73,123,'d','Live Data',1,0,'2019-06-06 15:01:06','2019-06-06 15:01:06'),
(293,74,44,'a','Screwdriver',1,1,'2019-06-06 15:01:06','2019-06-06 15:01:06'),
(294,74,42,'b','Socket Wrench',0,0,'2019-06-06 15:01:06','2019-06-06 15:01:06'),
(295,74,43,'c','Hex Nut Wrench',0,0,'2019-06-06 15:01:06','2019-06-06 15:01:06'),
(296,74,41,'d','Spinner Handle',0,0,'2019-06-06 15:01:06','2019-06-06 15:01:06'),
(297,75,64,'a','None',0,0,'2019-06-06 15:01:06','2019-06-06 15:01:06'),
(298,75,63,'b','Hydraulic Press',0,0,'2019-06-06 15:01:06','2019-06-06 15:01:06'),
(299,75,62,'c','Oil Pump',0,1,'2019-06-06 15:01:06','2019-06-06 15:01:06'),
(300,75,61,'d','Air Compressor',1,0,'2019-06-06 15:01:06','2019-06-06 15:01:06'),
(301,76,135,'a','DRM Cable',0,0,'2019-06-06 15:01:06','2019-06-06 15:01:06'),
(302,76,133,'b','Smart DLC Cable',1,0,'2019-06-06 15:01:06','2019-06-06 15:01:06'),
(303,76,136,'c','None',0,0,'2019-06-06 15:01:06','2019-06-06 15:01:06'),
(304,76,134,'d','Interface Box',0,1,'2019-06-06 15:01:06','2019-06-06 15:01:06'),
(305,77,18,'a','Hammer',1,1,'2019-06-06 15:01:06','2019-06-06 15:01:06'),
(306,77,17,'b','Open Wrench',0,0,'2019-06-06 15:01:06','2019-06-06 15:01:06'),
(307,77,20,'c','None',0,0,'2019-06-06 15:01:06','2019-06-06 15:01:06'),
(308,77,19,'d','Chisel',0,0,'2019-06-06 15:01:06','2019-06-06 15:01:06'),
(309,78,125,'a','Utility Function',0,0,'2019-06-06 15:01:06','2019-06-06 15:01:06'),
(310,78,127,'b','Live Data',0,1,'2019-06-06 15:01:06','2019-06-06 15:01:06'),
(311,78,126,'c','Controller Programming',1,0,'2019-06-06 15:01:06','2019-06-06 15:01:06'),
(312,78,128,'d','None',0,0,'2019-06-06 15:01:06','2019-06-06 15:01:06'),
(313,79,93,'a','Vernier Caliper',1,0,'2019-06-06 15:01:06','2019-06-06 15:01:06'),
(314,79,95,'b','Micrometer',0,0,'2019-06-06 15:01:06','2019-06-06 15:01:06'),
(315,79,96,'c','Bore Gauge',0,1,'2019-06-06 15:01:06','2019-06-06 15:01:06'),
(316,79,94,'d','Dial Gauge',0,0,'2019-06-06 15:01:06','2019-06-06 15:01:06'),
(317,80,54,'a','Drill',0,0,'2019-06-06 15:01:06','2019-06-06 15:01:06'),
(318,80,53,'b','Dies',0,0,'2019-06-06 15:01:06','2019-06-06 15:01:06'),
(319,80,55,'c','Taps',1,1,'2019-06-06 15:01:06','2019-06-06 15:01:06'),
(320,80,56,'d','Center Punch',0,0,'2019-06-06 15:01:06','2019-06-06 15:01:06'),
(321,81,78,'a','Cylinder Gauge',0,1,'2019-06-06 15:01:06','2019-06-06 15:01:06'),
(322,81,77,'b','Box Wrench',0,0,'2019-06-06 15:01:06','2019-06-06 15:01:06'),
(323,81,79,'c','Torque Wrench',1,0,'2019-06-06 15:01:06','2019-06-06 15:01:06'),
(324,81,80,'d','Bore Gauge',0,0,'2019-06-06 15:01:06','2019-06-06 15:01:06'),
(325,82,73,'a','Plastigauge',1,0,'2019-06-06 15:01:06','2019-06-06 15:01:06'),
(326,82,74,'b','Cylinder Gauge',0,0,'2019-06-06 15:01:06','2019-06-06 15:01:06'),
(327,82,76,'c','Bore Gauge',0,1,'2019-06-06 15:01:06','2019-06-06 15:01:06'),
(328,82,75,'d','Thickness Gauge',0,0,'2019-06-06 15:01:06','2019-06-06 15:01:06'),
(329,83,174,'a','Power Steering Fluid',0,1,'2019-06-06 15:01:06','2019-06-06 15:01:06'),
(330,83,176,'b','None',0,0,'2019-06-06 15:01:06','2019-06-06 15:01:06'),
(331,83,173,'c','Transmission Fluid',0,0,'2019-06-06 15:01:06','2019-06-06 15:01:06'),
(332,83,175,'d','Brake Fluid',1,0,'2019-06-06 15:01:06','2019-06-06 15:01:06'),
(333,84,153,'a','Oil Filer',0,0,'2019-06-06 15:01:06','2019-06-06 15:01:06'),
(334,84,154,'b','Fuel Filter',0,0,'2019-06-06 15:01:06','2019-06-06 15:01:06'),
(335,84,155,'c','Air Cleaner',1,1,'2019-06-06 15:01:06','2019-06-06 15:01:06'),
(336,84,156,'d','None',0,0,'2019-06-06 15:01:06','2019-06-06 15:01:06'),
(337,85,164,'a','None',0,0,'2019-06-06 15:01:06','2019-06-06 15:01:06'),
(338,85,163,'b','Engine Oil',1,1,'2019-06-06 15:01:06','2019-06-06 15:01:06'),
(339,85,161,'c','Freon',0,0,'2019-06-06 15:01:06','2019-06-06 15:01:06'),
(340,85,162,'d','Long Life Coolant',0,0,'2019-06-06 15:01:06','2019-06-06 15:01:06'),
(341,86,165,'a','Fuel Air Bleeding',1,1,'2019-06-06 15:01:06','2019-06-06 15:01:06'),
(342,86,166,'b','Fuel Drain Water',0,0,'2019-06-06 15:01:06','2019-06-06 15:01:06'),
(343,86,168,'c','None',0,0,'2019-06-06 15:01:06','2019-06-06 15:01:06'),
(344,86,167,'d','Fuel Flushing',0,0,'2019-06-06 15:01:06','2019-06-06 15:01:06'),
(345,87,185,'a','Viscosity',1,1,'2019-06-06 15:01:06','2019-06-06 15:01:06'),
(346,87,186,'b','Malleability',0,0,'2019-06-06 15:01:06','2019-06-06 15:01:06'),
(347,87,188,'c','Turbidity',0,0,'2019-06-06 15:01:06','2019-06-06 15:01:06'),
(348,87,187,'d','Opacity',0,0,'2019-06-06 15:01:06','2019-06-06 15:01:06'),
(349,88,144,'a','None',0,0,'2019-06-06 15:01:06','2019-06-06 15:01:06'),
(350,88,143,'b','Fuel Filter',0,0,'2019-06-06 15:01:06','2019-06-06 15:01:06'),
(351,88,141,'c','Air Filter',0,0,'2019-06-06 15:01:06','2019-06-06 15:01:06'),
(352,88,142,'d','Oil Filter',1,1,'2019-06-06 15:01:06','2019-06-06 15:01:06'),
(353,89,147,'a','Rust Preventive Action',0,0,'2019-06-06 15:01:06','2019-06-06 15:01:06'),
(354,89,148,'b','Cooling Function',1,1,'2019-06-06 15:01:06','2019-06-06 15:01:06'),
(355,89,146,'c','Cleaning Action',0,0,'2019-06-06 15:01:06','2019-06-06 15:01:06'),
(356,89,145,'d','Lubricating Action',0,0,'2019-06-06 15:01:06','2019-06-06 15:01:06'),
(357,90,192,'a','None',0,0,'2019-06-06 15:01:06','2019-06-06 15:01:06'),
(358,90,191,'b','Air Cleaner',0,0,'2019-06-06 15:01:06','2019-06-06 15:01:06'),
(359,90,189,'c','Oil Filter',0,0,'2019-06-06 15:01:06','2019-06-06 15:01:06'),
(360,90,190,'d','Fuel Filter',1,1,'2019-06-06 15:01:06','2019-06-06 15:01:06'),
(361,91,169,'a','Drive Belt',0,0,'2019-06-06 15:01:06','2019-06-06 15:01:06'),
(362,91,171,'b','Propeller Shaft',0,0,'2019-06-06 15:01:06','2019-06-06 15:01:06'),
(363,91,170,'c','Timing Chain',0,0,'2019-06-06 15:01:06','2019-06-06 15:01:06'),
(364,91,172,'d','Clutch',1,1,'2019-06-06 15:01:06','2019-06-06 15:01:06'),
(365,92,179,'a','Transmission',0,0,'2019-06-06 15:01:06','2019-06-06 15:01:06'),
(366,92,178,'b','Differential',1,1,'2019-06-06 15:01:06','2019-06-06 15:01:06'),
(367,92,180,'c','Engine',0,0,'2019-06-06 15:01:06','2019-06-06 15:01:06'),
(368,92,177,'d','Brake',0,0,'2019-06-06 15:01:06','2019-06-06 15:01:06'),
(369,93,182,'a','Brake System',0,0,'2019-06-06 15:01:06','2019-06-06 15:01:06'),
(370,93,181,'b','Steering System',1,1,'2019-06-06 15:01:06','2019-06-06 15:01:06'),
(371,93,183,'c','Transmission System',0,0,'2019-06-06 15:01:06','2019-06-06 15:01:06'),
(372,93,184,'d','Engine System',0,0,'2019-06-06 15:01:06','2019-06-06 15:01:06'),
(373,94,149,'a','Drive Belt',1,1,'2019-06-06 15:01:06','2019-06-06 15:01:06'),
(374,94,151,'b','Conveyor Belt',0,0,'2019-06-06 15:01:06','2019-06-06 15:01:06'),
(375,94,152,'c','None',0,0,'2019-06-06 15:01:06','2019-06-06 15:01:06'),
(376,94,150,'d','Chain',0,0,'2019-06-06 15:01:06','2019-06-06 15:01:06'),
(377,95,160,'a','None',0,0,'2019-06-06 15:01:06','2019-06-06 15:01:06'),
(378,95,158,'b','Long Life Coolant',1,1,'2019-06-06 15:01:06','2019-06-06 15:01:06'),
(379,95,159,'c','Engine Oil',0,0,'2019-06-06 15:01:06','2019-06-06 15:01:06'),
(380,95,157,'d','Freon',0,0,'2019-06-06 15:01:06','2019-06-06 15:01:06'),
(381,96,140,'a','None',0,0,'2019-06-06 15:01:06','2019-06-06 15:01:06'),
(382,96,137,'b','Periodic Maintenance',1,1,'2019-06-06 15:01:06','2019-06-06 15:01:06'),
(383,96,138,'c','Troubleshooting',0,0,'2019-06-06 15:01:06','2019-06-06 15:01:06'),
(384,96,139,'d','Inspection',0,0,'2019-06-06 15:01:06','2019-06-06 15:01:06'),
(385,97,212,'a','Exhaust Stroke',0,0,'2019-06-06 15:07:39','2019-06-06 15:07:39'),
(386,97,209,'b','Intake Stroke',1,0,'2019-06-06 15:07:39','2019-06-06 15:07:39'),
(387,97,210,'c','Compression Stroke',0,1,'2019-06-06 15:07:39','2019-06-06 15:07:39'),
(388,97,211,'d','Combustion Stroke',0,0,'2019-06-06 15:07:39','2019-06-06 15:07:39'),
(389,98,207,'a','32%',0,0,'2019-06-06 15:07:39','2019-06-06 15:07:39'),
(390,98,205,'b','100%',0,0,'2019-06-06 15:07:39','2019-06-06 15:07:39'),
(391,98,208,'c','None',0,0,'2019-06-06 15:07:39','2019-06-06 15:07:39'),
(392,98,206,'d','46%',1,1,'2019-06-06 15:07:39','2019-06-06 15:07:39'),
(393,99,202,'a','Both air and fuel is drawn in',1,0,'2019-06-06 15:07:39','2019-06-06 15:07:39'),
(394,99,204,'b','None',0,0,'2019-06-06 15:07:39','2019-06-06 15:07:39'),
(395,99,201,'c','Only air is drawn in.',0,0,'2019-06-06 15:07:39','2019-06-06 15:07:39'),
(396,99,203,'d','Only fuel is drawn in',0,1,'2019-06-06 15:07:39','2019-06-06 15:07:39'),
(397,100,196,'a','None',0,0,'2019-06-06 15:07:39','2019-06-06 15:07:39'),
(398,100,194,'b','Automobile Suspension',0,0,'2019-06-06 15:07:39','2019-06-06 15:07:39'),
(399,100,193,'c','Automobile Engines',1,1,'2019-06-06 15:07:39','2019-06-06 15:07:39'),
(400,100,195,'d','Automobile Transmission',0,0,'2019-06-06 15:07:39','2019-06-06 15:07:39'),
(401,101,199,'a','Diesel Engines',1,1,'2019-06-06 15:07:39','2019-06-06 15:07:39'),
(402,101,197,'b','Gasoline Engines',0,0,'2019-06-06 15:07:39','2019-06-06 15:07:39'),
(403,101,200,'c','Hybrid Engines',0,0,'2019-06-06 15:07:39','2019-06-06 15:07:39'),
(404,101,198,'d','Gas Turbine Engine',0,0,'2019-06-06 15:07:39','2019-06-06 15:07:39'),
(405,102,233,'a','1.495 L',0,0,'2019-06-06 15:07:39','2019-06-06 15:07:39'),
(406,102,234,'b','14.700 L',0,0,'2019-06-06 15:07:39','2019-06-06 15:07:39'),
(407,102,236,'c','None',0,0,'2019-06-06 15:07:39','2019-06-06 15:07:39'),
(408,102,235,'d','2.999 L',1,1,'2019-06-06 15:07:39','2019-06-06 15:07:39'),
(409,103,228,'a','None',0,0,'2019-06-06 15:07:39','2019-06-06 15:07:39'),
(410,103,225,'b','Compression Ratio',1,1,'2019-06-06 15:07:39','2019-06-06 15:07:39'),
(411,103,227,'c','Piston Displacement',0,0,'2019-06-06 15:07:39','2019-06-06 15:07:39'),
(412,103,226,'d','Air Fuel Ratio',0,0,'2019-06-06 15:07:39','2019-06-06 15:07:39'),
(413,104,221,'a','Power',0,0,'2019-06-06 15:07:39','2019-06-06 15:07:39'),
(414,104,224,'b','None',0,0,'2019-06-06 15:07:39','2019-06-06 15:07:39'),
(415,104,222,'c','Torque',1,1,'2019-06-06 15:07:39','2019-06-06 15:07:39'),
(416,104,223,'d','Acceleration',0,0,'2019-06-06 15:07:39','2019-06-06 15:07:39'),
(417,105,232,'a','None',0,0,'2019-06-06 15:07:39','2019-06-06 15:07:39'),
(418,105,231,'b','Acceleration',0,0,'2019-06-06 15:07:39','2019-06-06 15:07:39'),
(419,105,229,'c','Power',1,1,'2019-06-06 15:07:39','2019-06-06 15:07:39'),
(420,105,230,'d','Torque',0,0,'2019-06-06 15:07:39','2019-06-06 15:07:39'),
(421,106,219,'a','Power Chart',1,0,'2019-06-06 15:07:39','2019-06-06 15:07:39'),
(422,106,220,'b','None',0,0,'2019-06-06 15:07:39','2019-06-06 15:07:39'),
(423,106,218,'c','Engine Performance Curve',0,1,'2019-06-06 15:07:39','2019-06-06 15:07:39'),
(424,106,217,'d','Stress-Strain Curve',0,0,'2019-06-06 15:07:39','2019-06-06 15:07:39'),
(425,107,214,'a','Air Fuel Ratio',0,0,'2019-06-06 15:07:39','2019-06-06 15:07:39'),
(426,107,215,'b','Piston Displacement',1,1,'2019-06-06 15:07:39','2019-06-06 15:07:39'),
(427,107,213,'c','Compression Ratio',0,0,'2019-06-06 15:07:39','2019-06-06 15:07:39'),
(428,107,216,'d','None',0,0,'2019-06-06 15:07:39','2019-06-06 15:07:39'),
(429,108,241,'a','4.199 L',0,0,'2019-06-06 15:07:39','2019-06-06 15:07:39'),
(430,108,244,'b','None',0,0,'2019-06-06 15:07:39','2019-06-06 15:07:39'),
(431,108,242,'c','7.790 L',1,0,'2019-06-06 15:07:39','2019-06-06 15:07:39'),
(432,108,243,'d','2.489 L',0,1,'2019-06-06 15:07:39','2019-06-06 15:07:39'),
(433,109,239,'a','5.5 N-m',0,0,'2019-06-06 15:07:39','2019-06-06 15:07:39'),
(434,109,237,'b','10 N-m',0,0,'2019-06-06 15:07:39','2019-06-06 15:07:39'),
(435,109,238,'c','6 N-m',1,1,'2019-06-06 15:07:39','2019-06-06 15:07:39'),
(436,109,240,'d','None',0,0,'2019-06-06 15:07:39','2019-06-06 15:07:39'),
(437,110,245,'a','Cylinder Bore',0,1,'2019-06-06 15:07:39','2019-06-06 15:07:39'),
(438,110,246,'b','Cylinder Stroke',0,0,'2019-06-06 15:07:39','2019-06-06 15:07:39'),
(439,110,247,'c','Cylinder Block',0,0,'2019-06-06 15:07:39','2019-06-06 15:07:39'),
(440,110,248,'d','Cylinder Head',1,0,'2019-06-06 15:07:39','2019-06-06 15:07:39'),
(441,111,249,'a','Camshaft',0,0,'2019-06-06 15:07:39','2019-06-06 15:07:39'),
(442,111,250,'b','Crankshaft',1,0,'2019-06-06 15:07:39','2019-06-06 15:07:39'),
(443,111,252,'c','None',0,0,'2019-06-06 15:07:39','2019-06-06 15:07:39'),
(444,111,251,'d','Propeller Shaft',0,1,'2019-06-06 15:07:39','2019-06-06 15:07:39'),
(445,112,262,'a','Double Overhead Cam',0,0,'2019-06-06 15:07:39','2019-06-06 15:07:39'),
(446,112,261,'b','Single Overhead Cam',0,0,'2019-06-06 15:07:39','2019-06-06 15:07:39'),
(447,112,263,'c','Overhead Cam',0,1,'2019-06-06 15:07:39','2019-06-06 15:07:39'),
(448,112,264,'d','Overhead Valve',1,0,'2019-06-06 15:07:39','2019-06-06 15:07:39'),
(449,113,268,'a','None',0,0,'2019-06-06 15:07:39','2019-06-06 15:07:39'),
(450,113,266,'b','Valves',1,1,'2019-06-06 15:07:39','2019-06-06 15:07:39'),
(451,113,267,'c','Crankshaft',0,0,'2019-06-06 15:07:39','2019-06-06 15:07:39'),
(452,113,265,'d','Piston',0,0,'2019-06-06 15:07:39','2019-06-06 15:07:39'),
(453,114,260,'a','None',0,0,'2019-06-06 15:07:39','2019-06-06 15:07:39'),
(454,114,257,'b','Integrated Cylinders',1,1,'2019-06-06 15:07:39','2019-06-06 15:07:39'),
(455,114,259,'c','Open Liner Type',0,0,'2019-06-06 15:07:39','2019-06-06 15:07:39'),
(456,114,258,'d','Liner Type',0,0,'2019-06-06 15:07:39','2019-06-06 15:07:39'),
(457,115,255,'a','Cylinder Block',1,1,'2019-06-06 15:07:39','2019-06-06 15:07:39'),
(458,115,253,'b','Cylinder Bore',0,0,'2019-06-06 15:07:39','2019-06-06 15:07:39'),
(459,115,256,'c','Cylinder Head',0,0,'2019-06-06 15:07:39','2019-06-06 15:07:39'),
(460,115,254,'d','Cylinder Stroke',0,0,'2019-06-06 15:07:39','2019-06-06 15:07:39'),
(461,116,296,'a','None',0,0,'2019-06-06 15:07:39','2019-06-06 15:07:39'),
(462,116,295,'b','Cooling Action',0,0,'2019-06-06 15:07:39','2019-06-06 15:07:39'),
(463,116,293,'c','Cryoprotective Action',1,1,'2019-06-06 15:07:39','2019-06-06 15:07:39'),
(464,116,294,'d','Rust Prevention',0,0,'2019-06-06 15:07:39','2019-06-06 15:07:39'),
(465,117,284,'a','Water Pump',1,1,'2019-06-06 15:07:39','2019-06-06 15:07:39'),
(466,117,283,'b','Thermostat',0,0,'2019-06-06 15:07:39','2019-06-06 15:07:39'),
(467,117,282,'c','Cooling Fan',0,0,'2019-06-06 15:07:39','2019-06-06 15:07:39'),
(468,117,281,'d','Radiator',0,0,'2019-06-06 15:07:39','2019-06-06 15:07:39'),
(469,118,288,'a','Radiator Cap',0,0,'2019-06-06 15:07:39','2019-06-06 15:07:39'),
(470,118,287,'b','Fan Belt',0,0,'2019-06-06 15:07:39','2019-06-06 15:07:39'),
(471,118,286,'c','Fan Clutch',1,1,'2019-06-06 15:07:39','2019-06-06 15:07:39'),
(472,118,285,'d','Water Pump',0,0,'2019-06-06 15:07:39','2019-06-06 15:07:39'),
(473,119,276,'a','Radiator',1,1,'2019-06-06 15:07:39','2019-06-06 15:07:39'),
(474,119,274,'b','Radiator Cap',0,0,'2019-06-06 15:07:39','2019-06-06 15:07:39'),
(475,119,275,'c','Thermostat',0,0,'2019-06-06 15:07:39','2019-06-06 15:07:39'),
(476,119,273,'d','Water Pump',0,0,'2019-06-06 15:07:39','2019-06-06 15:07:39'),
(477,120,272,'a','Intake and Exhaust',0,0,'2019-06-06 15:07:39','2019-06-06 15:07:39'),
(478,120,271,'b','Lubrication System',0,0,'2019-06-06 15:07:39','2019-06-06 15:07:39'),
(479,120,269,'c','Cooling System',1,1,'2019-06-06 15:07:39','2019-06-06 15:07:39'),
(480,120,270,'d','Fuel System',0,0,'2019-06-06 15:07:39','2019-06-06 15:07:39'),
(481,121,279,'a','Thermostat',0,1,'2019-06-06 15:07:39','2019-06-06 15:07:39'),
(482,121,278,'b','Cooling Fan',0,0,'2019-06-06 15:07:39','2019-06-06 15:07:39'),
(483,121,280,'c','Water Pump',0,0,'2019-06-06 15:07:39','2019-06-06 15:07:39'),
(484,121,277,'d','Radiator',1,0,'2019-06-06 15:07:39','2019-06-06 15:07:39'),
(485,122,298,'a','Radiator',0,0,'2019-06-06 15:07:39','2019-06-06 15:07:39'),
(486,122,297,'b','Water Pump',0,0,'2019-06-06 15:07:39','2019-06-06 15:07:39'),
(487,122,299,'c','Radiator Cap',1,1,'2019-06-06 15:07:39','2019-06-06 15:07:39'),
(488,122,300,'d','None',0,0,'2019-06-06 15:07:39','2019-06-06 15:07:39'),
(489,123,292,'a','Brake Fluid',0,0,'2019-06-06 15:07:39','2019-06-06 15:07:39'),
(490,123,290,'b','Engine Oil',0,0,'2019-06-06 15:07:39','2019-06-06 15:07:39'),
(491,123,289,'c','Coolant',1,1,'2019-06-06 15:07:39','2019-06-06 15:07:39'),
(492,123,291,'d','Grease',0,0,'2019-06-06 15:07:39','2019-06-06 15:07:39'),
(493,124,303,'a','Lubrication System',1,1,'2019-06-06 15:07:39','2019-06-06 15:07:39'),
(494,124,302,'b','Fuel System',0,0,'2019-06-06 15:07:39','2019-06-06 15:07:39'),
(495,124,304,'c','None',0,0,'2019-06-06 15:07:39','2019-06-06 15:07:39'),
(496,124,301,'d','Cooling System',0,0,'2019-06-06 15:07:39','2019-06-06 15:07:39'),
(497,125,318,'a','Oil Gallery',0,0,'2019-06-06 15:07:39','2019-06-06 15:07:39'),
(498,125,317,'b','Oil Pump',1,1,'2019-06-06 15:07:39','2019-06-06 15:07:39'),
(499,125,320,'c','None',0,0,'2019-06-06 15:07:39','2019-06-06 15:07:39'),
(500,125,319,'d','Oil Filter',0,0,'2019-06-06 15:07:39','2019-06-06 15:07:39'),
(501,126,323,'a','Sealing Action',0,0,'2019-06-06 15:07:39','2019-06-06 15:07:39'),
(502,126,322,'b','Lubricating Action',0,0,'2019-06-06 15:07:39','2019-06-06 15:07:39'),
(503,126,324,'c','Acid Neutralization',1,0,'2019-06-06 15:07:39','2019-06-06 15:07:39'),
(504,126,321,'d','Purifying Action',0,1,'2019-06-06 15:07:39','2019-06-06 15:07:39'),
(505,127,312,'a','None',0,0,'2019-06-06 15:07:39','2019-06-06 15:07:39'),
(506,127,310,'b','Society of Automotive Engineers',0,1,'2019-06-06 15:07:39','2019-06-06 15:07:39'),
(507,127,309,'c','American Petroleum Institute',1,0,'2019-06-06 15:07:39','2019-06-06 15:07:39'),
(508,127,311,'d','ILSAC',0,0,'2019-06-06 15:07:39','2019-06-06 15:07:39'),
(509,128,306,'a','Anti-Rust Action',1,1,'2019-06-06 15:07:39','2019-06-06 15:07:39'),
(510,128,305,'b','Sealing Action',0,0,'2019-06-06 15:07:39','2019-06-06 15:07:39'),
(511,128,308,'c','None',0,0,'2019-06-06 15:07:39','2019-06-06 15:07:39'),
(512,128,307,'d','Purifying Action',0,0,'2019-06-06 15:07:39','2019-06-06 15:07:39'),
(513,129,313,'a','Oil Pump',0,0,'2019-06-06 15:07:39','2019-06-06 15:07:39'),
(514,129,316,'b','None',0,0,'2019-06-06 15:07:39','2019-06-06 15:07:39'),
(515,129,314,'c','Oil Gallery',0,0,'2019-06-06 15:07:39','2019-06-06 15:07:39'),
(516,129,315,'d','Oil Filter',1,1,'2019-06-06 15:07:39','2019-06-06 15:07:39'),
(517,130,341,'a','Radiator',0,0,'2019-06-06 15:07:39','2019-06-06 15:07:39'),
(518,130,342,'b','Condenser',0,0,'2019-06-06 15:07:39','2019-06-06 15:07:39'),
(519,130,343,'c','Intercooler',1,1,'2019-06-06 15:07:39','2019-06-06 15:07:39'),
(520,130,344,'d','Evaporator',0,0,'2019-06-06 15:07:39','2019-06-06 15:07:39'),
(521,131,349,'a','Intake Manifold',0,0,'2019-06-06 15:07:39','2019-06-06 15:07:39'),
(522,131,350,'b','Exhaust Manifold',0,0,'2019-06-06 15:07:39','2019-06-06 15:07:39'),
(523,131,351,'c','Exhaust Gas Recirculator',0,1,'2019-06-06 15:07:39','2019-06-06 15:07:39'),
(524,131,352,'d','Diesel Oxidation Catalyst',1,0,'2019-06-06 15:07:39','2019-06-06 15:07:39'),
(525,132,326,'a','Air Filter',1,1,'2019-06-06 15:07:39','2019-06-06 15:07:39'),
(526,132,327,'b','Fuel Filter',0,0,'2019-06-06 15:07:39','2019-06-06 15:07:39'),
(527,132,328,'c','Water Sedimentor',0,0,'2019-06-06 15:07:39','2019-06-06 15:07:39'),
(528,132,325,'d','Oil Filter',0,0,'2019-06-06 15:07:39','2019-06-06 15:07:39'),
(529,133,333,'a','Variable Geometry System',1,1,'2019-06-06 15:07:39','2019-06-06 15:07:39'),
(530,133,336,'b','Naturally Aspirated',0,0,'2019-06-06 15:07:39','2019-06-06 15:07:39'),
(531,133,335,'c','Supercharger',0,0,'2019-06-06 15:07:39','2019-06-06 15:07:39'),
(532,133,334,'d','Conventional Turbocharger',0,0,'2019-06-06 15:07:39','2019-06-06 15:07:39'),
(533,134,337,'a','Turbocharger',1,1,'2019-06-06 15:07:39','2019-06-06 15:07:39'),
(534,134,340,'b','None',0,0,'2019-06-06 15:07:39','2019-06-06 15:07:39'),
(535,134,338,'c','Supercharger',0,0,'2019-06-06 15:07:39','2019-06-06 15:07:39'),
(536,134,339,'d','Naturally Aspirated',0,0,'2019-06-06 15:07:39','2019-06-06 15:07:39'),
(537,135,332,'a','Intake Manifold',1,1,'2019-06-06 15:07:39','2019-06-06 15:07:39'),
(538,135,330,'b','Catalytic Converter',0,0,'2019-06-06 15:07:39','2019-06-06 15:07:39'),
(539,135,329,'c','Exhaust Manifold',0,0,'2019-06-06 15:07:39','2019-06-06 15:07:39'),
(540,135,331,'d','Fuel Filter',0,0,'2019-06-06 15:07:39','2019-06-06 15:07:39'),
(541,136,353,'a','Intake Manifold',0,0,'2019-06-06 15:07:39','2019-06-06 15:07:39'),
(542,136,355,'b','Exhaust Gas Recirculator',1,0,'2019-06-06 15:07:39','2019-06-06 15:07:39'),
(543,136,356,'c','Diesel Oxidation Catalyst',0,1,'2019-06-06 15:07:39','2019-06-06 15:07:39'),
(544,136,354,'d','Exhaust Manifold',0,0,'2019-06-06 15:07:39','2019-06-06 15:07:39'),
(545,137,346,'a','Exhaust Manifold',1,1,'2019-06-06 15:07:39','2019-06-06 15:07:39'),
(546,137,348,'b','Diesel Oxidation Catalyst',0,0,'2019-06-06 15:07:39','2019-06-06 15:07:39'),
(547,137,345,'c','Intake Manifold',0,0,'2019-06-06 15:07:39','2019-06-06 15:07:39'),
(548,137,347,'d','Exhaust Gas Recirculator',0,0,'2019-06-06 15:07:39','2019-06-06 15:07:39'),
(549,138,377,'a','Pintle Type Injector',0,0,'2019-06-06 15:07:39','2019-06-06 15:07:39'),
(550,138,379,'b','Multi-Hole Injector',1,0,'2019-06-06 15:07:39','2019-06-06 15:07:39'),
(551,138,380,'c','None',0,0,'2019-06-06 15:07:39','2019-06-06 15:07:39'),
(552,138,378,'d','Electronic Fuel Injector',0,1,'2019-06-06 15:07:39','2019-06-06 15:07:39'),
(553,139,385,'a','Governor',0,0,'2019-06-06 15:07:39','2019-06-06 15:07:39'),
(554,139,388,'b','Electronic Control Module',1,1,'2019-06-06 15:07:39','2019-06-06 15:07:39'),
(555,139,387,'c','Injection Pump',0,0,'2019-06-06 15:07:39','2019-06-06 15:07:39'),
(556,139,386,'d','Timer',0,0,'2019-06-06 15:07:39','2019-06-06 15:07:39'),
(557,140,366,'a','Common-Rail Direct Injection',1,1,'2019-06-06 15:07:39','2019-06-06 15:07:39'),
(558,140,367,'b','Direct Injection',0,0,'2019-06-06 15:07:39','2019-06-06 15:07:39'),
(559,140,368,'c','None',0,0,'2019-06-06 15:07:39','2019-06-06 15:07:39'),
(560,140,365,'d','Indirect Injection',0,0,'2019-06-06 15:07:39','2019-06-06 15:07:39'),
(561,141,360,'a','Distributor Injection Pump',1,1,'2019-06-06 15:07:39','2019-06-06 15:07:39'),
(562,141,359,'b','Water Pump',0,0,'2019-06-06 15:07:39','2019-06-06 15:07:39'),
(563,141,358,'c','In-Line Injection Pump',0,0,'2019-06-06 15:07:39','2019-06-06 15:07:39'),
(564,141,357,'d','Supply Pump',0,0,'2019-06-06 15:07:39','2019-06-06 15:07:39'),
(565,142,381,'a','Supply Pump',1,0,'2019-06-06 15:07:39','2019-06-06 15:07:39'),
(566,142,383,'b','Water Pump',0,0,'2019-06-06 15:07:39','2019-06-06 15:07:39'),
(567,142,382,'c','In-Line Injection Pump',0,1,'2019-06-06 15:07:39','2019-06-06 15:07:39'),
(568,142,384,'d','Distributor Type Injection Pump',0,0,'2019-06-06 15:07:39','2019-06-06 15:07:39'),
(569,143,364,'a','Injection Timing',0,0,'2019-06-06 15:07:39','2019-06-06 15:07:39'),
(570,143,363,'b','Homologation',1,1,'2019-06-06 15:07:39','2019-06-06 15:07:39'),
(571,143,362,'c','Initial Injection Pressure',0,0,'2019-06-06 15:07:39','2019-06-06 15:07:39'),
(572,143,361,'d','Spray Pattern',0,0,'2019-06-06 15:07:39','2019-06-06 15:07:39'),
(573,144,389,'a','Injector Pipe',0,0,'2019-06-06 15:07:39','2019-06-06 15:07:39'),
(574,144,392,'b','None',0,0,'2019-06-06 15:07:39','2019-06-06 15:07:39'),
(575,144,390,'c','Fuel Rail',1,1,'2019-06-06 15:07:39','2019-06-06 15:07:39'),
(576,144,391,'d','Injector',0,0,'2019-06-06 15:07:39','2019-06-06 15:07:39'),
(577,145,369,'a','ID Code',1,1,'2019-06-06 15:07:39','2019-06-06 15:07:39'),
(578,145,370,'b','PIN Code',0,0,'2019-06-06 15:07:39','2019-06-06 15:07:39'),
(579,145,371,'c','Initialization Code',0,0,'2019-06-06 15:07:39','2019-06-06 15:07:39'),
(580,145,372,'d','None',0,0,'2019-06-06 15:07:39','2019-06-06 15:07:39'),
(581,146,374,'a','Injection End',0,0,'2019-06-06 15:07:39','2019-06-06 15:07:39'),
(582,146,375,'b','Injection Start',1,1,'2019-06-06 15:07:39','2019-06-06 15:07:39'),
(583,146,373,'c','Non-Injection State',0,0,'2019-06-06 15:07:39','2019-06-06 15:07:39'),
(584,146,376,'d','None',0,0,'2019-06-06 15:07:39','2019-06-06 15:07:39'),
(585,147,519,'a','Planetary Gear Assembly',0,0,'2019-06-06 15:22:22','2019-06-06 15:22:22'),
(586,147,520,'b','Oil Pump',1,1,'2019-06-06 15:22:22','2019-06-06 15:22:22'),
(587,147,517,'c','Clutches and Brakes',0,0,'2019-06-06 15:22:22','2019-06-06 15:22:22'),
(588,147,518,'d','Forward Clutch Assembly',0,0,'2019-06-06 15:22:22','2019-06-06 15:22:22'),
(589,148,408,'a','Synchronizer',1,1,'2019-06-06 15:22:22','2019-06-06 15:22:22'),
(590,148,406,'b','Release Bearing',0,0,'2019-06-06 15:22:22','2019-06-06 15:22:22'),
(591,148,405,'c','Shift Fork',0,0,'2019-06-06 15:22:22','2019-06-06 15:22:22'),
(592,148,407,'d','Clutch',0,0,'2019-06-06 15:22:22','2019-06-06 15:22:22'),
(593,149,494,'a','IGMO XTRM 15W-40',0,0,'2019-06-06 15:22:22','2019-06-06 15:22:22'),
(594,149,493,'b','Delo GL-5 (80W-90, 85W-40)',0,1,'2019-06-06 15:22:22','2019-06-06 15:22:22'),
(595,149,495,'c','BESCO Transaxle Oil 5W-30',1,0,'2019-06-06 15:22:22','2019-06-06 15:22:22'),
(596,149,496,'d','DEXRON III',0,0,'2019-06-06 15:22:22','2019-06-06 15:22:22'),
(597,150,524,'a','Oil Pump',0,0,'2019-06-06 15:22:22','2019-06-06 15:22:22'),
(598,150,522,'b','Forward Clutch Assembly',0,0,'2019-06-06 15:22:22','2019-06-06 15:22:22'),
(599,150,523,'c','Planetary Gear Assembly',0,1,'2019-06-06 15:22:22','2019-06-06 15:22:22'),
(600,150,521,'d','Clutches and Brakes',1,0,'2019-06-06 15:22:22','2019-06-06 15:22:22'),
(601,151,452,'a','Clutch Cover Assembly',1,0,'2019-06-06 15:22:22','2019-06-06 15:22:22'),
(602,151,450,'b','Master Cylinder',0,1,'2019-06-06 15:22:22','2019-06-06 15:22:22'),
(603,151,449,'c','Clutch',0,0,'2019-06-06 15:22:22','2019-06-06 15:22:22'),
(604,151,451,'d','Clutch Pedal',0,0,'2019-06-06 15:22:22','2019-06-06 15:22:22'),
(605,152,536,'a','Mainshaft',0,0,'2019-06-06 15:22:22','2019-06-06 15:22:22'),
(606,152,534,'b','Output Shaft',0,1,'2019-06-06 15:22:22','2019-06-06 15:22:22'),
(607,152,535,'c','Intermediate Shaft',0,0,'2019-06-06 15:22:22','2019-06-06 15:22:22'),
(608,152,533,'d','Input Shaft',1,0,'2019-06-06 15:22:22','2019-06-06 15:22:22'),
(609,153,491,'a','BESCO Transaxle Oil 5W-30',0,0,'2019-06-06 15:22:22','2019-06-06 15:22:22'),
(610,153,490,'b','IGMO XTRM 15W-40',0,1,'2019-06-06 15:22:22','2019-06-06 15:22:22'),
(611,153,492,'c','DEXRON III',0,0,'2019-06-06 15:22:22','2019-06-06 15:22:22'),
(612,153,489,'d','Delo GL-5 (80W-90, 85W-40)',1,0,'2019-06-06 15:22:22','2019-06-06 15:22:22'),
(613,154,512,'a','Lock-up Clutch',1,0,'2019-06-06 15:22:22','2019-06-06 15:22:22'),
(614,154,510,'b','Turbine Runner',0,1,'2019-06-06 15:22:22','2019-06-06 15:22:22'),
(615,154,511,'c','Stator',0,0,'2019-06-06 15:22:22','2019-06-06 15:22:22'),
(616,154,509,'d','Pump Impeller',0,0,'2019-06-06 15:22:22','2019-06-06 15:22:22'),
(617,155,403,'a','Input Shaft',0,0,'2019-06-06 15:22:22','2019-06-06 15:22:22'),
(618,155,404,'b','Shift Shaft',0,0,'2019-06-06 15:22:22','2019-06-06 15:22:22'),
(619,155,402,'c','Mainshaft',1,0,'2019-06-06 15:22:22','2019-06-06 15:22:22'),
(620,155,401,'d','Countershaft',0,1,'2019-06-06 15:22:22','2019-06-06 15:22:22'),
(621,156,447,'a','Sliding Mesh',0,0,'2019-06-06 15:22:22','2019-06-06 15:22:22'),
(622,156,448,'b','Sequential Transmission',0,0,'2019-06-06 15:22:22','2019-06-06 15:22:22'),
(623,156,445,'c','Constant Mesh',1,0,'2019-06-06 15:22:22','2019-06-06 15:22:22'),
(624,156,446,'d','Synchromesh',0,1,'2019-06-06 15:22:22','2019-06-06 15:22:22'),
(625,157,477,'a','Extension Housing',0,0,'2019-06-06 15:22:22','2019-06-06 15:22:22'),
(626,157,480,'b','Input Shaft',0,0,'2019-06-06 15:22:22','2019-06-06 15:22:22'),
(627,157,478,'c','Transmission Case',0,0,'2019-06-06 15:22:22','2019-06-06 15:22:22'),
(628,157,479,'d','Front Bearing Hub/Cap',1,1,'2019-06-06 15:22:22','2019-06-06 15:22:22'),
(629,158,427,'a','Sliding Mesh',0,0,'2019-06-06 15:22:22','2019-06-06 15:22:22'),
(630,158,425,'b','Constant Mesh',0,1,'2019-06-06 15:22:22','2019-06-06 15:22:22'),
(631,158,428,'c','Sequential Transmission',0,0,'2019-06-06 15:22:22','2019-06-06 15:22:22'),
(632,158,426,'d','Synchromesh',1,0,'2019-06-06 15:22:22','2019-06-06 15:22:22'),
(633,159,481,'a','Countershaft',1,0,'2019-06-06 15:22:22','2019-06-06 15:22:22'),
(634,159,484,'b','None',0,1,'2019-06-06 15:22:22','2019-06-06 15:22:22'),
(635,159,482,'c','Mainshaft',0,0,'2019-06-06 15:22:22','2019-06-06 15:22:22'),
(636,159,483,'d','Input Shaft',0,0,'2019-06-06 15:22:22','2019-06-06 15:22:22'),
(637,160,476,'a','Input Shaft',0,0,'2019-06-06 15:22:22','2019-06-06 15:22:22'),
(638,160,475,'b','Front Bearing Hub/Cap',0,0,'2019-06-06 15:22:22','2019-06-06 15:22:22'),
(639,160,474,'c','Transmission Case',1,1,'2019-06-06 15:22:22','2019-06-06 15:22:22'),
(640,160,473,'d','Extension Housing',0,0,'2019-06-06 15:22:22','2019-06-06 15:22:22'),
(641,161,398,'a','Synchromesh',0,0,'2019-06-06 15:22:22','2019-06-06 15:22:22'),
(642,161,400,'b','Sequential Transmission',0,0,'2019-06-06 15:22:22','2019-06-06 15:22:22'),
(643,161,397,'c','Constant Mesh',0,0,'2019-06-06 15:22:22','2019-06-06 15:22:22'),
(644,161,399,'d','Sliding Mesh',1,1,'2019-06-06 15:22:22','2019-06-06 15:22:22'),
(645,162,513,'a','Clutches and Brakes',0,0,'2019-06-06 15:22:22','2019-06-06 15:22:22'),
(646,162,515,'b','Planetary Gear Assembly',0,1,'2019-06-06 15:22:22','2019-06-06 15:22:22'),
(647,162,514,'c','Forward Clutch Assembly',1,0,'2019-06-06 15:22:22','2019-06-06 15:22:22'),
(648,162,516,'d','Oil Pump',0,0,'2019-06-06 15:22:22','2019-06-06 15:22:22'),
(649,163,552,'a','Clutches and Brakes',0,0,'2019-06-06 15:22:22','2019-06-06 15:22:22'),
(650,163,550,'b','Solenoids',0,0,'2019-06-06 15:22:22','2019-06-06 15:22:22'),
(651,163,549,'c','Select Lever',1,1,'2019-06-06 15:22:22','2019-06-06 15:22:22'),
(652,163,551,'d','Switches',0,0,'2019-06-06 15:22:22','2019-06-06 15:22:22'),
(653,164,440,'a','Oil Pump',1,1,'2019-06-06 15:22:22','2019-06-06 15:22:22'),
(654,164,437,'b','Constant Mesh',0,0,'2019-06-06 15:22:22','2019-06-06 15:22:22'),
(655,164,438,'c','Synchromesh',0,0,'2019-06-06 15:22:22','2019-06-06 15:22:22'),
(656,164,439,'d','Sliding Mesh',0,0,'2019-06-06 15:22:22','2019-06-06 15:22:22'),
(657,165,435,'a','Countershaft',0,0,'2019-06-06 15:22:22','2019-06-06 15:22:22'),
(658,165,436,'b','Mainshaft',0,1,'2019-06-06 15:22:22','2019-06-06 15:22:22'),
(659,165,434,'c','Output Shaft',0,0,'2019-06-06 15:22:22','2019-06-06 15:22:22'),
(660,165,433,'d','Input Shaft',1,0,'2019-06-06 15:22:22','2019-06-06 15:22:22'),
(661,166,530,'a','Output Shaft',1,0,'2019-06-06 15:22:22','2019-06-06 15:22:22'),
(662,166,531,'b','Intermediate Shaft',0,1,'2019-06-06 15:22:22','2019-06-06 15:22:22'),
(663,166,532,'c','Mainshaft',0,0,'2019-06-06 15:22:22','2019-06-06 15:22:22'),
(664,166,529,'d','Input Shaft',0,0,'2019-06-06 15:22:22','2019-06-06 15:22:22'),
(665,167,547,'a','Switches',1,0,'2019-06-06 15:22:22','2019-06-06 15:22:22'),
(666,167,545,'b','Accumulators',0,0,'2019-06-06 15:22:22','2019-06-06 15:22:22'),
(667,167,548,'c','Control Valve Assembly (Valve Body)',0,1,'2019-06-06 15:22:22','2019-06-06 15:22:22'),
(668,167,546,'d','Solenoids',0,0,'2019-06-06 15:22:22','2019-06-06 15:22:22'),
(669,168,423,'a','Solenoids',0,1,'2019-06-06 15:22:22','2019-06-06 15:22:22'),
(670,168,421,'b','Switches',0,0,'2019-06-06 15:22:22','2019-06-06 15:22:22'),
(671,168,424,'c','Sensors',1,0,'2019-06-06 15:22:22','2019-06-06 15:22:22'),
(672,168,422,'d','Valve Assembly',0,0,'2019-06-06 15:22:22','2019-06-06 15:22:22'),
(673,169,468,'a','Release Bearing',0,1,'2019-06-06 15:22:22','2019-06-06 15:22:22'),
(674,169,467,'b','Clutch Pedal',0,0,'2019-06-06 15:22:22','2019-06-06 15:22:22'),
(675,169,465,'c','Release Fork',1,0,'2019-06-06 15:22:22','2019-06-06 15:22:22'),
(676,169,466,'d','Clutch',0,0,'2019-06-06 15:22:22','2019-06-06 15:22:22'),
(677,170,501,'a','Pump Impeller',1,0,'2019-06-06 15:22:22','2019-06-06 15:22:22'),
(678,170,503,'b','Stator',0,0,'2019-06-06 15:22:22','2019-06-06 15:22:22'),
(679,170,504,'c','Lock-up Clutch',0,1,'2019-06-06 15:22:22','2019-06-06 15:22:22'),
(680,170,502,'d','Turbine Runner',0,0,'2019-06-06 15:22:22','2019-06-06 15:22:22'),
(681,171,506,'a','Turbine Runner',1,1,'2019-06-06 15:22:22','2019-06-06 15:22:22'),
(682,171,507,'b','Stator',0,0,'2019-06-06 15:22:22','2019-06-06 15:22:22'),
(683,171,508,'c','Lock-up Clutch',0,0,'2019-06-06 15:22:22','2019-06-06 15:22:22'),
(684,171,505,'d','Pump Impeller',0,0,'2019-06-06 15:22:22','2019-06-06 15:22:22'),
(685,172,560,'a','Differential Gear',0,0,'2019-06-06 15:22:22','2019-06-06 15:22:22'),
(686,172,558,'b','Spiral Bevel Gear',0,0,'2019-06-06 15:22:22','2019-06-06 15:22:22'),
(687,172,557,'c','Hypoid Gear',1,1,'2019-06-06 15:22:22','2019-06-06 15:22:22'),
(688,172,559,'d','Planetary Gear',0,0,'2019-06-06 15:22:22','2019-06-06 15:22:22'),
(689,173,591,'a','Viscous Coupling LSD',1,0,'2019-06-06 15:22:22','2019-06-06 15:22:22'),
(690,173,590,'b','Torque Sensing LSD (TORSEN)',0,0,'2019-06-06 15:22:22','2019-06-06 15:22:22'),
(691,173,592,'c','Locking Differentials',0,1,'2019-06-06 15:22:22','2019-06-06 15:22:22'),
(692,173,589,'d','Multi-Plate Wet Clutch LSD',0,0,'2019-06-06 15:22:22','2019-06-06 15:22:22'),
(693,174,569,'a','Ring Gear',0,1,'2019-06-06 15:22:22','2019-06-06 15:22:22'),
(694,174,571,'b','Differential Carrier',0,0,'2019-06-06 15:22:22','2019-06-06 15:22:22'),
(695,174,570,'c','Differential Gear',0,0,'2019-06-06 15:22:22','2019-06-06 15:22:22'),
(696,174,572,'d','Drive Pinion',1,0,'2019-06-06 15:22:22','2019-06-06 15:22:22'),
(697,175,579,'a','Drive Pinion',0,0,'2019-06-06 15:22:22','2019-06-06 15:22:22'),
(698,175,580,'b','Differential Gear',1,0,'2019-06-06 15:22:22','2019-06-06 15:22:22'),
(699,175,578,'c','Pinion Mate Gear',0,1,'2019-06-06 15:22:22','2019-06-06 15:22:22'),
(700,175,577,'d','Ring Gear',0,0,'2019-06-06 15:22:22','2019-06-06 15:22:22'),
(701,176,554,'a','Differential',1,1,'2019-06-06 15:22:22','2019-06-06 15:22:22'),
(702,176,556,'b','Propeller Shaft',0,0,'2019-06-06 15:22:22','2019-06-06 15:22:22'),
(703,176,553,'c','Transmission',0,0,'2019-06-06 15:22:22','2019-06-06 15:22:22'),
(704,176,555,'d','Final Drive',0,0,'2019-06-06 15:22:22','2019-06-06 15:22:22'),
(705,177,561,'a','Hypoid Gear',0,0,'2019-06-06 15:22:22','2019-06-06 15:22:22'),
(706,177,562,'b','Spiral Bevel Gear',1,1,'2019-06-06 15:22:22','2019-06-06 15:22:22'),
(707,177,564,'c','Differential Gear',0,0,'2019-06-06 15:22:22','2019-06-06 15:22:22'),
(708,177,563,'d','Planetary Gear',0,0,'2019-06-06 15:22:22','2019-06-06 15:22:22'),
(709,178,594,'a','Torque Sensing LSD (TORSEN)',1,0,'2019-06-06 15:22:22','2019-06-06 15:22:22'),
(710,178,596,'b','Locking Differentials',0,0,'2019-06-06 15:22:22','2019-06-06 15:22:22'),
(711,178,593,'c','Multi-Plate Wet Clutch LSD',0,1,'2019-06-06 15:22:22','2019-06-06 15:22:22'),
(712,178,595,'d','Viscous Coupling LSD',0,0,'2019-06-06 15:22:22','2019-06-06 15:22:22'),
(713,179,576,'a','Drive Pinion',0,0,'2019-06-06 15:22:22','2019-06-06 15:22:22'),
(714,179,573,'b','Ring Gear',1,0,'2019-06-06 15:22:22','2019-06-06 15:22:22'),
(715,179,574,'c','Differential Carrier',0,1,'2019-06-06 15:22:22','2019-06-06 15:22:22'),
(716,179,575,'d','Differential Gear',0,0,'2019-06-06 15:22:22','2019-06-06 15:22:22'),
(717,180,568,'a','Differential',1,0,'2019-06-06 15:22:22','2019-06-06 15:22:22'),
(718,180,565,'b','Transmission',0,1,'2019-06-06 15:22:22','2019-06-06 15:22:22'),
(719,180,566,'c','Propeller Shaft',0,0,'2019-06-06 15:22:22','2019-06-06 15:22:22'),
(720,180,567,'d','Final Drive',0,0,'2019-06-06 15:22:22','2019-06-06 15:22:22'),
(721,181,583,'a','Drive Pinion',0,0,'2019-06-06 15:22:22','2019-06-06 15:22:22'),
(722,181,584,'b','Differential Gear',0,0,'2019-06-06 15:22:22','2019-06-06 15:22:22'),
(723,181,581,'c','Final Gear',0,1,'2019-06-06 15:22:22','2019-06-06 15:22:22'),
(724,181,582,'d','Differential Carrier',1,0,'2019-06-06 15:22:22','2019-06-06 15:22:22'),
(725,182,585,'a','Multi-Plate Wet Clutch LSD',1,1,'2019-06-06 15:22:22','2019-06-06 15:22:22'),
(726,182,586,'b','Torque Sensing LSD (TORSEN)',0,0,'2019-06-06 15:22:22','2019-06-06 15:22:22'),
(727,182,588,'c','Locking Differentials',0,0,'2019-06-06 15:22:22','2019-06-06 15:22:22'),
(728,182,587,'d','Viscous Coupling LSD',0,0,'2019-06-06 15:22:22','2019-06-06 15:22:22'),
(729,183,609,'a','Four Joint Type',0,0,'2019-06-06 15:22:22','2019-06-06 15:22:22'),
(730,183,612,'b','Two Joint Type',0,1,'2019-06-06 15:22:22','2019-06-06 15:22:22'),
(731,183,611,'c','One Joint Tyoe',0,0,'2019-06-06 15:22:22','2019-06-06 15:22:22'),
(732,183,610,'d','Three Joint Type',1,0,'2019-06-06 15:22:22','2019-06-06 15:22:22'),
(733,184,607,'a','One Joint Tyoe',0,0,'2019-06-06 15:22:22','2019-06-06 15:22:22'),
(734,184,605,'b','Four Joint Type',0,0,'2019-06-06 15:22:22','2019-06-06 15:22:22'),
(735,184,608,'c','Two Joint Type',1,1,'2019-06-06 15:22:22','2019-06-06 15:22:22'),
(736,184,606,'d','Three Joint Type',0,0,'2019-06-06 15:22:22','2019-06-06 15:22:22'),
(737,185,604,'a','Coupling',0,0,'2019-06-06 15:22:22','2019-06-06 15:22:22'),
(738,185,601,'b','Universal Joint',0,1,'2019-06-06 15:22:22','2019-06-06 15:22:22'),
(739,185,602,'c','Propeller Shaft Tube',1,0,'2019-06-06 15:22:22','2019-06-06 15:22:22'),
(740,185,603,'d','Center Bearing',0,0,'2019-06-06 15:22:22','2019-06-06 15:22:22'),
(741,186,613,'a','Universal Joint',1,1,'2019-06-06 15:22:22','2019-06-06 15:22:22'),
(742,186,616,'b','Coupling',0,0,'2019-06-06 15:22:22','2019-06-06 15:22:22'),
(743,186,615,'c','Center Bearing',0,0,'2019-06-06 15:22:22','2019-06-06 15:22:22'),
(744,186,614,'d','Propeller Shaft',0,0,'2019-06-06 15:22:22','2019-06-06 15:22:22'),
(745,187,617,'a','Universal Joint',0,0,'2019-06-06 15:22:22','2019-06-06 15:22:22'),
(746,187,618,'b','Propeller Shaft',0,0,'2019-06-06 15:22:22','2019-06-06 15:22:22'),
(747,187,619,'c','Center Bearing',1,1,'2019-06-06 15:22:22','2019-06-06 15:22:22'),
(748,187,620,'d','Coupling',0,0,'2019-06-06 15:22:22','2019-06-06 15:22:22'),
(749,188,597,'a','Propeller Shaft',1,0,'2019-06-06 15:22:22','2019-06-06 15:22:22'),
(750,188,598,'b','Input Shaft',0,1,'2019-06-06 15:22:22','2019-06-06 15:22:22'),
(751,188,600,'c','Countershaft',0,0,'2019-06-06 15:22:22','2019-06-06 15:22:22'),
(752,188,599,'d','Drive Shaft',0,0,'2019-06-06 15:22:22','2019-06-06 15:22:22'),
(753,189,691,'a','Tapered Leaf Spring',0,1,'2019-06-06 15:22:22','2019-06-06 15:22:22'),
(754,189,689,'b','Staggered Leaf Spring',0,0,'2019-06-06 15:22:22','2019-06-06 15:22:22'),
(755,189,690,'c','Multi-Leaf Spring',1,0,'2019-06-06 15:22:22','2019-06-06 15:22:22'),
(756,189,692,'d','Alternating Leaf Spring',0,0,'2019-06-06 15:22:22','2019-06-06 15:22:22'),
(757,190,660,'a','Semi-Indpendent Rear Axle',0,0,'2019-06-06 15:22:22','2019-06-06 15:22:22'),
(758,190,658,'b','Full Floating Rear Axle',0,0,'2019-06-06 15:22:22','2019-06-06 15:22:22'),
(759,190,659,'c','Independent Rear Axle',0,1,'2019-06-06 15:22:22','2019-06-06 15:22:22'),
(760,190,657,'d','Semi Floating Rear Axle',1,0,'2019-06-06 15:22:22','2019-06-06 15:22:22'),
(761,191,676,'a','Air Spring',0,0,'2019-06-06 15:22:22','2019-06-06 15:22:22'),
(762,191,673,'b','Torsion Bar',0,0,'2019-06-06 15:22:22','2019-06-06 15:22:22'),
(763,191,674,'c','Leaf Spring',1,1,'2019-06-06 15:22:22','2019-06-06 15:22:22'),
(764,191,675,'d','Coil Spring',0,0,'2019-06-06 15:22:22','2019-06-06 15:22:22'),
(765,192,664,'a','Semi-Indpendent Rear Axle',0,1,'2019-06-06 15:22:22','2019-06-06 15:22:22'),
(766,192,661,'b','Semi Floating Rear Axle',0,0,'2019-06-06 15:22:22','2019-06-06 15:22:22'),
(767,192,663,'c','Independent Rear Axle',1,0,'2019-06-06 15:22:22','2019-06-06 15:22:22'),
(768,192,662,'d','Full Floating Rear Axle',0,0,'2019-06-06 15:22:22','2019-06-06 15:22:22'),
(769,193,685,'a','Staggered Leaf Spring',0,1,'2019-06-06 15:22:22','2019-06-06 15:22:22'),
(770,193,686,'b','Multi-Leaf Spring',1,0,'2019-06-06 15:22:22','2019-06-06 15:22:22'),
(771,193,687,'c','Tapered Leaf Spring',0,0,'2019-06-06 15:22:22','2019-06-06 15:22:22'),
(772,193,688,'d','Alternating Leaf Spring',0,0,'2019-06-06 15:22:22','2019-06-06 15:22:22'),
(773,194,635,'a','Yawing',0,0,'2019-06-06 15:22:22','2019-06-06 15:22:22'),
(774,194,633,'b','Bouncing',1,0,'2019-06-06 15:22:22','2019-06-06 15:22:22'),
(775,194,634,'c','Rolling',0,1,'2019-06-06 15:22:22','2019-06-06 15:22:22'),
(776,194,636,'d','Pitching',0,0,'2019-06-06 15:22:22','2019-06-06 15:22:22'),
(777,195,652,'a','Independent Suspension',0,0,'2019-06-06 15:22:22','2019-06-06 15:22:22'),
(778,195,649,'b','Rear Axle',0,0,'2019-06-06 15:22:22','2019-06-06 15:22:22'),
(779,195,651,'c','Front Axle',1,1,'2019-06-06 15:22:22','2019-06-06 15:22:22'),
(780,195,650,'d','Rigid Axle',0,0,'2019-06-06 15:22:22','2019-06-06 15:22:22'),
(781,196,630,'a','Rolling',0,0,'2019-06-06 15:22:22','2019-06-06 15:22:22'),
(782,196,632,'b','Pitching',1,1,'2019-06-06 15:22:22','2019-06-06 15:22:22'),
(783,196,629,'c','Bouncing',0,0,'2019-06-06 15:22:22','2019-06-06 15:22:22'),
(784,196,631,'d','Yawing',0,0,'2019-06-06 15:22:22','2019-06-06 15:22:22'),
(785,197,668,'a','Spring',1,1,'2019-06-06 15:22:22','2019-06-06 15:22:22'),
(786,197,667,'b','Knuckle',0,0,'2019-06-06 15:22:22','2019-06-06 15:22:22'),
(787,197,666,'c','Tie Rod',0,0,'2019-06-06 15:22:22','2019-06-06 15:22:22'),
(788,197,665,'d','Stabilizer',0,0,'2019-06-06 15:22:22','2019-06-06 15:22:22'),
(789,198,623,'a','Semi-Independent Suspension',0,0,'2019-06-06 15:22:22','2019-06-06 15:22:22'),
(790,198,621,'b','Independent Suspension',1,0,'2019-06-06 15:22:22','2019-06-06 15:22:22'),
(791,198,622,'c','Rigid Axle Suspension',0,1,'2019-06-06 15:22:22','2019-06-06 15:22:22'),
(792,198,624,'d','Tilting Suspension',0,0,'2019-06-06 15:22:22','2019-06-06 15:22:22'),
(793,199,640,'a','Pitching',0,0,'2019-06-06 15:22:22','2019-06-06 15:22:22'),
(794,199,637,'b','Bouncing',0,1,'2019-06-06 15:22:22','2019-06-06 15:22:22'),
(795,199,638,'c','Rolling',0,0,'2019-06-06 15:22:22','2019-06-06 15:22:22'),
(796,199,639,'d','Yawing',1,0,'2019-06-06 15:22:22','2019-06-06 15:22:22'),
(797,200,628,'a','Tilting Suspension',0,0,'2019-06-06 15:22:22','2019-06-06 15:22:22'),
(798,200,625,'b','Independent Suspension',0,0,'2019-06-06 15:22:22','2019-06-06 15:22:22'),
(799,200,627,'c','Semi-Independent Suspension',0,0,'2019-06-06 15:22:22','2019-06-06 15:22:22'),
(800,200,626,'d','Rigid Axle Suspension',1,1,'2019-06-06 15:22:22','2019-06-06 15:22:22'),
(801,201,642,'a','Rolling',1,0,'2019-06-06 15:22:22','2019-06-06 15:22:22'),
(802,201,644,'b','Pitching',0,1,'2019-06-06 15:22:22','2019-06-06 15:22:22'),
(803,201,643,'c','Yawing',0,0,'2019-06-06 15:22:22','2019-06-06 15:22:22'),
(804,201,641,'d','Bouncing',0,0,'2019-06-06 15:22:22','2019-06-06 15:22:22'),
(805,202,680,'a','Air Spring',0,0,'2019-06-06 15:22:22','2019-06-06 15:22:22'),
(806,202,677,'b','Torsion Bar',1,0,'2019-06-06 15:22:22','2019-06-06 15:22:22'),
(807,202,678,'c','Leaf Spring',0,1,'2019-06-06 15:22:22','2019-06-06 15:22:22'),
(808,202,679,'d','Coil Spring',0,0,'2019-06-06 15:22:22','2019-06-06 15:22:22'),
(809,203,645,'a','Shock Absorber',0,1,'2019-06-06 15:22:22','2019-06-06 15:22:22'),
(810,203,646,'b','Axles',1,0,'2019-06-06 15:22:22','2019-06-06 15:22:22'),
(811,203,647,'c','Spring',0,0,'2019-06-06 15:22:22','2019-06-06 15:22:22'),
(812,203,648,'d','Stabilizer',0,0,'2019-06-06 15:22:22','2019-06-06 15:22:22'),
(813,204,670,'a','Tie Rod',0,0,'2019-06-06 15:22:22','2019-06-06 15:22:22'),
(814,204,669,'b','Shock Absorber',1,0,'2019-06-06 15:22:22','2019-06-06 15:22:22'),
(815,204,672,'c','Stabilizer',0,1,'2019-06-06 15:22:22','2019-06-06 15:22:22'),
(816,204,671,'d','Knuckle',0,0,'2019-06-06 15:22:22','2019-06-06 15:22:22'),
(817,205,656,'a','Semi-Indpendent Rear Axle',0,1,'2019-06-06 15:22:22','2019-06-06 15:22:22'),
(818,205,654,'b','Full Floating Rear Axle',1,0,'2019-06-06 15:22:22','2019-06-06 15:22:22'),
(819,205,655,'c','Independent Rear Axle',0,0,'2019-06-06 15:22:22','2019-06-06 15:22:22'),
(820,205,653,'d','Semi Floating Rear Axle',0,0,'2019-06-06 15:22:22','2019-06-06 15:22:22'),
(821,206,684,'a','Air Spring',0,0,'2019-06-06 15:22:22','2019-06-06 15:22:22'),
(822,206,682,'b','Leaf Spring',0,0,'2019-06-06 15:22:22','2019-06-06 15:22:22'),
(823,206,683,'c','Coil Spring',1,1,'2019-06-06 15:22:22','2019-06-06 15:22:22'),
(824,206,681,'d','Torsion Bar',0,0,'2019-06-06 15:22:22','2019-06-06 15:22:22'),
(825,207,710,'a','Circuit',1,1,'2019-06-06 15:28:42','2019-06-06 15:28:42'),
(826,207,709,'b','Piping',0,0,'2019-06-06 15:28:42','2019-06-06 15:28:42'),
(827,207,711,'c','Ducting',0,0,'2019-06-06 15:28:42','2019-06-06 15:28:42'),
(828,207,712,'d','Aqueduct',0,0,'2019-06-06 15:28:42','2019-06-06 15:28:42'),
(829,208,738,'a','Wave Transmission',0,0,'2019-06-06 15:28:42','2019-06-06 15:28:42'),
(830,208,740,'b','Alternating Current',1,1,'2019-06-06 15:28:42','2019-06-06 15:28:42'),
(831,208,739,'c','Induction',0,0,'2019-06-06 15:28:42','2019-06-06 15:28:42'),
(832,208,737,'d','Direct Current',0,0,'2019-06-06 15:28:42','2019-06-06 15:28:42'),
(833,209,748,'a','Ground',0,1,'2019-06-06 15:28:42','2019-06-06 15:28:42'),
(834,209,745,'b','Resistance',1,0,'2019-06-06 15:28:42','2019-06-06 15:28:42'),
(835,209,747,'c','Voltage',0,0,'2019-06-06 15:28:42','2019-06-06 15:28:42'),
(836,209,746,'d','Current',0,0,'2019-06-06 15:28:42','2019-06-06 15:28:42'),
(837,210,730,'a','Resistance',0,0,'2019-06-06 15:28:42','2019-06-06 15:28:42'),
(838,210,731,'b','Current',1,0,'2019-06-06 15:28:42','2019-06-06 15:28:42'),
(839,210,732,'c','Ground',0,0,'2019-06-06 15:28:42','2019-06-06 15:28:42'),
(840,210,729,'d','Voltage',0,1,'2019-06-06 15:28:42','2019-06-06 15:28:42'),
(841,211,693,'a','Heat Generation Function',1,1,'2019-06-06 15:28:42','2019-06-06 15:28:42'),
(842,211,695,'b','Light-emitting Function',0,0,'2019-06-06 15:28:42','2019-06-06 15:28:42'),
(843,211,696,'c','Moisture Producting Function',0,0,'2019-06-06 15:28:42','2019-06-06 15:28:42'),
(844,211,694,'d','Magnetic Function',0,0,'2019-06-06 15:28:42','2019-06-06 15:28:42'),
(845,212,700,'a','Moisture Producting Function',0,0,'2019-06-06 15:28:42','2019-06-06 15:28:42'),
(846,212,699,'b','Light-emitting Function',1,1,'2019-06-06 15:28:42','2019-06-06 15:28:42'),
(847,212,698,'c','Magnetic Function',0,0,'2019-06-06 15:28:42','2019-06-06 15:28:42'),
(848,212,697,'d','Heat Generation Function',0,0,'2019-06-06 15:28:42','2019-06-06 15:28:42'),
(849,213,743,'a','Voltage',1,0,'2019-06-06 15:28:42','2019-06-06 15:28:42'),
(850,213,742,'b','Resistance',0,1,'2019-06-06 15:28:42','2019-06-06 15:28:42'),
(851,213,741,'c','Current',0,0,'2019-06-06 15:28:42','2019-06-06 15:28:42'),
(852,213,744,'d','Ground',0,0,'2019-06-06 15:28:42','2019-06-06 15:28:42'),
(853,214,707,'a','Temperature',0,0,'2019-06-06 15:28:42','2019-06-06 15:28:42'),
(854,214,706,'b','Pressure',0,0,'2019-06-06 15:28:42','2019-06-06 15:28:42'),
(855,214,705,'c','Magnetism',0,1,'2019-06-06 15:28:42','2019-06-06 15:28:42'),
(856,214,708,'d','Electricity',1,0,'2019-06-06 15:28:42','2019-06-06 15:28:42'),
(857,215,759,'a','Murphy\'s Law',0,0,'2019-06-06 15:28:42','2019-06-06 15:28:42'),
(858,215,758,'b','Ohm\'s Law',1,1,'2019-06-06 15:28:42','2019-06-06 15:28:42'),
(859,215,760,'c','Lemon\'s Law',0,0,'2019-06-06 15:28:42','2019-06-06 15:28:42'),
(860,215,757,'d','Newton\'s Law',0,0,'2019-06-06 15:28:42','2019-06-06 15:28:42'),
(861,216,755,'a','Decreased Resistance',1,1,'2019-06-06 15:28:42','2019-06-06 15:28:42'),
(862,216,756,'b','Increased Current',0,0,'2019-06-06 15:28:42','2019-06-06 15:28:42'),
(863,216,753,'c','Increased Current',0,0,'2019-06-06 15:28:42','2019-06-06 15:28:42'),
(864,216,754,'d','Decreased Current',0,0,'2019-06-06 15:28:42','2019-06-06 15:28:42'),
(865,217,724,'a','Load',1,0,'2019-06-06 15:28:42','2019-06-06 15:28:42'),
(866,217,721,'b','Power (Source)',0,1,'2019-06-06 15:28:42','2019-06-06 15:28:42'),
(867,217,723,'c','Connector',0,0,'2019-06-06 15:28:42','2019-06-06 15:28:42'),
(868,217,722,'d','Ground',0,0,'2019-06-06 15:28:42','2019-06-06 15:28:42'),
(869,218,703,'a','Light-emitting Function',0,0,'2019-06-06 15:28:42','2019-06-06 15:28:42'),
(870,218,701,'b','Heat Generation Function',0,0,'2019-06-06 15:28:42','2019-06-06 15:28:42'),
(871,218,702,'c','Magnetic Function',1,1,'2019-06-06 15:28:42','2019-06-06 15:28:42'),
(872,218,704,'d','Moisture Producting Function',0,0,'2019-06-06 15:28:42','2019-06-06 15:28:42'),
(873,219,717,'a','Power (Source)',1,0,'2019-06-06 15:28:42','2019-06-06 15:28:42'),
(874,219,718,'b','Load',0,1,'2019-06-06 15:28:42','2019-06-06 15:28:42'),
(875,219,719,'c','Ground',0,0,'2019-06-06 15:28:42','2019-06-06 15:28:42'),
(876,219,720,'d','Connector',0,0,'2019-06-06 15:28:42','2019-06-06 15:28:42'),
(877,220,735,'a','Induction',0,0,'2019-06-06 15:28:42','2019-06-06 15:28:42'),
(878,220,734,'b','Alternating Current',0,1,'2019-06-06 15:28:42','2019-06-06 15:28:42'),
(879,220,733,'c','Direct Current',1,0,'2019-06-06 15:28:42','2019-06-06 15:28:42'),
(880,220,736,'d','Wave Transmission',0,0,'2019-06-06 15:28:42','2019-06-06 15:28:42'),
(881,221,749,'a','Increased Current',0,0,'2019-06-06 15:28:42','2019-06-06 15:28:42'),
(882,221,751,'b','Decreased Current',0,0,'2019-06-06 15:28:42','2019-06-06 15:28:42'),
(883,221,752,'c','Increased Resistance',1,1,'2019-06-06 15:28:42','2019-06-06 15:28:42'),
(884,221,750,'d','Decreased Resistance',0,0,'2019-06-06 15:28:42','2019-06-06 15:28:42'),
(885,222,716,'a','Wood',0,0,'2019-06-06 15:28:42','2019-06-06 15:28:42'),
(886,222,713,'b','Insulator',0,0,'2019-06-06 15:28:42','2019-06-06 15:28:42'),
(887,222,714,'c','Glass',0,0,'2019-06-06 15:28:42','2019-06-06 15:28:42'),
(888,222,715,'d','Conductor',1,1,'2019-06-06 15:28:42','2019-06-06 15:28:42'),
(889,223,726,'a','Ground',1,0,'2019-06-06 15:28:42','2019-06-06 15:28:42'),
(890,223,727,'b','Connector',0,1,'2019-06-06 15:28:42','2019-06-06 15:28:42'),
(891,223,725,'c','Power (Source)',0,0,'2019-06-06 15:28:42','2019-06-06 15:28:42'),
(892,223,728,'d','Load',0,0,'2019-06-06 15:28:42','2019-06-06 15:28:42'),
(893,224,779,'a','Parallel Circuit',0,0,'2019-06-06 15:28:42','2019-06-06 15:28:42'),
(894,224,778,'b','Closed Circuit',0,0,'2019-06-06 15:28:42','2019-06-06 15:28:42'),
(895,224,780,'c','Open Circuit',1,0,'2019-06-06 15:28:42','2019-06-06 15:28:42'),
(896,224,777,'d','Short Circuit',0,1,'2019-06-06 15:28:42','2019-06-06 15:28:42'),
(897,225,776,'a','Series Circuit',0,0,'2019-06-06 15:28:42','2019-06-06 15:28:42'),
(898,225,773,'b','Combination Circuit',1,0,'2019-06-06 15:28:42','2019-06-06 15:28:42'),
(899,225,775,'c','Parallel Circuit',0,1,'2019-06-06 15:28:42','2019-06-06 15:28:42'),
(900,225,774,'d','Short Circuit',0,0,'2019-06-06 15:28:42','2019-06-06 15:28:42'),
(901,226,782,'a','Closed Circuit',0,0,'2019-06-06 15:28:42','2019-06-06 15:28:42'),
(902,226,783,'b','Parallel Circuit',0,0,'2019-06-06 15:28:42','2019-06-06 15:28:42'),
(903,226,781,'c','Short Circuit',1,0,'2019-06-06 15:28:42','2019-06-06 15:28:42'),
(904,226,784,'d','Open Circuit',0,1,'2019-06-06 15:28:42','2019-06-06 15:28:42'),
(905,227,762,'a','Series Circuit',1,1,'2019-06-06 15:28:42','2019-06-06 15:28:42'),
(906,227,761,'b','Parallel Circuit',0,0,'2019-06-06 15:28:42','2019-06-06 15:28:42'),
(907,227,763,'c','Combination Circuit',0,0,'2019-06-06 15:28:42','2019-06-06 15:28:42'),
(908,227,764,'d','Short Circuit',0,0,'2019-06-06 15:28:42','2019-06-06 15:28:42'),
(909,228,765,'a','Voltage Drop',1,0,'2019-06-06 15:28:42','2019-06-06 15:28:42'),
(910,228,768,'b','Current Rise',0,0,'2019-06-06 15:28:42','2019-06-06 15:28:42'),
(911,228,767,'c','Voltage Rise',0,0,'2019-06-06 15:28:42','2019-06-06 15:28:42'),
(912,228,766,'d','Current Drop',0,1,'2019-06-06 15:28:42','2019-06-06 15:28:42'),
(913,229,786,'a','Open Circuit',0,1,'2019-06-06 15:28:42','2019-06-06 15:28:42'),
(914,229,785,'b','Short Circuit',0,0,'2019-06-06 15:28:42','2019-06-06 15:28:42'),
(915,229,787,'c','Parallel Circuit',0,0,'2019-06-06 15:28:42','2019-06-06 15:28:42'),
(916,229,788,'d','Grounded Circuit',1,0,'2019-06-06 15:28:42','2019-06-06 15:28:42'),
(917,230,770,'a','Parallel Circuit',1,0,'2019-06-06 15:28:42','2019-06-06 15:28:42'),
(918,230,769,'b','Series Circuit',0,0,'2019-06-06 15:28:42','2019-06-06 15:28:42'),
(919,230,772,'c','Short Circuit',0,0,'2019-06-06 15:28:42','2019-06-06 15:28:42'),
(920,230,771,'d','Combination Circuit',0,1,'2019-06-06 15:28:42','2019-06-06 15:28:42'),
(921,231,789,'a','Isolate',0,1,'2019-06-06 15:28:42','2019-06-06 15:28:42'),
(922,231,792,'b','Recheck',0,0,'2019-06-06 15:28:42','2019-06-06 15:28:42'),
(923,231,790,'c','Verify',1,0,'2019-06-06 15:28:42','2019-06-06 15:28:42'),
(924,231,791,'d','Repair',0,0,'2019-06-06 15:28:42','2019-06-06 15:28:42'),
(925,232,804,'a','Splice Location Diagram',0,0,'2019-06-06 15:28:42','2019-06-06 15:28:42'),
(926,232,802,'b','Junction Location Diagram',0,1,'2019-06-06 15:28:42','2019-06-06 15:28:42'),
(927,232,801,'c','Unit Location Diagram',0,0,'2019-06-06 15:28:42','2019-06-06 15:28:42'),
(928,232,803,'d','Connector Location Diagram',1,0,'2019-06-06 15:28:42','2019-06-06 15:28:42'),
(929,233,811,'a','Mechanical Symbols',0,0,'2019-06-06 15:28:42','2019-06-06 15:28:42'),
(930,233,812,'b','Wiring Symbols',0,1,'2019-06-06 15:28:42','2019-06-06 15:28:42'),
(931,233,809,'c','Electrical Symbols',1,0,'2019-06-06 15:28:42','2019-06-06 15:28:42'),
(932,233,810,'d','Chemical Symbols',0,0,'2019-06-06 15:28:42','2019-06-06 15:28:42'),
(933,234,793,'a','Orange base and green stripe',0,0,'2019-06-06 15:28:42','2019-06-06 15:28:42'),
(934,234,794,'b','Black base and yellow stripe',0,0,'2019-06-06 15:28:42','2019-06-06 15:28:42'),
(935,234,795,'c','Yellow base and black stripe',1,1,'2019-06-06 15:28:42','2019-06-06 15:28:42'),
(936,234,796,'d','Red Base and blue stripe',0,0,'2019-06-06 15:28:42','2019-06-06 15:28:42'),
(937,235,800,'a','Combined Connector',0,1,'2019-06-06 15:28:42','2019-06-06 15:28:42'),
(938,235,799,'b','Corner Connector',0,0,'2019-06-06 15:28:42','2019-06-06 15:28:42'),
(939,235,798,'c','Junction Connector',0,0,'2019-06-06 15:28:42','2019-06-06 15:28:42'),
(940,235,797,'d','Joint Connector',1,0,'2019-06-06 15:28:42','2019-06-06 15:28:42'),
(941,236,806,'a','Unit Location Diagram',1,0,'2019-06-06 15:28:42','2019-06-06 15:28:42'),
(942,236,807,'b','Junction Location Diagram',0,1,'2019-06-06 15:28:42','2019-06-06 15:28:42'),
(943,236,808,'c','Splice Location Diagram',0,0,'2019-06-06 15:28:42','2019-06-06 15:28:42'),
(944,236,805,'d','Connector Location Diagram',0,0,'2019-06-06 15:28:42','2019-06-06 15:28:42'),
(945,237,822,'a','Alternator',0,0,'2019-06-06 15:28:42','2019-06-06 15:28:42'),
(946,237,821,'b','Battery',1,1,'2019-06-06 15:28:42','2019-06-06 15:28:42'),
(947,237,824,'c','Compressor',0,0,'2019-06-06 15:28:42','2019-06-06 15:28:42'),
(948,237,823,'d','Starter',0,0,'2019-06-06 15:28:42','2019-06-06 15:28:42'),
(949,238,825,'a','Open Circuit Voltage',0,0,'2019-06-06 15:28:42','2019-06-06 15:28:42'),
(950,238,826,'b','Reserve Capacity',0,0,'2019-06-06 15:28:42','2019-06-06 15:28:42'),
(951,238,827,'c','Specific Gravity',1,1,'2019-06-06 15:28:42','2019-06-06 15:28:42'),
(952,238,828,'d','Cold Cranking Amperes',0,0,'2019-06-06 15:28:42','2019-06-06 15:28:42'),
(953,239,819,'a','Turbocharger',0,0,'2019-06-06 15:28:42','2019-06-06 15:28:42'),
(954,239,818,'b','Alternator',1,1,'2019-06-06 15:28:42','2019-06-06 15:28:42'),
(955,239,820,'c','Supercharger',0,0,'2019-06-06 15:28:42','2019-06-06 15:28:42'),
(956,239,817,'d','Compressor',0,0,'2019-06-06 15:28:42','2019-06-06 15:28:42'),
(957,240,834,'a','Reserve Capacity',1,0,'2019-06-06 15:28:42','2019-06-06 15:28:42'),
(958,240,835,'b','Specific Gravity',0,0,'2019-06-06 15:28:42','2019-06-06 15:28:42'),
(959,240,833,'c','Open Circuit Voltage',0,0,'2019-06-06 15:28:42','2019-06-06 15:28:42'),
(960,240,836,'d','Cold Cranking Amperes',0,1,'2019-06-06 15:28:42','2019-06-06 15:28:42'),
(961,241,843,'a','Short Circuit',1,0,'2019-06-06 15:28:42','2019-06-06 15:28:42'),
(962,241,841,'b','Specific Gravity',0,0,'2019-06-06 15:28:42','2019-06-06 15:28:42'),
(963,241,842,'c','Ampere Hour',0,1,'2019-06-06 15:28:42','2019-06-06 15:28:42'),
(964,241,844,'d','Reserve Capacity',0,0,'2019-06-06 15:28:42','2019-06-06 15:28:42'),
(965,242,830,'a','Reserve Capacity',0,1,'2019-06-06 15:28:42','2019-06-06 15:28:42'),
(966,242,831,'b','Specific Gravity',0,0,'2019-06-06 15:28:42','2019-06-06 15:28:42'),
(967,242,829,'c','Open Circuit Voltage',1,0,'2019-06-06 15:28:42','2019-06-06 15:28:42'),
(968,242,832,'d','Cold Cranking Amperes',0,0,'2019-06-06 15:28:42','2019-06-06 15:28:42'),
(969,243,815,'a','Battery',0,0,'2019-06-06 15:28:42','2019-06-06 15:28:42'),
(970,243,816,'b','Glow Plug',0,0,'2019-06-06 15:28:42','2019-06-06 15:28:42'),
(971,243,813,'c','Charging System',0,1,'2019-06-06 15:28:42','2019-06-06 15:28:42'),
(972,243,814,'d','Starting System',1,0,'2019-06-06 15:28:42','2019-06-06 15:28:42'),
(973,244,837,'a','Open Circuit Voltage',0,0,'2019-06-06 15:28:42','2019-06-06 15:28:42'),
(974,244,838,'b','Reserve Capacity',0,0,'2019-06-06 15:28:42','2019-06-06 15:28:42'),
(975,244,839,'c','Specific Gravity',0,0,'2019-06-06 15:28:42','2019-06-06 15:28:42'),
(976,244,840,'d','Cold Cranking Amperes',1,1,'2019-06-06 15:28:42','2019-06-06 15:28:42'),
(977,245,895,'a','Engine Coolant Temperature Sensor',0,0,'2019-06-06 15:28:42','2019-06-06 15:28:42'),
(978,245,894,'b','Inside Air Temperature Sensor',0,0,'2019-06-06 15:28:42','2019-06-06 15:28:42'),
(979,245,896,'c','Mass Air Flow Sensor',0,1,'2019-06-06 15:28:42','2019-06-06 15:28:42'),
(980,245,893,'d','Outside Air Temperature Sensor',1,0,'2019-06-06 15:28:42','2019-06-06 15:28:42'),
(981,246,878,'a','Receiver-Drier',1,0,'2019-06-06 15:28:42','2019-06-06 15:28:42'),
(982,246,879,'b','Condenser',0,0,'2019-06-06 15:28:42','2019-06-06 15:28:42'),
(983,246,880,'c','Evaporator',0,1,'2019-06-06 15:28:42','2019-06-06 15:28:42'),
(984,246,877,'d','Expansion Valve',0,0,'2019-06-06 15:28:42','2019-06-06 15:28:42'),
(985,247,882,'a','Receiver-Drier',0,0,'2019-06-06 15:28:42','2019-06-06 15:28:42'),
(986,247,884,'b','Evaporator',0,0,'2019-06-06 15:28:42','2019-06-06 15:28:42'),
(987,247,883,'c','Condenser',0,1,'2019-06-06 15:28:42','2019-06-06 15:28:42'),
(988,247,881,'d','Expansion Valve',1,0,'2019-06-06 15:28:42','2019-06-06 15:28:42'),
(989,248,864,'a','Life Cycle',0,0,'2019-06-06 15:28:42','2019-06-06 15:28:42'),
(990,248,862,'b','Otto Cycle',0,0,'2019-06-06 15:28:42','2019-06-06 15:28:42'),
(991,248,861,'c','Refrigeration Cycle',1,1,'2019-06-06 15:28:42','2019-06-06 15:28:42'),
(992,248,863,'d','Diesel Cycle',0,0,'2019-06-06 15:28:42','2019-06-06 15:28:42'),
(993,249,866,'a','Refrigerant',1,1,'2019-06-06 15:28:42','2019-06-06 15:28:42'),
(994,249,867,'b','Engine Oil',0,0,'2019-06-06 15:28:42','2019-06-06 15:28:42'),
(995,249,865,'c','Coolant',0,0,'2019-06-06 15:28:42','2019-06-06 15:28:42'),
(996,249,868,'d','Brake Fluid',0,0,'2019-06-06 15:28:42','2019-06-06 15:28:42'),
(997,250,855,'a','Cooler',0,0,'2019-06-06 15:28:42','2019-06-06 15:28:42'),
(998,250,854,'b','Manually Controlled Air Conditioners',0,0,'2019-06-06 15:28:42','2019-06-06 15:28:42'),
(999,250,853,'c','Heater',0,0,'2019-06-06 15:28:42','2019-06-06 15:28:42'),
(1000,250,856,'d','Automatically Controlled Air Conditioners (Auto Climate)',1,1,'2019-06-06 15:28:42','2019-06-06 15:28:42'),
(1001,251,886,'a','Receiver-Drier',0,1,'2019-06-06 15:28:42','2019-06-06 15:28:42'),
(1002,251,887,'b','Evaporator',1,0,'2019-06-06 15:28:42','2019-06-06 15:28:42'),
(1003,251,888,'c','Expanson Valve',0,0,'2019-06-06 15:28:42','2019-06-06 15:28:42'),
(1004,251,885,'d','Compressor',0,0,'2019-06-06 15:28:42','2019-06-06 15:28:42'),
(1005,252,860,'a','Fire',0,0,'2019-06-06 15:28:42','2019-06-06 15:28:42'),
(1006,252,858,'b','Liquid',1,1,'2019-06-06 15:28:42','2019-06-06 15:28:42'),
(1007,252,859,'c','Gas',0,0,'2019-06-06 15:28:42','2019-06-06 15:28:42'),
(1008,252,857,'d','Solid',0,0,'2019-06-06 15:28:42','2019-06-06 15:28:42'),
(1009,253,904,'a','Auto A/C Control Unit',0,1,'2019-06-06 15:28:42','2019-06-06 15:28:42'),
(1010,253,903,'b','Compressor',0,0,'2019-06-06 15:28:42','2019-06-06 15:28:42'),
(1011,253,901,'c','Blower Assembly',1,0,'2019-06-06 15:28:42','2019-06-06 15:28:42'),
(1012,253,902,'d','Actuator',0,0,'2019-06-06 15:28:42','2019-06-06 15:28:42'),
(1013,254,870,'a','Expansion Valve',0,1,'2019-06-06 15:28:42','2019-06-06 15:28:42'),
(1014,254,869,'b','Condenser',0,0,'2019-06-06 15:28:42','2019-06-06 15:28:42'),
(1015,254,871,'c','Evaporator',0,0,'2019-06-06 15:28:42','2019-06-06 15:28:42'),
(1016,254,872,'d','Compressor',1,0,'2019-06-06 15:28:42','2019-06-06 15:28:42'),
(1017,255,899,'a','Engine Coolant Temperature Sensor',0,0,'2019-06-06 15:28:42','2019-06-06 15:28:42'),
(1018,255,900,'b','Sun Sensor (Insulation Sensor)',1,1,'2019-06-06 15:28:42','2019-06-06 15:28:42'),
(1019,255,898,'c','Inside Air Temperature Sensor',0,0,'2019-06-06 15:28:42','2019-06-06 15:28:42'),
(1020,255,897,'d','Outside Air Temperature Sensor',0,0,'2019-06-06 15:28:42','2019-06-06 15:28:42'),
(1021,256,846,'a','Air Conditioning System',1,1,'2019-06-06 15:28:42','2019-06-06 15:28:42'),
(1022,256,848,'b','Brake System',0,0,'2019-06-06 15:28:42','2019-06-06 15:28:42'),
(1023,256,845,'c','Cooling System',0,0,'2019-06-06 15:28:42','2019-06-06 15:28:42'),
(1024,256,847,'d','Lubrication System',0,0,'2019-06-06 15:28:42','2019-06-06 15:28:42'),
(1025,257,876,'a','Compressor',0,0,'2019-06-06 15:28:43','2019-06-06 15:28:43'),
(1026,257,874,'b','Expansion Valve',0,0,'2019-06-06 15:28:43','2019-06-06 15:28:43'),
(1027,257,875,'c','Evaporator',0,0,'2019-06-06 15:28:43','2019-06-06 15:28:43'),
(1028,257,873,'d','Condenser',1,1,'2019-06-06 15:28:43','2019-06-06 15:28:43'),
(1029,258,891,'a','Engine Coolant Temperature Sensor',0,0,'2019-06-06 15:28:43','2019-06-06 15:28:43'),
(1030,258,889,'b','Outside Air Temperature Sensor',0,0,'2019-06-06 15:28:43','2019-06-06 15:28:43'),
(1031,258,892,'c','Mass Air Flow Sensor',0,0,'2019-06-06 15:28:43','2019-06-06 15:28:43'),
(1032,258,890,'d','Inside Air Temperature Sensor',1,1,'2019-06-06 15:28:43','2019-06-06 15:28:43'),
(1033,259,852,'a','Automatically Controlled Air Conditioners (Auto Climate)',0,0,'2019-06-06 15:28:43','2019-06-06 15:28:43'),
(1034,259,849,'b','Heater',0,0,'2019-06-06 15:28:43','2019-06-06 15:28:43'),
(1035,259,850,'c','Manually Controlled Air Conditioners',1,1,'2019-06-06 15:28:43','2019-06-06 15:28:43'),
(1036,259,851,'d','Cooler',0,0,'2019-06-06 15:28:43','2019-06-06 15:28:43');

/*Table structure for table `trainee_exams` */

DROP TABLE IF EXISTS `trainee_exams`;

CREATE TABLE `trainee_exams` (
  `trainee_exam_id` int(10) unsigned NOT NULL AUTO_INCREMENT,
  `exam_schedule_id` int(10) unsigned NOT NULL,
  `trainee_id` int(10) unsigned NOT NULL,
  `remaining_time` int(10) NOT NULL,
  `seconds` int(11) NOT NULL DEFAULT '0',
  `created_at` timestamp NULL DEFAULT CURRENT_TIMESTAMP,
  `updated_at` timestamp NULL DEFAULT CURRENT_TIMESTAMP ON UPDATE CURRENT_TIMESTAMP,
  PRIMARY KEY (`trainee_exam_id`),
  KEY `exam_schedule_id` (`exam_schedule_id`),
  KEY `trainee_id` (`trainee_id`),
  CONSTRAINT `exam_schedule_id` FOREIGN KEY (`exam_schedule_id`) REFERENCES `exam_schedules` (`exam_schedule_id`) ON DELETE CASCADE ON UPDATE CASCADE,
  CONSTRAINT `trainee_id` FOREIGN KEY (`trainee_id`) REFERENCES `trainees` (`trainee_id`) ON DELETE CASCADE ON UPDATE CASCADE
) ENGINE=InnoDB AUTO_INCREMENT=6 DEFAULT CHARSET=utf8mb4 COLLATE=utf8mb4_unicode_ci;

/*Data for the table `trainee_exams` */

insert  into `trainee_exams`(`trainee_exam_id`,`exam_schedule_id`,`trainee_id`,`remaining_time`,`seconds`,`created_at`,`updated_at`) values 
(1,19,1,56,1,'2019-03-06 07:53:05','2019-03-06 16:31:35'),
(2,19,125,0,0,'2019-06-06 15:01:06','2019-06-06 15:07:30'),
(3,20,125,0,0,'2019-06-06 15:07:39','2019-06-06 15:22:06'),
(4,21,125,0,0,'2019-06-06 15:22:22','2019-06-06 15:28:27'),
(5,22,125,0,0,'2019-06-06 15:28:42','2019-06-06 15:58:00');

/*Table structure for table `trainee_questions` */

DROP TABLE IF EXISTS `trainee_questions`;

CREATE TABLE `trainee_questions` (
  `trainee_question_id` int(10) unsigned NOT NULL AUTO_INCREMENT,
  `trainee_exam_id` int(10) unsigned NOT NULL,
  `number` int(10) NOT NULL,
  `question_id` int(10) unsigned NOT NULL,
  `choice_id` int(10) unsigned NOT NULL DEFAULT '0',
  `create_at` timestamp NULL DEFAULT CURRENT_TIMESTAMP,
  `updated_at` timestamp NULL DEFAULT CURRENT_TIMESTAMP ON UPDATE CURRENT_TIMESTAMP,
  PRIMARY KEY (`trainee_question_id`),
  KEY `trainee_exam_id` (`trainee_exam_id`),
  KEY `tq.question_id` (`question_id`),
  CONSTRAINT `tq.question_id` FOREIGN KEY (`question_id`) REFERENCES `questions` (`question_id`) ON DELETE CASCADE ON UPDATE CASCADE,
  CONSTRAINT `trainee_exam_id` FOREIGN KEY (`trainee_exam_id`) REFERENCES `trainee_exams` (`trainee_exam_id`) ON DELETE CASCADE ON UPDATE CASCADE
) ENGINE=InnoDB AUTO_INCREMENT=260 DEFAULT CHARSET=utf8 COLLATE=utf8_unicode_ci;

/*Data for the table `trainee_questions` */

insert  into `trainee_questions`(`trainee_question_id`,`trainee_exam_id`,`number`,`question_id`,`choice_id`,`create_at`,`updated_at`) values 
(1,1,1,1,3,'2019-03-06 07:53:05','2019-03-06 16:27:59'),
(2,1,2,3,0,'2019-03-06 07:53:05','2019-03-06 07:53:05'),
(3,1,3,4,0,'2019-03-06 07:53:05','2019-03-06 07:53:05'),
(4,1,4,2,5,'2019-03-06 07:53:05','2019-03-06 07:53:31'),
(5,1,5,30,0,'2019-03-06 07:53:05','2019-03-06 07:53:05'),
(6,1,6,8,0,'2019-03-06 07:53:05','2019-03-06 07:53:05'),
(7,1,7,32,0,'2019-03-06 07:53:05','2019-03-06 07:53:05'),
(8,1,8,25,0,'2019-03-06 07:53:05','2019-03-06 07:53:05'),
(9,1,9,13,0,'2019-03-06 07:53:05','2019-03-06 07:53:05'),
(10,1,10,6,0,'2019-03-06 07:53:05','2019-03-06 07:53:05'),
(11,1,11,29,0,'2019-03-06 07:53:05','2019-03-06 07:53:05'),
(12,1,12,33,0,'2019-03-06 07:53:05','2019-03-06 07:53:05'),
(13,1,13,10,0,'2019-03-06 07:53:05','2019-03-06 07:53:05'),
(14,1,14,12,0,'2019-03-06 07:53:05','2019-03-06 07:53:05'),
(15,1,15,16,0,'2019-03-06 07:53:05','2019-03-06 07:53:05'),
(16,1,16,5,0,'2019-03-06 07:53:05','2019-03-06 07:53:05'),
(17,1,17,31,0,'2019-03-06 07:53:05','2019-03-06 07:53:05'),
(18,1,18,20,0,'2019-03-06 07:53:05','2019-03-06 07:53:05'),
(19,1,19,21,0,'2019-03-06 07:53:05','2019-03-06 07:53:05'),
(20,1,20,7,0,'2019-03-06 07:53:05','2019-03-06 07:53:05'),
(21,1,21,23,0,'2019-03-06 07:53:05','2019-03-06 07:53:05'),
(22,1,22,24,0,'2019-03-06 07:53:05','2019-03-06 07:53:05'),
(23,1,23,27,0,'2019-03-06 07:53:05','2019-03-06 07:53:05'),
(24,1,24,14,0,'2019-03-06 07:53:05','2019-03-06 07:53:05'),
(25,1,25,15,0,'2019-03-06 07:53:05','2019-03-06 07:53:05'),
(26,1,26,18,0,'2019-03-06 07:53:05','2019-03-06 07:53:05'),
(27,1,27,11,0,'2019-03-06 07:53:05','2019-03-06 07:53:05'),
(28,1,28,9,0,'2019-03-06 07:53:05','2019-03-06 07:53:05'),
(29,1,29,34,0,'2019-03-06 07:53:05','2019-03-06 07:53:05'),
(30,1,30,19,0,'2019-03-06 07:53:05','2019-03-06 07:53:05'),
(31,1,31,26,0,'2019-03-06 07:53:05','2019-03-06 07:53:05'),
(32,1,32,17,0,'2019-03-06 07:53:05','2019-03-06 07:53:05'),
(33,1,33,22,0,'2019-03-06 07:53:05','2019-03-06 07:53:05'),
(34,1,34,28,0,'2019-03-06 07:53:05','2019-03-06 07:53:05'),
(35,1,35,45,0,'2019-03-06 07:53:05','2019-03-06 07:53:05'),
(36,1,36,43,0,'2019-03-06 07:53:05','2019-03-06 07:53:05'),
(37,1,37,38,0,'2019-03-06 07:53:05','2019-03-06 07:53:05'),
(38,1,38,42,0,'2019-03-06 07:53:05','2019-03-06 07:53:05'),
(39,1,39,47,0,'2019-03-06 07:53:05','2019-03-06 07:53:05'),
(40,1,40,37,0,'2019-03-06 07:53:05','2019-03-06 07:53:05'),
(41,1,41,48,0,'2019-03-06 07:53:05','2019-03-06 07:53:05'),
(42,1,42,39,154,'2019-03-06 07:53:05','2019-03-06 16:29:28'),
(43,1,43,41,0,'2019-03-06 07:53:05','2019-03-06 07:53:05'),
(44,1,44,40,0,'2019-03-06 07:53:05','2019-03-06 07:53:05'),
(45,1,45,46,0,'2019-03-06 07:53:05','2019-03-06 07:53:05'),
(46,1,46,36,143,'2019-03-06 07:53:05','2019-03-06 16:29:31'),
(47,1,47,44,0,'2019-03-06 07:53:05','2019-03-06 07:53:05'),
(48,1,48,35,0,'2019-03-06 07:53:05','2019-03-06 07:53:05'),
(49,2,1,4,15,'2019-06-06 15:01:06','2019-06-06 15:01:18'),
(50,2,2,3,10,'2019-06-06 15:01:06','2019-06-06 15:02:08'),
(51,2,3,1,1,'2019-06-06 15:01:06','2019-06-06 15:02:21'),
(52,2,4,2,7,'2019-06-06 15:01:06','2019-06-06 15:02:32'),
(53,2,5,23,89,'2019-06-06 15:01:06','2019-06-06 15:02:44'),
(54,2,6,28,111,'2019-06-06 15:01:06','2019-06-06 15:02:58'),
(55,2,7,22,86,'2019-06-06 15:01:06','2019-06-06 15:03:09'),
(56,2,8,33,130,'2019-06-06 15:01:06','2019-06-06 15:03:19'),
(57,2,9,17,65,'2019-06-06 15:01:06','2019-06-06 15:03:23'),
(58,2,10,26,103,'2019-06-06 15:01:06','2019-06-06 15:03:38'),
(59,2,11,29,114,'2019-06-06 15:01:06','2019-06-06 15:03:50'),
(60,2,12,8,29,'2019-06-06 15:01:06','2019-06-06 15:03:53'),
(61,2,13,10,39,'2019-06-06 15:01:06','2019-06-06 15:03:55'),
(62,2,14,18,69,'2019-06-06 15:01:06','2019-06-06 15:03:57'),
(63,2,15,15,57,'2019-06-06 15:01:06','2019-06-06 15:03:58'),
(64,2,16,25,100,'2019-06-06 15:01:06','2019-06-06 15:04:01'),
(65,2,17,12,47,'2019-06-06 15:01:06','2019-06-06 15:04:03'),
(66,2,18,13,52,'2019-06-06 15:01:06','2019-06-06 15:04:05'),
(67,2,19,7,25,'2019-06-06 15:01:06','2019-06-06 15:04:07'),
(68,2,20,6,22,'2019-06-06 15:01:06','2019-06-06 15:04:09'),
(69,2,21,30,118,'2019-06-06 15:01:06','2019-06-06 15:04:11'),
(70,2,22,27,106,'2019-06-06 15:01:06','2019-06-06 15:04:12'),
(71,2,23,9,34,'2019-06-06 15:01:06','2019-06-06 15:04:19'),
(72,2,24,21,81,'2019-06-06 15:01:06','2019-06-06 15:04:22'),
(73,2,25,31,124,'2019-06-06 15:01:06','2019-06-06 15:04:24'),
(74,2,26,11,44,'2019-06-06 15:01:06','2019-06-06 15:04:26'),
(75,2,27,16,62,'2019-06-06 15:01:06','2019-06-06 15:04:28'),
(76,2,28,34,134,'2019-06-06 15:01:06','2019-06-06 15:04:30'),
(77,2,29,5,18,'2019-06-06 15:01:06','2019-06-06 15:04:31'),
(78,2,30,32,127,'2019-06-06 15:01:06','2019-06-06 15:04:33'),
(79,2,31,24,96,'2019-06-06 15:01:06','2019-06-06 15:04:35'),
(80,2,32,14,55,'2019-06-06 15:01:06','2019-06-06 15:04:42'),
(81,2,33,20,78,'2019-06-06 15:01:06','2019-06-06 15:04:45'),
(82,2,34,19,76,'2019-06-06 15:01:06','2019-06-06 15:04:47'),
(83,2,35,44,174,'2019-06-06 15:01:06','2019-06-06 15:04:50'),
(84,2,36,39,155,'2019-06-06 15:01:06','2019-06-06 15:04:54'),
(85,2,37,41,163,'2019-06-06 15:01:06','2019-06-06 15:05:03'),
(86,2,38,42,165,'2019-06-06 15:01:06','2019-06-06 15:05:10'),
(87,2,39,47,185,'2019-06-06 15:01:06','2019-06-06 15:05:12'),
(88,2,40,36,142,'2019-06-06 15:01:06','2019-06-06 15:05:24'),
(89,2,41,37,148,'2019-06-06 15:01:06','2019-06-06 15:05:37'),
(90,2,42,48,190,'2019-06-06 15:01:06','2019-06-06 15:05:50'),
(91,2,43,43,172,'2019-06-06 15:01:06','2019-06-06 15:06:04'),
(92,2,44,45,178,'2019-06-06 15:01:06','2019-06-06 15:06:16'),
(93,2,45,46,181,'2019-06-06 15:01:06','2019-06-06 15:06:20'),
(94,2,46,38,149,'2019-06-06 15:01:06','2019-06-06 15:06:29'),
(95,2,47,40,158,'2019-06-06 15:01:06','2019-06-06 15:06:45'),
(96,2,48,35,137,'2019-06-06 15:01:06','2019-06-06 15:07:09'),
(97,3,1,53,210,'2019-06-06 15:07:39','2019-06-06 15:07:46'),
(98,3,2,52,206,'2019-06-06 15:07:39','2019-06-06 15:07:55'),
(99,3,3,51,203,'2019-06-06 15:07:39','2019-06-06 15:08:09'),
(100,3,4,49,193,'2019-06-06 15:07:39','2019-06-06 15:08:20'),
(101,3,5,50,199,'2019-06-06 15:07:39','2019-06-06 15:08:36'),
(102,3,6,59,235,'2019-06-06 15:07:39','2019-06-06 15:08:51'),
(103,3,7,57,225,'2019-06-06 15:07:39','2019-06-06 15:09:00'),
(104,3,8,56,222,'2019-06-06 15:07:39','2019-06-06 15:09:05'),
(105,3,9,58,229,'2019-06-06 15:07:39','2019-06-06 15:09:24'),
(106,3,10,55,218,'2019-06-06 15:07:39','2019-06-06 15:09:31'),
(107,3,11,54,215,'2019-06-06 15:07:39','2019-06-06 15:09:37'),
(108,3,12,61,243,'2019-06-06 15:07:39','2019-06-06 15:09:44'),
(109,3,13,60,238,'2019-06-06 15:07:39','2019-06-06 15:10:09'),
(110,3,14,62,245,'2019-06-06 15:07:39','2019-06-06 15:10:34'),
(111,3,15,63,251,'2019-06-06 15:07:39','2019-06-06 15:10:43'),
(112,3,16,66,263,'2019-06-06 15:07:39','2019-06-06 15:10:53'),
(113,3,17,67,266,'2019-06-06 15:07:39','2019-06-06 15:11:47'),
(114,3,18,65,257,'2019-06-06 15:07:39','2019-06-06 15:12:08'),
(115,3,19,64,255,'2019-06-06 15:07:39','2019-06-06 15:12:28'),
(116,3,20,74,293,'2019-06-06 15:07:39','2019-06-06 15:12:36'),
(117,3,21,71,284,'2019-06-06 15:07:39','2019-06-06 15:13:10'),
(118,3,22,72,286,'2019-06-06 15:07:39','2019-06-06 15:14:31'),
(119,3,23,69,276,'2019-06-06 15:07:39','2019-06-06 15:13:35'),
(120,3,24,68,269,'2019-06-06 15:07:39','2019-06-06 15:13:50'),
(121,3,25,70,279,'2019-06-06 15:07:39','2019-06-06 15:13:59'),
(122,3,26,75,299,'2019-06-06 15:07:39','2019-06-06 15:14:10'),
(123,3,27,73,289,'2019-06-06 15:07:39','2019-06-06 15:15:33'),
(124,3,28,76,303,'2019-06-06 15:07:39','2019-06-06 15:15:49'),
(125,3,29,80,317,'2019-06-06 15:07:39','2019-06-06 15:15:57'),
(126,3,30,81,321,'2019-06-06 15:07:39','2019-06-06 15:16:23'),
(127,3,31,78,310,'2019-06-06 15:07:39','2019-06-06 15:16:41'),
(128,3,32,77,306,'2019-06-06 15:07:39','2019-06-06 15:17:02'),
(129,3,33,79,315,'2019-06-06 15:07:39','2019-06-06 15:17:11'),
(130,3,34,86,343,'2019-06-06 15:07:39','2019-06-06 15:17:22'),
(131,3,35,88,351,'2019-06-06 15:07:39','2019-06-06 15:17:29'),
(132,3,36,82,326,'2019-06-06 15:07:39','2019-06-06 15:17:38'),
(133,3,37,84,333,'2019-06-06 15:07:39','2019-06-06 15:18:01'),
(134,3,38,85,337,'2019-06-06 15:07:39','2019-06-06 15:18:31'),
(135,3,39,83,332,'2019-06-06 15:07:39','2019-06-06 15:18:37'),
(136,3,40,89,356,'2019-06-06 15:07:39','2019-06-06 15:18:51'),
(137,3,41,87,346,'2019-06-06 15:07:39','2019-06-06 15:19:29'),
(138,3,42,95,378,'2019-06-06 15:07:39','2019-06-06 15:20:05'),
(139,3,43,97,388,'2019-06-06 15:07:39','2019-06-06 15:20:11'),
(140,3,44,92,366,'2019-06-06 15:07:39','2019-06-06 15:20:40'),
(141,3,45,90,360,'2019-06-06 15:07:39','2019-06-06 15:20:54'),
(142,3,46,96,382,'2019-06-06 15:07:39','2019-06-06 15:21:05'),
(143,3,47,91,363,'2019-06-06 15:07:39','2019-06-06 15:21:25'),
(144,3,48,98,390,'2019-06-06 15:07:39','2019-06-06 15:21:34'),
(145,3,49,93,369,'2019-06-06 15:07:39','2019-06-06 15:21:40'),
(146,3,50,94,375,'2019-06-06 15:07:39','2019-06-06 15:21:54'),
(147,4,1,130,520,'2019-06-06 15:22:22','2019-06-06 15:22:30'),
(148,4,2,102,408,'2019-06-06 15:22:22','2019-06-06 15:22:37'),
(149,4,3,124,493,'2019-06-06 15:22:22','2019-06-06 15:23:15'),
(150,4,4,131,523,'2019-06-06 15:22:22','2019-06-06 15:23:36'),
(151,4,5,113,450,'2019-06-06 15:22:22','2019-06-06 15:23:46'),
(152,4,6,134,534,'2019-06-06 15:22:22','2019-06-06 15:23:59'),
(153,4,7,123,490,'2019-06-06 15:22:22','2019-06-06 15:24:04'),
(154,4,8,128,510,'2019-06-06 15:22:22','2019-06-06 15:24:19'),
(155,4,9,101,401,'2019-06-06 15:22:22','2019-06-06 15:24:27'),
(156,4,10,112,446,'2019-06-06 15:22:22','2019-06-06 15:25:55'),
(157,4,11,120,479,'2019-06-06 15:22:22','2019-06-06 15:26:12'),
(158,4,12,107,425,'2019-06-06 15:22:22','2019-06-06 15:26:21'),
(159,4,13,121,484,'2019-06-06 15:22:22','2019-06-06 15:26:30'),
(160,4,14,119,474,'2019-06-06 15:22:22','2019-06-06 15:26:36'),
(161,4,15,100,399,'2019-06-06 15:22:22','2019-06-06 15:26:43'),
(162,4,16,129,515,'2019-06-06 15:22:22','2019-06-06 15:26:45'),
(163,4,17,138,549,'2019-06-06 15:22:22','2019-06-06 15:26:46'),
(164,4,18,110,440,'2019-06-06 15:22:22','2019-06-06 15:26:48'),
(165,4,19,109,436,'2019-06-06 15:22:22','2019-06-06 15:26:54'),
(166,4,20,133,531,'2019-06-06 15:22:22','2019-06-06 15:26:56'),
(167,4,21,137,548,'2019-06-06 15:22:22','2019-06-06 15:26:57'),
(168,4,22,106,423,'2019-06-06 15:22:22','2019-06-06 15:26:59'),
(169,4,23,117,468,'2019-06-06 15:22:22','2019-06-06 15:27:02'),
(170,4,24,126,504,'2019-06-06 15:22:22','2019-06-06 15:27:04'),
(171,4,25,127,506,'2019-06-06 15:22:22','2019-06-06 15:27:07'),
(172,4,26,140,557,'2019-06-06 15:22:22','2019-06-06 15:27:09'),
(173,4,27,148,592,'2019-06-06 15:22:22','2019-06-06 15:27:13'),
(174,4,28,143,569,'2019-06-06 15:22:22','2019-06-06 15:27:16'),
(175,4,29,145,578,'2019-06-06 15:22:22','2019-06-06 15:27:18'),
(176,4,30,139,554,'2019-06-06 15:22:22','2019-06-06 15:27:20'),
(177,4,31,141,562,'2019-06-06 15:22:22','2019-06-06 15:27:22'),
(178,4,32,149,593,'2019-06-06 15:22:22','2019-06-06 15:27:24'),
(179,4,33,144,574,'2019-06-06 15:22:22','2019-06-06 15:27:27'),
(180,4,34,142,565,'2019-06-06 15:22:22','2019-06-06 15:27:29'),
(181,4,35,146,581,'2019-06-06 15:22:22','2019-06-06 15:27:31'),
(182,4,36,147,585,'2019-06-06 15:22:22','2019-06-06 15:27:34'),
(183,4,37,153,612,'2019-06-06 15:22:22','2019-06-06 15:27:35'),
(184,4,38,152,608,'2019-06-06 15:22:22','2019-06-06 15:27:38'),
(185,4,39,151,601,'2019-06-06 15:22:22','2019-06-06 15:27:41'),
(186,4,40,154,613,'2019-06-06 15:22:22','2019-06-06 15:27:42'),
(187,4,41,155,619,'2019-06-06 15:22:22','2019-06-06 15:27:46'),
(188,4,42,150,598,'2019-06-06 15:22:22','2019-06-06 15:27:48'),
(189,4,43,173,691,'2019-06-06 15:22:22','2019-06-06 15:27:50'),
(190,4,44,165,659,'2019-06-06 15:22:22','2019-06-06 15:27:51'),
(191,4,45,169,674,'2019-06-06 15:22:22','2019-06-06 15:27:53'),
(192,4,46,166,664,'2019-06-06 15:22:22','2019-06-06 15:27:55'),
(193,4,47,172,685,'2019-06-06 15:22:22','2019-06-06 15:27:57'),
(194,4,48,159,634,'2019-06-06 15:22:22','2019-06-06 15:27:58'),
(195,4,49,163,651,'2019-06-06 15:22:22','2019-06-06 15:28:01'),
(196,4,50,158,632,'2019-06-06 15:22:22','2019-06-06 15:28:03'),
(197,4,51,167,668,'2019-06-06 15:22:22','2019-06-06 15:28:05'),
(198,4,52,156,622,'2019-06-06 15:22:22','2019-06-06 15:28:06'),
(199,4,53,160,637,'2019-06-06 15:22:22','2019-06-06 15:28:08'),
(200,4,54,157,626,'2019-06-06 15:22:22','2019-06-06 15:28:10'),
(201,4,55,161,644,'2019-06-06 15:22:22','2019-06-06 15:28:12'),
(202,4,56,170,678,'2019-06-06 15:22:22','2019-06-06 15:28:14'),
(203,4,57,162,645,'2019-06-06 15:22:22','2019-06-06 15:28:16'),
(204,4,58,168,672,'2019-06-06 15:22:22','2019-06-06 15:28:18'),
(205,4,59,164,656,'2019-06-06 15:22:22','2019-06-06 15:28:20'),
(206,4,60,171,683,'2019-06-06 15:22:22','2019-06-06 15:28:22'),
(207,5,1,178,710,'2019-06-06 15:28:42','2019-06-06 15:28:55'),
(208,5,2,185,740,'2019-06-06 15:28:42','2019-06-06 15:29:47'),
(209,5,3,187,748,'2019-06-06 15:28:42','2019-06-06 15:30:03'),
(210,5,4,183,729,'2019-06-06 15:28:42','2019-06-06 15:46:35'),
(211,5,5,174,693,'2019-06-06 15:28:42','2019-06-06 15:49:10'),
(212,5,6,175,699,'2019-06-06 15:28:42','2019-06-06 15:49:16'),
(213,5,7,186,742,'2019-06-06 15:28:42','2019-06-06 15:49:30'),
(214,5,8,177,705,'2019-06-06 15:28:42','2019-06-06 15:49:36'),
(215,5,9,190,758,'2019-06-06 15:28:42','2019-06-06 15:49:44'),
(216,5,10,189,755,'2019-06-06 15:28:42','2019-06-06 15:49:51'),
(217,5,11,181,721,'2019-06-06 15:28:42','2019-06-06 15:49:59'),
(218,5,12,176,702,'2019-06-06 15:28:42','2019-06-06 15:50:06'),
(219,5,13,180,718,'2019-06-06 15:28:42','2019-06-06 15:50:21'),
(220,5,14,184,734,'2019-06-06 15:28:42','2019-06-06 15:50:37'),
(221,5,15,188,752,'2019-06-06 15:28:42','2019-06-06 15:50:44'),
(222,5,16,179,715,'2019-06-06 15:28:42','2019-06-06 15:50:53'),
(223,5,17,182,727,'2019-06-06 15:28:42','2019-06-06 15:51:07'),
(224,5,18,195,777,'2019-06-06 15:28:42','2019-06-06 15:51:24'),
(225,5,19,194,775,'2019-06-06 15:28:42','2019-06-06 15:51:33'),
(226,5,20,196,784,'2019-06-06 15:28:42','2019-06-06 15:51:43'),
(227,5,21,191,762,'2019-06-06 15:28:42','2019-06-06 15:51:49'),
(228,5,22,192,766,'2019-06-06 15:28:42','2019-06-06 15:51:55'),
(229,5,23,197,786,'2019-06-06 15:28:42','2019-06-06 15:52:06'),
(230,5,24,193,771,'2019-06-06 15:28:42','2019-06-06 15:52:20'),
(231,5,25,198,789,'2019-06-06 15:28:42','2019-06-06 15:52:27'),
(232,5,26,201,802,'2019-06-06 15:28:42','2019-06-06 15:52:35'),
(233,5,27,203,812,'2019-06-06 15:28:42','2019-06-06 15:52:41'),
(234,5,28,199,795,'2019-06-06 15:28:42','2019-06-06 15:52:47'),
(235,5,29,200,800,'2019-06-06 15:28:42','2019-06-06 15:52:53'),
(236,5,30,202,807,'2019-06-06 15:28:42','2019-06-06 15:52:58'),
(237,5,31,206,821,'2019-06-06 15:28:42','2019-06-06 15:53:07'),
(238,5,32,207,827,'2019-06-06 15:28:42','2019-06-06 15:53:17'),
(239,5,33,205,818,'2019-06-06 15:28:42','2019-06-06 15:53:24'),
(240,5,34,209,836,'2019-06-06 15:28:42','2019-06-06 15:53:34'),
(241,5,35,211,842,'2019-06-06 15:28:42','2019-06-06 15:53:42'),
(242,5,36,208,830,'2019-06-06 15:28:42','2019-06-06 15:53:48'),
(243,5,37,204,813,'2019-06-06 15:28:42','2019-06-06 15:53:55'),
(244,5,38,210,840,'2019-06-06 15:28:42','2019-06-06 15:54:03'),
(245,5,39,224,896,'2019-06-06 15:28:42','2019-06-06 15:54:12'),
(246,5,40,220,880,'2019-06-06 15:28:42','2019-06-06 15:54:33'),
(247,5,41,221,883,'2019-06-06 15:28:42','2019-06-06 15:54:39'),
(248,5,42,216,861,'2019-06-06 15:28:42','2019-06-06 15:54:45'),
(249,5,43,217,866,'2019-06-06 15:28:42','2019-06-06 15:54:52'),
(250,5,44,214,856,'2019-06-06 15:28:42','2019-06-06 15:54:58'),
(251,5,45,222,886,'2019-06-06 15:28:42','2019-06-06 15:55:12'),
(252,5,46,215,858,'2019-06-06 15:28:42','2019-06-06 15:56:34'),
(253,5,47,226,904,'2019-06-06 15:28:42','2019-06-06 15:56:57'),
(254,5,48,218,870,'2019-06-06 15:28:42','2019-06-06 15:57:03'),
(255,5,49,225,900,'2019-06-06 15:28:42','2019-06-06 15:57:11'),
(256,5,50,212,846,'2019-06-06 15:28:42','2019-06-06 15:57:20'),
(257,5,51,219,873,'2019-06-06 15:28:42','2019-06-06 15:57:32'),
(258,5,52,223,890,'2019-06-06 15:28:43','2019-06-06 15:57:42'),
(259,5,53,213,850,'2019-06-06 15:28:43','2019-06-06 15:57:55');

/*Table structure for table `trainees` */

DROP TABLE IF EXISTS `trainees`;

CREATE TABLE `trainees` (
  `trainee_id` int(10) unsigned NOT NULL AUTO_INCREMENT,
  `dealer_id` int(10) unsigned DEFAULT NULL,
  `trainor_id` int(10) unsigned NOT NULL,
  `fname` varchar(50) COLLATE utf8_unicode_ci NOT NULL,
  `mname` varchar(20) COLLATE utf8_unicode_ci DEFAULT NULL,
  `lname` varchar(20) COLLATE utf8_unicode_ci NOT NULL,
  `email` varchar(150) COLLATE utf8_unicode_ci NOT NULL,
  `created_at` timestamp NOT NULL DEFAULT CURRENT_TIMESTAMP,
  `updated_at` timestamp NOT NULL DEFAULT CURRENT_TIMESTAMP ON UPDATE CURRENT_TIMESTAMP,
  PRIMARY KEY (`trainee_id`),
  KEY `trainor_id` (`trainor_id`),
  CONSTRAINT `trainor_id` FOREIGN KEY (`trainor_id`) REFERENCES `trainors` (`trainor_id`) ON DELETE CASCADE ON UPDATE CASCADE
) ENGINE=InnoDB AUTO_INCREMENT=189 DEFAULT CHARSET=utf8 COLLATE=utf8_unicode_ci;

/*Data for the table `trainees` */

insert  into `trainees`(`trainee_id`,`dealer_id`,`trainor_id`,`fname`,`mname`,`lname`,`email`,`created_at`,`updated_at`) values 
(1,1,1,'Rolly','Garlan','Valentino','rolly.valentino@yahoo.com','2018-12-26 14:56:24','2018-12-26 14:56:24'),
(3,1,1,'Vicente','Lastima','Collantes','vicente.collantes@yahoo.com','2018-12-26 15:10:50','2018-12-26 15:10:50'),
(4,1,1,'Ahrjay','Hinay','Pulvera','ahrjay.pulvera@yahoo.com','2018-12-27 08:11:24','2018-12-27 08:11:24'),
(6,40,2,'Ramcar','Clarin','Carriedo','ramcar.carriedo@yahoo.com','2018-12-27 08:18:11','2018-12-27 08:18:11'),
(7,40,2,'Jomar','Sarvida','Gaspan','jomar.gaspan@yahoo.com','2018-12-27 08:19:23','2018-12-27 08:19:23'),
(8,40,2,'John Michael','Meniao','Cabrera','johnmichael.cabrera@yahoo.com','2018-12-27 08:25:33','2018-12-27 08:25:33'),
(9,40,2,'Carleo Austin','Arangoso','Embuscado','carleoaustin.embuscado@yahoo.com','2018-12-27 08:28:03','2018-12-27 08:28:03'),
(10,40,2,'George','Sanchez','Dumaog','george.dumaog@yahoo.com','2018-12-27 08:29:04','2018-12-27 08:29:04'),
(14,39,3,'Arnold','Caberoy','Carnaje','arnold.carnaje@yahoo.com','2018-12-27 08:54:38','2018-12-27 08:54:38'),
(15,39,3,'Sani James','Bugto','Maghanoy','sanijames.maghanoy@yahoo.com','2018-12-27 08:56:11','2018-12-27 08:56:11'),
(16,39,3,'Eduardo','Barina','Capito','eduardo.capito@yahoo.com','2018-12-27 08:57:11','2018-12-27 08:57:11'),
(17,39,3,'Paul','Filisaria','Rosales','paul.rosales@yahoo.com','2018-12-27 08:58:13','2018-12-27 08:58:13'),
(20,39,3,'Ronie','Torculas','Luib','ronie.luib@yahoo.com','2018-12-27 09:25:01','2018-12-27 09:25:01'),
(21,39,3,'Mike Joemar','Bacala','Llagas','mikejoemar.llagas@yahoo.com','2018-12-27 09:29:51','2018-12-27 09:29:51'),
(22,39,3,'Melbert','Valdehueza','Parreno','melbert.parreno@yahoo.com','2018-12-27 09:33:20','2018-12-27 09:33:20'),
(23,39,3,'Carl Vincent','Ubarco','Gabutan','carlvincent.gabutan@yahoo.com','2018-12-27 09:35:44','2018-12-27 09:36:17'),
(24,39,3,'Lomrecio','Limbague','Miado','lomrecio.miado@yahoo.com','2018-12-27 09:42:33','2018-12-27 09:42:33'),
(25,39,3,'Francis','Glaban','Suarez','francis.suarez@yahoo.com','2018-12-27 09:44:31','2018-12-27 09:44:31'),
(26,39,3,'Brian','Ramos','Item','brian.item@yahoo.com','2018-12-27 09:46:47','2018-12-27 09:46:47'),
(27,39,3,'Ramel','Maglangit','Galapin','ramel.galapin@yahoo.com','2018-12-27 09:51:07','2018-12-27 09:51:07'),
(28,39,3,'Ernie Jun','Pasagdan','Damiles','erniejun.damiles@yahoo.com','2018-12-27 10:01:12','2018-12-27 10:01:12'),
(29,39,3,'Marck Anthony','Agsausan','Repompo','marckanthony.repompo@yahoo.com','2018-12-27 10:11:02','2018-12-27 10:11:02'),
(30,39,3,'Michael','Candelario','Olano','michael.olano@yahoo.com','2018-12-27 10:11:48','2018-12-27 10:11:48'),
(31,39,3,'John Paul','Villa','Lagubis','johnpaul.lagubis@yahoo.com','2018-12-27 10:14:12','2018-12-27 10:14:12'),
(32,39,3,'Jumar','Sarento','Boybanting','jumar.boybanting@yahoo.com','2018-12-27 10:42:05','2018-12-27 10:42:05'),
(34,20,4,'Dino','Notarte','Cobollo','dino.cobollo@yahoo.com','2018-12-27 10:47:48','2018-12-27 10:47:48'),
(35,20,4,'Lauro','Manabat','Escuadro','lauro.escuadro@yahoo.com','2018-12-27 10:48:43','2018-12-27 10:48:43'),
(36,20,4,'Restituto','Tuazon','De Guzman','restituto.deguzman@yahoo.com','2018-12-27 10:51:12','2018-12-27 10:51:12'),
(37,20,4,'Apolinar','Carpio','Sebastian','apolinar.sebastian@yahoo.com','2018-12-27 10:54:22','2018-12-27 10:54:22'),
(39,20,4,'Julianito','Hipolito','Tapang','julianito.tapang@yahoo.com','2018-12-27 11:00:46','2018-12-27 11:00:46'),
(42,20,4,'Emeterio','Paderes','Jardiel','emeterio.jardiel@yahoo.com','2018-12-27 11:05:42','2018-12-27 11:05:42'),
(43,20,4,'Aurelio','Ponbuena','Castro','aurelio.castro@yahoo.com','2018-12-27 11:07:35','2018-12-27 11:07:35'),
(44,20,4,'Manolito','Pascual','Gonzales','manolito.gonzales@yahoo.com','2018-12-27 11:08:32','2018-12-27 11:08:32'),
(45,20,4,'Reymark','Prado','Acosta','reymark.acosta@yahoo.com','2018-12-27 11:09:33','2018-12-27 11:09:33'),
(46,20,4,'Mark Allen','Sumalbag','Vergara','markallen.vergara@yahoo.com','2018-12-27 11:10:16','2018-12-27 11:10:16'),
(48,3,5,'Victor','P','Napiri','victor.napiri@yahoo.com','2018-12-27 11:43:24','2018-12-27 11:43:24'),
(49,3,5,'Joven','S.','Espena','joven.espena@yahoo.com','2018-12-27 11:45:01','2018-12-27 11:45:01'),
(50,7,7,'Luisito','Escarda','Manzanares','luisito.manzanares@yahoo.com','2018-12-27 12:59:18','2018-12-27 12:59:18'),
(51,7,7,'Archie','Andot','Salces','archie.salces@yahoo.com','2018-12-27 13:02:15','2018-12-27 13:02:15'),
(52,7,7,'Jerome','Noculanz','Anghad','jerome.anghad@yahoo.com','2018-12-27 13:03:58','2018-12-27 13:03:58'),
(53,7,7,'Jumar Kirt','Tundag','Mangilaya','jumarkirt.mangilaya@yahoo.com','2018-12-27 13:05:00','2018-12-27 13:05:00'),
(54,2,8,'Arjay','Cadabona','Ang-Angan','arjay.ang-angan@yahoo.com','2018-12-27 13:07:14','2018-12-27 13:07:14'),
(55,2,8,'Ferdinand','Capinig','Saavedra','ferdinand.saavedra@yahoo.com','2018-12-27 13:11:58','2018-12-27 13:11:58'),
(56,2,8,'Herman','Managan','Campena','herman.campena@yahoo.com','2018-12-27 13:14:41','2018-12-27 13:14:41'),
(57,13,9,'Joe Mari','Alday','Umali','joemari.umali@yahoo.com','2018-12-27 14:19:03','2018-12-27 14:19:03'),
(58,13,9,'John Mark','Afable','Guarino','johnmark.guarino@yahoo.com','2018-12-27 14:22:27','2018-12-27 14:22:27'),
(59,13,9,'Jordan','Evardone','Estoperez','jordan.estoperez@yahoo.com','2018-12-27 14:23:34','2018-12-27 14:23:34'),
(60,13,9,'Ian','Bacunawa','Naagas','ian.naagas@yahoo.com','2018-12-27 14:24:21','2018-12-27 14:24:21'),
(62,13,9,'Wembee','Morante','Mortos','wembee.mortos@yahoo.com','2018-12-27 14:26:29','2018-12-27 14:26:29'),
(63,13,9,'Joshua','Cinco','Avelino','joshua.avelino@yahoo.com','2018-12-27 14:48:10','2018-12-27 14:48:10'),
(88,13,9,'Joshua Niel','Rosales','Burlat','joshuaniel.burlat@yahoo.com','2019-01-03 14:09:02','2019-01-03 14:09:02'),
(94,10,14,'Romex','Lagatoc','Digdigan','romex.digdigan@yahoo.com','2019-01-07 08:52:46','2019-01-07 08:52:46'),
(95,10,14,'Jelbert','Diaz','Doruelo','jelbert.doruelo@yahoo.com','2019-01-07 08:54:37','2019-01-07 08:54:37'),
(96,10,14,'Roque','Tumacag','Genteroles','roque.genteroles@yahoo.com','2019-01-07 08:56:10','2019-01-07 08:56:10'),
(97,10,14,'Joseph Ryan','Batbat','Olivar','joseph.olivar@yahoo.com','2019-01-07 08:59:33','2019-01-07 08:59:33'),
(100,10,14,'Romeo','Tularon','Tan','romeo.tan@yahoo.com','2019-01-07 09:27:19','2019-01-07 09:27:19'),
(101,10,14,'Jovin','Gardose','Digdigan','jovin.digdigan@yahoo.com','2019-01-07 09:28:01','2019-01-07 09:28:01'),
(102,6,15,'Norman','Braza','Galang','norman.galang@yahoo.com','2019-01-07 09:30:46','2019-01-07 09:30:46'),
(103,6,15,'Rolly','Suaner','Canillo','rolly.canillo@yahoo.com','2019-01-07 09:31:48','2019-01-07 09:31:48'),
(104,6,15,'Kim','Munoz','Sumarago','kim.sumarago@yahoo.com','2019-01-07 09:33:06','2019-01-07 09:33:06'),
(105,6,15,'Jeran','Jabordo','Debalucos','jeran.debalucos@yahoo.com','2019-01-07 09:34:19','2019-01-07 09:34:19'),
(106,6,15,'Ariel','Nebria','Cabatingan','arjel.cabatingan@yahoo.com','2019-01-07 09:34:41','2019-01-07 09:34:41'),
(107,9,16,'Lay Jhon','Binatero','Palua','layjhon.palua@yahoo.com','2019-01-07 09:37:35','2019-01-07 09:37:35'),
(108,21,18,'Deolito','Euterio','Galono','deolito.galono@yahoo.com','2019-01-07 09:40:26','2019-01-07 09:40:26'),
(109,21,18,'Jan Herbie','Mendiola','Blasico','janherbie.blasico@yahoo.com','2019-01-07 09:41:55','2019-01-07 09:41:55'),
(110,21,18,'Christian','Erespe','Japson','christian.japson@yahoo.com','2019-01-07 09:42:53','2019-01-07 09:42:53'),
(111,21,18,'Ryan','Cabatana','Bernil','ryan.bernil@yahoo.com','2019-01-07 09:44:11','2019-01-07 09:44:11'),
(112,21,18,'Mickey John','Gaspang','Olimpo','mickeyjohn.olimpo@yahoo.com','2019-01-07 09:44:46','2019-01-07 09:44:46'),
(113,21,18,'Jhon','Montes','Mozcosa','jhon.mozcosa@yahoo.com','2019-01-07 09:45:34','2019-01-07 09:45:34'),
(114,21,18,'Johnndyl','Endriga','Ramos','johnndyl.ramos@yahoo.com','2019-01-07 09:51:50','2019-01-07 09:51:50'),
(115,21,18,'Jayson','Tamayo','Rubio','jayson.rubio@yahoo.com','2019-01-07 09:52:56','2019-01-07 09:52:56'),
(116,21,18,'Erwin','Engay','Almoguera','erwin.almoguera@yahoo.com','2019-01-07 09:53:43','2019-01-07 09:53:43'),
(117,21,18,'William','Resundanga','Navarro','william.navarro@yahoo.com','2019-01-07 09:54:12','2019-01-07 09:54:12'),
(118,21,18,'Fernando','Talag','Ventura','fernando.ventura@yahoo.com','2019-01-07 09:54:56','2019-01-07 09:54:56'),
(119,21,18,'Ronald','Delos Santos','Benitez','ronald.benitez@yahoo.com','2019-01-07 09:55:43','2019-01-07 09:55:43'),
(120,21,18,'Ronnie','Quinagutan','Alido','ronnie.alido@yahoo.com','2019-01-07 09:56:17','2019-01-07 09:56:17'),
(121,21,18,'Raymond','Cabral','Garcia','raymond.garcia@yahoo.com','2019-01-07 09:57:15','2019-01-07 09:57:15'),
(122,21,18,'Narsan','Cabral','Castro','narsan.castro@yahoo.com','2019-01-07 09:57:40','2019-01-07 09:57:40'),
(123,21,18,'Manuel','San Diego','Omana','manuel.omana@yahoo.com','2019-01-07 09:58:22','2019-01-07 09:58:22'),
(124,18,20,'Francisco','Basada','Tabago','francisco.tabago@yahoo.com','2019-01-07 12:30:51','2019-06-06 15:28:28'),
(125,18,20,'Mario Severion','Bartolome','Salmos','marioseverino.salmos@yahoo.com','2019-01-07 12:31:56','2019-01-07 12:31:56'),
(126,18,20,'Juan','Sapla','Mauricio','juan.mauricio@yahoo.com','2019-01-07 12:32:28','2019-01-07 12:32:28'),
(127,18,20,'Albert','Claridad','Virtus','albert.virtus@yahoo.com','2019-01-07 12:33:13','2019-01-07 12:33:13'),
(128,18,20,'Jomari','Ibarreta','Ocbian','jomari.ocbian@yahoo.com','2019-01-07 12:33:51','2019-01-07 12:33:51'),
(129,18,20,'Arnold','Edra','Manahan','arnold.manahan@yahoo.com','2019-01-07 12:34:23','2019-01-07 12:34:23'),
(130,18,20,'Rolando','Laguna','Campano','rolando.campano@yahoo.com','2019-01-07 12:34:49','2019-01-07 12:34:49'),
(131,18,20,'Reden','Santos','Soriano','reden.soriano@yahoo.com','2019-01-07 12:35:23','2019-01-07 12:35:23'),
(132,18,20,'Adrian','Quimino','Aglugub','adrian.aglugub@yahoo.com','2019-01-07 12:36:12','2019-01-07 12:36:12'),
(133,18,20,'Edison','Melchor','Leal','edison.leal@yahoo.com','2019-01-07 12:39:54','2019-01-07 12:39:54'),
(134,18,20,'Jan Joel','Soriano','Lucas','janjoel.lucas@yahoo.com','2019-01-07 12:40:55','2019-01-07 12:40:55'),
(135,18,20,'Jovany','Castro','Adolfo','jovany.adolfo@yahoo.com','2019-01-07 12:41:14','2019-01-07 12:41:14'),
(136,29,23,'Rodel','Eserjose','Dizon','rodel.dizon@yahoo.com','2019-01-07 12:50:10','2019-01-07 12:50:10'),
(137,31,24,'Joemario','Malbas','Nalangan','joemario.nalangan@yahoo.com','2019-01-07 12:52:38','2019-01-07 12:52:38'),
(138,31,24,'Roy','David','Rodriguez','roy.rodriquez@yahoo.com','2019-01-07 12:53:29','2019-01-07 12:53:29'),
(139,28,34,'Elking','Alviz','Alquero','elking.alquero@yahoo.com','2019-01-07 12:56:22','2019-01-07 12:56:22'),
(140,28,34,'Renz Louie','Mesina','Baluyut','renzlouie.mesina@yahoo.com','2019-01-07 12:57:16','2019-01-07 12:57:16'),
(141,28,34,'Kristoffer','Matibag','Fernandez','kristoffer.fernandez@yahoo.com','2019-01-07 14:10:18','2019-01-07 14:10:18'),
(142,28,34,'John Carlo','Catu','Ortizluis','johncarlo.ortizluis@yahoo.com','2019-01-07 14:11:38','2019-01-07 14:11:38'),
(143,26,35,'John Carlo','Langaman','Macalintal','johncarlo.macalintal@yahoo.com','2019-01-07 14:14:06','2019-01-07 14:14:06'),
(144,26,35,'Kelvin','Barbosa','Almadrigo','kelvin.almadrigo@yahoo.com','2019-01-07 14:15:08','2019-01-07 14:15:08'),
(145,24,36,'Roi Renzo','Bonon','Israel','roirenzo.israel@yahoo.com','2019-01-07 14:18:11','2019-01-07 14:18:11'),
(146,24,36,'Wally','Tan','Arcales','wally.arcales@yahoo.com','2019-01-07 14:18:52','2019-01-07 14:18:52'),
(147,24,36,'Richard','Cruz','Valdecantos','richard.valdecantos@yahoo.com','2019-01-07 14:19:36','2019-01-07 14:19:36'),
(148,37,37,'Adje',NULL,'Dela Cruz','adje.delacruz@yahoo.com','2019-01-07 14:24:18','2019-01-07 14:27:44'),
(149,37,37,'Marjhun','Trimbolo','Flores','marjhun.flores@yahoo.com','2019-01-07 14:25:51','2019-01-07 14:27:52'),
(150,37,37,'Joemark','Pegarot','Carlos','joemark.carlos@yahoo.com','2019-01-07 14:26:23','2019-01-07 14:26:23'),
(151,37,37,'Michael','Tordecillas','Aguirre','michael.aguirre@yahoo.com','2019-01-07 14:27:28','2019-01-07 14:27:28'),
(152,25,38,'Gaudioso','Antipala','Vequiso','gaudioso.vequiso@yahoo.com','2019-01-07 14:30:28','2019-01-07 14:30:28'),
(153,25,38,'Demetrio','Arcega','Pilapil','demetrio.pilapil@yahoo.com','2019-01-07 14:31:14','2019-01-07 14:31:14'),
(154,8,43,'Aniceto','Bacalso','Basalo','aniceto.basalo@yahoo.com','2019-01-08 10:04:31','2019-01-08 10:04:31'),
(155,14,41,'Ryan Sonny','Banzuela','Balila','ryansonny.balila@yahoo.com','2019-01-08 10:31:04','2019-01-08 10:31:04'),
(156,15,42,'Jay Niel','Dacuya','Parma','jayniel.parma@yahoo.com','2019-01-08 10:43:57','2019-01-08 10:43:57'),
(157,15,42,'Daniel','Mendoza','Balbin','daniel.balbin@yahoo.com','2019-01-08 10:44:54','2019-01-08 10:44:54'),
(158,15,42,'Joshua','Carinaga','Perdigones','joshua.perdigones@yahoo.com','2019-01-08 10:45:54','2019-01-08 10:45:54'),
(159,15,42,'Elmer Jr.','Reyes','Cuba','elmer.cuba@yahoo.com','2019-01-08 10:47:56','2019-01-08 10:47:56'),
(160,15,42,'Jerome','Sarcon','Avila','jerome.avila@yahoo.com','2019-01-08 10:49:15','2019-01-08 10:49:15'),
(161,19,46,'Christopher','Mirador','Ibarreta','christopher.ibarreta@yahoo.com','2019-01-08 11:21:52','2019-01-08 11:21:52'),
(162,19,46,'Erwin','Dalupang','Banguilan','erwin.banguilan@yahoo.com','2019-01-08 11:22:53','2019-01-08 11:22:53'),
(163,19,46,'Marvin','Domingo','Eclipse','marvin.eclipse@yahoo.com','2019-01-08 11:23:42','2019-01-08 11:23:42'),
(164,19,46,'John Kim','Yu','Bobares','johnkim.bobares@yahoo.com','2019-01-08 11:24:49','2019-01-08 11:24:49'),
(165,22,47,'Rogelio Jr.','Clarin','Soronio','rogelio.soronio@yahoo.com','2019-01-08 11:41:34','2019-01-08 11:41:34'),
(167,22,47,'Julius','Olivero','Garcia','julius.garcia@yahoo.com','2019-01-08 11:43:20','2019-01-08 11:43:20'),
(168,22,47,'Michael',NULL,'Villaver','michael.villaver@yahoo.com','2019-01-08 11:44:04','2019-01-08 11:44:04'),
(169,22,47,'Arcelo','Ibarreta','Tabago','arcelo.tabago@yahoo.com','2019-01-08 11:44:57','2019-01-08 11:44:57'),
(170,27,48,'Aguedo','Sindayen','Dela Cruz','aguedo.delacruz@yahoo.com','2019-01-08 12:23:44','2019-01-08 12:23:44'),
(171,27,48,'Gerry','Villacorta','Balbiran','gerry.balbiran@yahoo.com','2019-01-08 12:24:37','2019-01-08 12:24:37'),
(172,27,48,'Eddie','Lambino','Abarcar','eddie.abarcar@yahoo.com','2019-01-08 12:25:29','2019-01-08 12:25:29'),
(173,27,48,'Jaime','Baula','Tandingan','jaime.tandingan@yahoo.com','2019-01-08 12:26:35','2019-01-08 12:26:35'),
(174,27,48,'Dennis','Balobar','Cacapit','dennis.cacapit@yahoo.com','2019-01-08 12:27:00','2019-01-08 12:27:00'),
(175,27,48,'Luige','De Guzman','De Guzman','luige.deguzman@yahoo.com','2019-01-08 12:28:32','2019-01-08 12:28:32'),
(176,32,50,'Niel Albert','Jabuen','Amador','niel.amador@yahoo.com','2019-01-08 12:38:35','2019-01-08 12:38:35'),
(177,33,51,'Gayson','Cardenes','Cardente','gayson.cardente@yahoo.com','2019-01-08 13:01:06','2019-01-08 13:01:06'),
(178,33,51,'Garryson','Mahinay','Andoy','garryson.andoy@yahoo.com','2019-01-08 13:02:03','2019-01-08 13:02:03'),
(179,33,51,'Jerric','Cuesito','Gamana','jerric.gamana@yahoo.com','2019-01-08 13:02:44','2019-01-08 13:02:44'),
(180,33,51,'Reynante','Cuesito','Cabusas','reynante.cabusas@yahoo.com','2019-01-08 13:03:34','2019-01-08 13:03:34'),
(181,33,51,'Eric','Gasahan','Ayoma','eric.ayoma@yahoo.com','2019-01-08 13:04:25','2019-01-08 13:04:25'),
(182,35,53,'Neil','Apolinario','Estrellas','niel.estrellas@yahoo.com','2019-01-08 13:19:53','2019-01-08 13:19:53'),
(183,36,54,'Jimson','Emoy','Mamanda','jimson.mamanda@yahoo.com','2019-01-08 13:28:43','2019-01-08 13:28:43'),
(184,36,54,'Renie','Saindom','Ejan','renie.ejan@yahoo.com','2019-01-08 13:30:52','2019-01-08 13:30:52'),
(185,36,54,'Jason','Redillas','Page','jason.page@yahoo.com','2019-01-08 13:31:27','2019-01-08 13:31:27'),
(186,36,54,'Jason Kindg Aldwin','Redillas','Tagbac','jason.tagbac@yahoo.com','2019-01-08 13:32:40','2019-01-08 13:32:40'),
(187,38,56,'Karl Dioje','Flame','Turtal','karl.turtal@yahoo.com','2019-01-08 14:00:25','2019-01-08 14:00:25'),
(188,38,56,'Erwin Jay','Laurente','Amil','erwin.amil@yahoo.com','2019-01-08 14:03:24','2019-01-08 14:03:24');

/*Table structure for table `training_histories` */

DROP TABLE IF EXISTS `training_histories`;

CREATE TABLE `training_histories` (
  `training_history_id` int(10) unsigned NOT NULL AUTO_INCREMENT,
  `module_id` int(10) unsigned NOT NULL,
  `exam_schedule_id` int(10) unsigned DEFAULT NULL,
  `exam_detail_id` int(10) unsigned DEFAULT NULL,
  `trainee_exam_id` int(10) unsigned NOT NULL,
  `dealer_id` int(10) unsigned NOT NULL,
  `trainee_id` int(10) unsigned NOT NULL,
  `score` int(10) DEFAULT NULL,
  `result` enum('passed','failed') COLLATE utf8_unicode_ci DEFAULT 'failed',
  `date_taken` datetime DEFAULT NULL,
  `created_at` timestamp NULL DEFAULT CURRENT_TIMESTAMP,
  `updated_at` timestamp NULL DEFAULT CURRENT_TIMESTAMP ON UPDATE CURRENT_TIMESTAMP,
  PRIMARY KEY (`training_history_id`)
) ENGINE=InnoDB AUTO_INCREMENT=44 DEFAULT CHARSET=utf8 COLLATE=utf8_unicode_ci;

/*Data for the table `training_histories` */

insert  into `training_histories`(`training_history_id`,`module_id`,`exam_schedule_id`,`exam_detail_id`,`trainee_exam_id`,`dealer_id`,`trainee_id`,`score`,`result`,`date_taken`,`created_at`,`updated_at`) values 
(25,1,15,13,51,1,1,38,'passed','2019-01-22 09:44:45','2019-01-22 10:12:17','2019-01-22 10:12:17'),
(26,2,16,18,52,1,1,22,'failed','2019-01-22 10:13:00','2019-01-22 11:46:42','2019-01-22 11:46:42'),
(27,3,17,23,53,1,1,29,'failed','2019-01-22 11:46:54','2019-01-22 12:05:30','2019-01-22 12:05:30'),
(28,4,18,28,54,1,1,10,'failed','2019-01-22 12:55:02','2019-01-22 12:57:58','2019-01-22 12:57:58'),
(29,1,15,13,55,1,3,18,'failed','2019-01-22 12:58:35','2019-01-22 13:01:20','2019-01-22 13:01:20'),
(30,2,16,18,56,1,3,33,'passed','2019-01-22 13:01:28','2019-01-22 13:07:36','2019-01-22 13:07:36'),
(31,3,17,23,57,1,3,14,'failed','2019-01-22 13:07:44','2019-01-22 13:11:33','2019-01-22 13:11:33'),
(32,4,18,28,58,1,3,26,'failed','2019-01-22 13:11:40','2019-01-22 13:15:10','2019-01-22 13:15:10'),
(33,1,15,13,59,1,4,28,'failed','2019-01-22 13:16:35','2019-01-22 13:21:01','2019-01-22 13:21:01'),
(34,2,16,18,60,1,4,21,'failed','2019-01-22 13:21:08','2019-01-22 13:23:13','2019-01-22 13:23:13'),
(35,3,17,23,61,1,4,11,'failed','2019-01-22 13:23:25','2019-01-22 13:27:17','2019-01-22 13:27:17'),
(36,4,18,28,62,1,4,31,'failed','2019-01-22 13:28:59','2019-01-22 13:34:01','2019-01-22 13:34:01'),
(37,1,15,17,63,39,14,4,'failed','2019-01-23 09:25:14','2019-01-23 09:50:31','2019-01-23 09:50:31'),
(38,1,19,33,1,1,1,0,'failed','2019-03-06 07:53:05','2019-03-06 16:29:43','2019-03-06 16:29:43'),
(39,1,19,33,1,1,1,0,'failed','2019-03-06 07:53:05','2019-03-06 16:31:35','2019-03-06 16:31:35'),
(40,1,19,50,2,18,125,26,'passed','2019-06-06 15:01:06','2019-06-06 15:07:30','2019-06-06 15:07:30'),
(41,2,20,92,3,18,125,36,'passed','2019-06-06 15:07:39','2019-06-06 15:22:06','2019-06-06 15:22:06'),
(42,3,21,134,4,18,125,21,'failed','2019-06-06 15:22:22','2019-06-06 15:28:27','2019-06-06 15:28:27'),
(43,4,22,176,5,18,125,24,'failed','2019-06-06 15:28:42','2019-06-06 15:58:01','2019-06-06 15:58:01');

/*Table structure for table `trainor_histories` */

DROP TABLE IF EXISTS `trainor_histories`;

CREATE TABLE `trainor_histories` (
  `trainor_history_id` int(10) unsigned NOT NULL AUTO_INCREMENT,
  `trainor_id` int(10) DEFAULT NULL,
  `module_detail_id` int(10) DEFAULT NULL,
  `created_at` timestamp NULL DEFAULT CURRENT_TIMESTAMP,
  `updated_at` timestamp NULL DEFAULT CURRENT_TIMESTAMP ON UPDATE CURRENT_TIMESTAMP,
  PRIMARY KEY (`trainor_history_id`)
) ENGINE=InnoDB AUTO_INCREMENT=164 DEFAULT CHARSET=utf8 COLLATE=utf8_unicode_ci;

/*Data for the table `trainor_histories` */

insert  into `trainor_histories`(`trainor_history_id`,`trainor_id`,`module_detail_id`,`created_at`,`updated_at`) values 
(160,1,343,'2019-01-22 14:08:31','2019-01-22 14:08:31'),
(161,1,431,'2019-03-06 16:22:51','2019-03-06 16:22:51'),
(162,1,389,'2019-03-06 16:24:39','2019-03-06 16:24:39'),
(163,46,407,'2019-06-06 14:50:43','2019-06-06 14:50:43');

/*Table structure for table `trainors` */

DROP TABLE IF EXISTS `trainors`;

CREATE TABLE `trainors` (
  `trainor_id` int(10) unsigned NOT NULL AUTO_INCREMENT,
  `dealer_id` int(10) unsigned NOT NULL,
  `fname` varchar(50) COLLATE utf8_unicode_ci NOT NULL,
  `mname` varchar(20) COLLATE utf8_unicode_ci DEFAULT NULL,
  `lname` varchar(20) COLLATE utf8_unicode_ci NOT NULL,
  `email` varchar(150) COLLATE utf8_unicode_ci NOT NULL,
  `deleted_at` varchar(50) COLLATE utf8_unicode_ci DEFAULT NULL,
  `created_at` timestamp NOT NULL DEFAULT CURRENT_TIMESTAMP,
  `updated_at` timestamp NOT NULL DEFAULT CURRENT_TIMESTAMP ON UPDATE CURRENT_TIMESTAMP,
  PRIMARY KEY (`trainor_id`),
  KEY `dealer_id` (`dealer_id`),
  CONSTRAINT `dealer_id` FOREIGN KEY (`dealer_id`) REFERENCES `dealers` (`dealer_id`) ON DELETE CASCADE ON UPDATE CASCADE
) ENGINE=InnoDB AUTO_INCREMENT=60 DEFAULT CHARSET=utf8 COLLATE=utf8_unicode_ci;

/*Data for the table `trainors` */

insert  into `trainors`(`trainor_id`,`dealer_id`,`fname`,`mname`,`lname`,`email`,`deleted_at`,`created_at`,`updated_at`) values 
(1,1,'Gino',NULL,'Batan','batan.gv@isuzualabang.com',NULL,'2018-12-17 11:05:56','2019-01-16 15:01:09'),
(2,40,'Arman',NULL,'Bulahan','armanmbulahan@gmail.com',NULL,'2018-12-17 11:06:40','2018-12-26 15:14:13'),
(3,39,'Jacinto',NULL,'Casino','jacintocasio@yahoo.com',NULL,'2018-12-17 11:07:26','2018-12-17 11:07:26'),
(4,20,'Restituto',NULL,'Gamboa','gamboarn@yahoo.com',NULL,'2018-12-17 11:09:26','2018-12-17 11:09:26'),
(5,3,'Leonito',NULL,'Mabonga','leomabonga10@gmail.com',NULL,'2018-12-17 11:10:19','2018-12-17 11:10:19'),
(6,17,'Jerry',NULL,'Molo','jd_molo@yahoo.com',NULL,'2018-12-17 11:10:56','2018-12-17 11:10:56'),
(7,7,'Jerry',NULL,'Monleon','jerry.monleon1966@isuzumandaue.com',NULL,'2018-12-17 11:16:55','2018-12-17 13:06:45'),
(8,2,'Edwin',NULL,'Rodelas','rodelas.eo@isuzupasig.com',NULL,'2018-12-17 11:17:40','2018-12-17 11:17:40'),
(9,13,'Jerremiah',NULL,'Danieles','jham0501@gmail.com',NULL,'2018-12-17 11:19:21','2018-12-17 11:19:21'),
(10,2,'Darwin','A.','Maming','maming.da@isuzupasig.com',NULL,'2019-01-03 14:19:37','2019-01-03 14:19:37'),
(11,4,'Glen',NULL,'Bellosillo','bellosillo.gb@isuzurizal.com',NULL,'2019-01-03 14:21:19','2019-01-03 14:21:19'),
(12,1,'Allain',NULL,'Duquiatan','duquiatan.as@isuzucavite.com',NULL,'2019-01-03 14:22:08','2019-01-03 14:22:08'),
(13,3,'Dominic',NULL,'Laqui','laqui.dm@isuzucavite.com',NULL,'2019-01-03 14:26:09','2019-01-03 14:26:09'),
(14,10,'Gilbert','G.','Tinoy','tinoy.gg@isuzuiloilo.com',NULL,'2019-01-03 14:27:18','2019-01-03 14:34:39'),
(15,6,'Eufemio','P.','Ybanez','Ybanez.ep@isuzumandaue.com',NULL,'2019-01-03 14:31:34','2019-01-03 14:31:34'),
(16,9,'Eufemio','P.','Ybanez','eufemio.ybanez@yahoo.com',NULL,'2019-01-03 14:34:09','2019-01-08 10:13:49'),
(17,7,'Ritche','A.','Descallar','Descallar.ra@isuzumandaue.com',NULL,'2019-01-03 14:39:05','2019-01-03 14:39:05'),
(18,21,'Jerry',NULL,'Vicencio','jerlius@yahoo.com',NULL,'2019-01-03 14:41:47','2019-01-03 14:41:47'),
(19,20,'Arwynn John','C.','Sanhi','arwynnsanhi@bmdmotors.com',NULL,'2019-01-03 14:42:36','2019-01-03 14:42:36'),
(20,18,'Bobby Jr.','U.','Paltao','bobbypaltao@yahoo.com',NULL,'2019-01-03 14:44:46','2019-01-08 11:06:45'),
(21,13,'Roy',NULL,'Dimas','rsdimas_service@yahoo.com',NULL,'2019-01-03 14:47:14','2019-01-03 14:47:14'),
(22,12,'Ramie',NULL,'Monterola','ramiemonterola@yahoo.com',NULL,'2019-01-03 14:49:24','2019-01-03 14:49:24'),
(23,29,'Adello','H.','Sibulo','ahsibulo@isuzucommonwealth.com',NULL,'2019-01-03 14:51:06','2019-01-07 08:06:44'),
(24,31,'Michael','G.','Hufemia','mghufemia@isuzumanila.com',NULL,'2019-01-03 15:01:11','2019-01-03 15:01:11'),
(34,28,'Marcel',NULL,'Manuel','mg_manuel5462@yahoo.com',NULL,'2019-01-07 02:41:26','2019-01-07 02:41:26'),
(35,26,'Orly','Q.','Parungao','oqparungao@yahoo.com.ph',NULL,'2019-01-07 02:42:15','2019-01-07 02:42:15'),
(36,24,'Manuel',NULL,'Castro','manuelboycastro@yahoo.com',NULL,'2019-01-07 02:42:51','2019-01-07 02:42:51'),
(37,37,'Dante',NULL,'Busime','busime.isuzubacolod@gmail.com',NULL,'2019-01-07 02:45:08','2019-01-07 02:45:08'),
(38,25,'Eleazar',NULL,'Dedal','dedaleleazar@yahoo.com',NULL,'2019-01-07 08:08:15','2019-01-07 08:08:15'),
(39,5,'Robert Tito','Dumlao','Pasion','pasion.rd@isuzutaytay.com',NULL,'2019-01-07 14:57:01','2019-01-07 14:57:01'),
(40,11,'Cenon','Tolentino','Liwanag','cenon_liwanag@yahoo.com',NULL,'2019-01-07 15:04:02','2019-01-07 15:04:02'),
(41,14,'Richard','Competente','Gime','richardgime10@gmail.com',NULL,'2019-01-07 15:06:22','2019-01-07 15:06:22'),
(42,15,'Glenn','K.','San Juan','glennsanjuan20@yahoo.com',NULL,'2019-01-07 15:07:57','2019-01-07 15:07:57'),
(43,8,'Jerry',NULL,'Monleon','jerry.monleon1966@gmail.com',NULL,'2019-01-08 09:55:37','2019-01-08 09:55:37'),
(44,14,'Susan',NULL,'Reyes','susanreyes_isuzugencars@yahoo.com',NULL,'2019-01-08 10:28:00','2019-01-08 10:28:00'),
(45,15,'Moel',NULL,'Montemayor','memmayor@yahoo.com',NULL,'2019-01-08 10:32:30','2019-01-08 10:32:30'),
(46,19,'Bobby Jr.','U.','Paltao','bobby.paltao@yahoo.com',NULL,'2019-01-08 11:07:56','2019-01-08 11:07:56'),
(47,22,'Restituto',NULL,'Miranda','resty.miranda16@yahoo.com',NULL,'2019-01-08 11:33:50','2019-01-08 11:33:50'),
(48,27,'Wenceslao','U.','Cammayo','wenceslao.cammayo@yahoo.com',NULL,'2019-01-08 11:56:24','2019-01-08 11:56:24'),
(49,30,'Adello',NULL,'Sibulo','adello.sibuloisuzugreenhills@yahoo.com',NULL,'2019-01-08 12:33:02','2019-01-08 12:33:02'),
(50,32,'Mellissa',NULL,'Liu','isuzugensan@yahoo.com',NULL,'2019-01-08 12:36:31','2019-01-08 12:36:31'),
(51,33,'Dexter Jr.',NULL,'Dela Riarte','isuzubtn@gmail.com',NULL,'2019-01-08 12:54:41','2019-01-08 12:54:41'),
(52,34,'Michael','G.','Hufemia','michael.hufemiaisuzuleyte@yahoo.com',NULL,'2019-01-08 13:07:32','2019-01-08 13:07:32'),
(53,35,'Patrick',NULL,'Lee','izu_zambo@yahoo.com',NULL,'2019-01-08 13:09:14','2019-01-08 13:09:14'),
(54,36,'Cesar',NULL,'Daligdig','isuzudipolog@yahoo.com',NULL,'2019-01-08 13:21:35','2019-01-08 13:21:35'),
(55,37,'Cheryll',NULL,'Decena','cheryll_decena@yahoo.com',NULL,'2019-01-08 13:40:05','2019-01-08 13:40:05'),
(56,38,'Leah','M.','Marino','isuzudumaguete@hotmail.com',NULL,'2019-01-08 13:41:55','2019-01-08 13:41:55'),
(57,39,'Abrille Hector','M.','Vallar','abrille@gmail.com',NULL,'2019-01-08 14:06:06','2019-01-08 14:06:06'),
(58,41,'Edwin',NULL,'Parma','isuzupagbilaoservice.main@gmail.com',NULL,'2019-01-08 14:09:17','2019-01-08 14:09:17'),
(59,26,'Wenceslao','U.','Cammayo','wenceslaocammayo@yahoo.com',NULL,'2019-01-08 14:39:58','2019-01-08 14:39:58');

/*Table structure for table `users` */

DROP TABLE IF EXISTS `users`;

CREATE TABLE `users` (
  `user_id` int(10) unsigned NOT NULL AUTO_INCREMENT,
  `app_user_id` varchar(100) COLLATE utf8mb4_unicode_ci NOT NULL,
  `name` varchar(191) COLLATE utf8mb4_unicode_ci NOT NULL,
  `email` varchar(191) COLLATE utf8mb4_unicode_ci NOT NULL,
  `password` varchar(191) COLLATE utf8mb4_unicode_ci NOT NULL,
  `user_type` enum('trainor','trainee') COLLATE utf8mb4_unicode_ci NOT NULL,
  `remember_token` varchar(100) COLLATE utf8mb4_unicode_ci DEFAULT NULL,
  `is_active` tinyint(1) NOT NULL DEFAULT '0',
  `is_approved` int(1) unsigned DEFAULT '0',
  `deleted_at` varchar(50) COLLATE utf8mb4_unicode_ci DEFAULT NULL,
  `created_at` timestamp NULL DEFAULT CURRENT_TIMESTAMP,
  `updated_at` timestamp NULL DEFAULT CURRENT_TIMESTAMP ON UPDATE CURRENT_TIMESTAMP,
  PRIMARY KEY (`user_id`),
  UNIQUE KEY `users_email_unique` (`email`),
  UNIQUE KEY `app_user_id_UNIQUE` (`app_user_id`)
) ENGINE=InnoDB AUTO_INCREMENT=251 DEFAULT CHARSET=utf8mb4 COLLATE=utf8mb4_unicode_ci;

/*Data for the table `users` */

insert  into `users`(`user_id`,`app_user_id`,`name`,`email`,`password`,`user_type`,`remember_token`,`is_active`,`is_approved`,`deleted_at`,`created_at`,`updated_at`) values 
(0,'trainee_61','Sarino, Estaniel Cinco','estaniel.sarino@yahoo.com','$2y$10$YR7ZiQDjR/1nnW/pqSDAX.vpKkljZOQ3SgWUVlCxtRD7NAkp7ylPK','trainee',NULL,0,0,'2018-12-28 08:28:03','2018-12-27 14:25:27','2018-12-28 08:28:03'),
(1,'trainor_1','Batan, Gino ','batan.gv@isuzualabang.com','$2y$10$yWz4m81ETPbIB8YJmLvR9uPPqb7xvBq7wGjEoSk/I.iUIu8lL8Gsq','trainor','YMKzf3usDJiZ93XgdNr9zBh6005ZHdqWLKokNyhLnq3F8AIjpMxAFWH9RVDJ',0,1,NULL,'2018-12-17 11:05:57','2019-06-06 10:41:29'),
(2,'trainor_2','Bulahan, Arman ','armanmbulahan@gmail.com','$2y$10$E/c1jfP7gCS/p/8/p49D6.MuQSOk0roDfaDp.xorqnqcO5ZbLmSFK','trainor','kbL1q3ztis2xeX5BJ28wRMAQS0bqTUzvvlcul2R7goUEtM8Px478AyVmYJqi',0,1,NULL,'2018-12-17 11:06:40','2019-01-22 14:29:01'),
(3,'trainor_3','Casino, Jacinto ','jacintocasio@yahoo.com','$2y$10$XIfX6cSYwNkjkZ5PHcCDcei0BFO7SRrmN1j3E.BIEMWOlXxcUNILS','trainor','BstHxjC5kCrULke7N8UfhSqVeQR9GwjQKdgm5bzabCYTlM7FUvoUFGz0q5vG',0,1,NULL,'2018-12-17 11:07:26','2019-01-22 14:43:03'),
(4,'trainor_4','Gamboa, Restituto ','gamboarn@yahoo.com','$2y$10$WvWn9bEbSEKIWjmyEX.JY./LJWjQBLh6Wn7CLKiOHmGOMT0B438hG','trainor','OAlrSQOj3kAVr4WMusK3waOC4fQpGACHczTlT0RzypCylyDk3mR8FvMJBX2K',0,1,NULL,'2018-12-17 11:09:26','2019-01-22 14:31:40'),
(5,'trainor_5','Mabonga, Leonito ','leomabonga10@gmail.com','$2y$10$V4BFS.7rCnmolUBzIFr9h.OTgjs0eQIopX/KNu1yLrhUWNagfB6Na','trainor','VEADSaOjn7sbhpvsFIb8vbVV8WtqsAu2GsilKL1oRMqlk9R57o3ORR4hyYyy',0,1,NULL,'2018-12-17 11:10:19','2019-01-22 14:42:04'),
(6,'trainor_6','Molo, Jerry ','jd_molo@yahoo.com','$2y$10$6FmKvA632.PQ7P8gZBiPWeLvQ9TV8eK1gblDpSJmvu.wp2cQRhPk2','trainor','rynkNnRPQy2jNy8HjlPIQ1kyVr4IFqwb9RvAh2Mu7WtuKfT0QtKzmNm8xp7K',0,1,NULL,'2018-12-17 11:10:56','2019-01-14 10:56:04'),
(7,'trainor_7','Monleon, Jerry ','jerry.monleon1966@isuzumandaue.com','$2y$10$YyBTZQpGlH/OUvMQyIBBBeotW3qdw31ntEw52XGQKS8Jetzd/SbqS','trainor','jUUEDgpmOqpMcziSH10F3hTgBCuqtxuylZdV8gtEuZAIEcBBO4pcHg5yDg81',0,1,NULL,'2018-12-17 11:16:55','2019-01-16 14:17:20'),
(8,'trainor_8','Rodelas, Edwin ','rodelas.eo@isuzupasig.com','$2y$10$N94uLR8.PWHmWIKdFk9E/uyVqBjUGXRjBTNUo0259P2861ojPL0Oa','trainor','XjgVQZCOZje6NclDLl00P2C3fF99aw8IooABT7XwC68DkEufOGhAnGtYeJP7',0,1,NULL,'2018-12-17 11:17:40','2019-01-09 10:53:40'),
(9,'trainor_9','Danieles, Jerremiah ','jham0501@gmail.com','$2y$10$edKfZgTapVSX2GI2dJHUTO7JDpwNaOSh84E4TXtRYzDp4wqXmllJS','trainor','rCZCsI25lcDtVNBpVRZjuvrOAbHdGyRzZSNO7xl9ce1myKViiibFVoaqBFto',0,1,NULL,'2018-12-17 11:19:21','2019-01-14 10:10:10'),
(10,'trainee_1','Valentino, Rolly Garlan','rolly.valentino@yahoo.com','$2y$10$oZIUxJdxZIvre7ajUjCnuO.rGRV7V/JU3pJLOOPYalscZOgJb/AtC','trainee','orYD0BJz8TN1xpjIlCLE5BF4XYA2eqkdohVohQ1yWkj8dDTGZGaY7N0pDeMU',0,1,NULL,'2018-12-26 14:56:24','2019-04-11 13:34:40'),
(12,'trainee_3','Collantes, Vicente Lastima','vicente.collantes@yahoo.com','$2y$10$atgirndZVqReKt/u41270.NkXymwpHUT01LzpfwK5Z7X74P0tnh0K','trainee','kQ7UAoarKT6OCJK7dHB0r3FMqnahwE3S2Dl7av84LxkS6ykqFeXOlQbukkJb',0,1,NULL,'2018-12-26 15:10:50','2019-01-22 13:16:12'),
(13,'trainee_4','Pulvera, Ahrjay Hinay','ahrjay.pulvera@yahoo.com','$2y$10$omyAM3u1vFnEky1q/TQGMePSU0B9zCg0yUKm0EGEAN3y2TOCqwQWi','trainee','ISvWxq9UsXTMDHzOn7RtMOYX8ulGpgedu3LPcH7kJZTzeTrpxxs5P2H2uGvB',0,1,NULL,'2018-12-27 08:11:25','2019-01-22 13:47:25'),
(15,'trainee_6','Carriedo, Ramcar Clarin','ramcar.carriedo@yahoo.com','$2y$10$JxKo3wDRRKHDVql2NBPMpeHPM3kPrQbyI8ZWrNHsf3uRLreUYjZSO','trainee',NULL,0,1,NULL,'2018-12-27 08:18:11','2018-12-27 14:50:06'),
(16,'trainee_7','Gaspan, Jomar Sarvida','jomar.gaspan@yahoo.com','$2y$10$eTGwtYlnV2uiqJW5zC0fheuWlPmtJJymj2ygxmAJHGveWv.WhOcbm','trainee',NULL,0,1,NULL,'2018-12-27 08:19:24','2018-12-27 14:50:12'),
(17,'trainee_8','Cabrera, John Michael Meniao','johnmichael.cabrera@yahoo.com','$2y$10$olAhMS0oE4kkL5EDQ2jpBOH9uNtfKa5NH6xvyIHdcIYsYH07QrlcC','trainee',NULL,0,1,NULL,'2018-12-27 08:25:33','2018-12-27 14:50:21'),
(18,'trainee_9','Embuscado, Carleo Austin Arangoso','carleoaustin.embuscado@yahoo.com','$2y$10$kkHHJwLyT6HgLtEPru7qneWAM3E/hyNLBuXXCHA1CAl5crSL0iTIO','trainee',NULL,0,1,NULL,'2018-12-27 08:28:03','2018-12-27 14:50:27'),
(19,'trainee_10','Dumaog, George Sanchez','george.dumaog@yahoo.com','$2y$10$guliruQM1Zu.F/m5cNSx9uhOpwsPDS9JFSWPQe7C8Me1QMu8VVmI.','trainee',NULL,0,1,NULL,'2018-12-27 08:29:04','2018-12-27 14:50:33'),
(23,'trainee_14','Carnaje, Arnold Caberoy','arnold.carnaje@yahoo.com','$2y$10$VZwOi0/sqGNFkvNlAqwbJeN7qsiadsAT68ZT02fqDWaqGG0U8C0ly','trainee','Vn9RkEkKVFNb8J5rd5vn9VT5sU9SYB6fcHR4yJtJn3oi2sRC9WzydY7IaB5d',0,1,NULL,'2018-12-27 08:54:38','2019-01-23 09:53:11'),
(24,'trainee_15','Maghanoy, Sani James Bugto','sanijames.maghanoy@yahoo.com','$2y$10$3eJZPPj8oXRgy1sqQfCnyuHPVlOxyUrWFvqi6rq4vOeHTp0GI8iz2','trainee',NULL,0,1,NULL,'2018-12-27 08:56:11','2018-12-27 14:51:08'),
(25,'trainee_16','Capito, Eduardo Barina','eduardo.capito@yahoo.com','$2y$10$J6T/afmfFnlZmvwQS8UMLeDDaTTt5h9RH5t5hM10Ya2Qb/G2lUU0i','trainee',NULL,0,1,NULL,'2018-12-27 08:57:11','2018-12-27 14:51:15'),
(26,'trainee_17','Rosales, Paul Filisaria','paul.rosales@yahoo.com','$2y$10$z03NA5jdACQIuCZNWEFBdu/VEM7AqE/2/w8KW.VEId2s3lNzjyC2G','trainee',NULL,0,1,NULL,'2018-12-27 08:58:13','2018-12-27 14:51:20'),
(29,'trainee_20','Luib, Ronie Torculas','ronie.luib@yahoo.com','$2y$10$tMu4Hd7wjJnTR8Urey5jqe7/mi6U0AuiuZvGuJRZ79CzLyfXK/AMK','trainee',NULL,0,1,NULL,'2018-12-27 09:25:01','2018-12-27 14:51:39'),
(30,'trainee_21','Llagas, Mike Joemar Bacala','mikejoemar.llagas@yahoo.com','$2y$10$doaOqFNhmyWonFs0YKZa7eUmLj9sjqBRwZAeQdc47skMojK.ejC.S','trainee',NULL,0,1,NULL,'2018-12-27 09:29:51','2018-12-27 14:51:45'),
(31,'trainee_22','Parreno, Melbert Valdehueza','melbert.parreno@yahoo.com','$2y$10$FRg9CTDWF3RtpLkMgcVefOrOIBSuZlZJgnB5NzphrUwusGisfbrSm','trainee',NULL,0,1,NULL,'2018-12-27 09:33:20','2018-12-27 14:51:52'),
(32,'trainee_23','Gabutan, Carl Vincent Ubarco','carlvincent.gabutan@yahoo.com','$2y$10$/i0wWL..PF1qH8WCaDYn4.Jgsp9EL2pcNrqz5JlX5sELvbGElVlEy','trainee',NULL,0,1,NULL,'2018-12-27 09:35:44','2018-12-27 14:51:59'),
(33,'trainee_24','Miado, Lomrecio Limbague','lomrecio.miado@yahoo.com','$2y$10$7co6iRL78QUTN6SWolcWIe9yQXLsLiI2QaIdpr3/Yr5Cvg1btIaGi','trainee',NULL,0,1,NULL,'2018-12-27 09:42:34','2018-12-27 14:52:05'),
(34,'trainee_25','Suarez, Francis Glaban','francis.suarez@yahoo.com','$2y$10$G6oQLlddHYTZdjdOovZ/lOzbOrXNy7yp5ayRrLeWLQDDP7w8xmm3.','trainee',NULL,0,1,NULL,'2018-12-27 09:44:31','2018-12-27 14:52:10'),
(35,'trainee_26','Item, Brian Ramos','brian.item@yahoo.com','$2y$10$dh4D0Q1wG3.I9iU34x36EeUmELm7eGl5UbL77tV2ejgAdTTuTDz3K','trainee',NULL,0,1,NULL,'2018-12-27 09:46:47','2018-12-27 14:52:18'),
(36,'trainee_27','Galapin, Ramel Maglangit','ramel.galapin@yahoo.com','$2y$10$BIvxRWfvAo5tTJxuAAkg..2pW.CLVECrPwRPVZO8M8e7Uz/uqdhaC','trainee',NULL,0,1,NULL,'2018-12-27 09:51:07','2018-12-27 14:58:44'),
(37,'trainee_28','Damiles, Ernie Jun Pasagdan','erniejun.damiles@yahoo.com','$2y$10$WEUclhvBWTJYDUB.wrK.0emKjaL6N0wJ24.tlRFyIz2UUHKjAnupq','trainee',NULL,0,1,NULL,'2018-12-27 10:01:12','2018-12-27 15:04:58'),
(38,'trainee_29','Repompo, Marck Anthony Agsausan','marckanthony.repompo@yahoo.com','$2y$10$vFOmq3imt4gSOXPSlm7ge.EUStsOGi.KfwUVSw0tzVPU5imLYCDwu','trainee',NULL,0,1,NULL,'2018-12-27 10:11:02','2018-12-27 15:05:04'),
(39,'trainee_30','Olano, Michael Candelario','michael.olano@yahoo.com','$2y$10$NGMpqIelp62D62/GeZiTWe.ugBt19e1YczYbsFbwEG5gtlo/mcifG','trainee',NULL,0,1,NULL,'2018-12-27 10:11:48','2018-12-27 15:05:10'),
(40,'trainee_31','Lagubis, John Paul Villa','johnpaul.lagubis@yahoo.com','$2y$10$r5N4fG1GemNZWjUtJ6rk9uDXdK9S0ODqs3/S2wXVfLI1zjZeQ23x2','trainee',NULL,0,1,NULL,'2018-12-27 10:14:12','2018-12-27 15:05:14'),
(41,'trainee_32','Boybanting, Jumar Sarento','jumar.boybanting@yahoo.com','$2y$10$b7WR/4q.METhsjUfESzvTu80kcK1ogibp3ssI6x1ij2mIt2FQh2Gi','trainee',NULL,0,1,NULL,'2018-12-27 10:42:05','2018-12-27 15:05:22'),
(43,'trainee_34','Cobollo, Dino Notarte','dino.cobollo@yahoo.com','$2y$10$hnj5pYp51ruNUuss9GF7ROFlN8RAywpXTtR0DWsZfyOJIHB9oTCA6','trainee',NULL,0,1,NULL,'2018-12-27 10:47:48','2018-12-27 15:05:34'),
(44,'trainee_35','Escuadro, Lauro Manabat','lauro.escuadro@yahoo.com','$2y$10$fWg9xSy.LjIhdtfcMIJbtu0IXIb7JsJ4p5NfwCxghwTSWBP0vtMiy','trainee',NULL,0,1,NULL,'2018-12-27 10:48:44','2018-12-27 15:05:40'),
(45,'trainee_36','De Guzman, Restituto Tuazon','restituto.deguzman@yahoo.com','$2y$10$ZG/KVtevPjsHRVVQAOvev.3GNrTNMU/R/M875V3uY9xqdJhxSWTGe','trainee',NULL,0,1,NULL,'2018-12-27 10:51:12','2018-12-27 15:05:45'),
(46,'trainee_37','Sebastian, Apolinar Carpio','apolinar.sebastian@yahoo.com','$2y$10$HVnlNi5aNJggQiXF10B37.lqJeO6gFM7VJKAsX5xYnh20LrnL9Cc6','trainee',NULL,0,1,NULL,'2018-12-27 10:54:22','2018-12-27 15:05:52'),
(48,'trainee_39','Tapang, Julianito Hipolito','julianito.tapang@yahoo.com','$2y$10$0nulQE5ebf6hdccSKSYOJOpeozVcL4FW1aqKe2b4wk9W.VdAEK6F.','trainee',NULL,0,1,NULL,'2018-12-27 11:00:47','2018-12-27 15:06:04'),
(51,'trainee_42','Jardiel, Emeterio Paderes','emeterio.jardiel@yahoo.com','$2y$10$h9qii4ctnZ34iDPc6UwE6OcqjOkW21Mw7j4.5gAQBKYaDNnL31wDK','trainee',NULL,0,1,NULL,'2018-12-27 11:05:43','2018-12-27 15:07:29'),
(52,'trainee_43','Castro, Aurelio Ponbuena','aurelio.castro@yahoo.com','$2y$10$GP92kDhbNhtA.CByugFAD.TlR1fVeV1BO3eMZvpZa0/MLAGcKZ1w6','trainee',NULL,0,1,NULL,'2018-12-27 11:07:35','2018-12-27 15:07:34'),
(53,'trainee_44','Gonzales, Manolito Pascual','manolito.gonzales@yahoo.com','$2y$10$lWgIFZdu8iLHu98BvNXaXeKoZNU42eNxuujJvu1ZG1nmIJg.57YpS','trainee',NULL,0,1,NULL,'2018-12-27 11:08:32','2018-12-27 15:07:41'),
(54,'trainee_45','Acosta, Reymark Prado','reymark.acosta@yahoo.com','$2y$10$3p64ri6795Lclyv5KqT/ee360tZ.Kph.zIDvMv8rg2uOqLXgycF5K','trainee',NULL,0,1,NULL,'2018-12-27 11:09:34','2018-12-27 15:07:47'),
(55,'trainee_46','Vergara, Mark Allen Sumalbag','markallen.vergara@yahoo.com','$2y$10$dxH57cEKCbG97Bq7pYKnkeYC2ujOSIT3cN8O/lwWsB0zcY6R6e1R6','trainee',NULL,0,1,NULL,'2018-12-27 11:10:16','2018-12-27 15:08:11'),
(57,'trainee_48','Napiri, Victor P','victor.napiri@yahoo.com','$2y$10$cbJZw4K8UTSdR7Av0XwPu.Hs438VD0DbyTmnRmOoewt2Ox2lRwfyC','trainee',NULL,0,1,NULL,'2018-12-27 11:43:24','2018-12-27 15:08:24'),
(58,'trainee_49','Espena, Joven S.','joven.espena@yahoo.com','$2y$10$pz/7NigKciIt8y8Fm4Oy..u7zXz7LtPf/2qNWs9OVdUS3pmQoADIm','trainee',NULL,0,1,NULL,'2018-12-27 11:45:01','2018-12-27 15:08:30'),
(59,'trainee_50','Manzanares, Luisito Escarda','luisito.manzanares@yahoo.com','$2y$10$RwuYXePpqEqA.HD.HNtF/.5lXvEZevhiPuU0uS4dySh25Bo7MXApe','trainee',NULL,0,1,NULL,'2018-12-27 12:59:18','2018-12-28 08:42:24'),
(60,'trainee_51','Salces, Archie Andot','archie.salces@yahoo.com','$2y$10$N88E0PO7bxXthQ/bcp4Moup3PiF7MqLjulh1eSODTUB8B4PVSIiZ6','trainee',NULL,0,1,NULL,'2018-12-27 13:02:15','2018-12-28 08:42:24'),
(61,'trainee_52','Anghad, Jerome Noculanz','jerome.anghad@yahoo.com','$2y$10$hwUagJJsWHJojK/Anyo4wOIzgWuRT/4jhOzTvGQRV6bE.6.r/2agi','trainee',NULL,0,1,NULL,'2018-12-27 13:03:58','2018-12-28 08:42:25'),
(62,'trainee_53','Mangilaya, Jumar Kirt Tundag','jumarkirt.mangilaya@yahoo.com','$2y$10$xvLRbNoygyZgnNiYwrqyh.lu97lKLn8fNXrtwIbLdYwDQvI/xwIGq','trainee',NULL,0,1,NULL,'2018-12-27 13:05:00','2018-12-28 08:42:25'),
(63,'trainee_54','Ang-Angan, Arjay Cadabona','arjay.ang-angan@yahoo.com','$2y$10$G6PEZ0V2Sozx7d.C3GQMjeqNFLaDNmOsQXMw3XyKlgSXdDXH/6/4G','trainee',NULL,0,1,NULL,'2018-12-27 13:07:14','2018-12-28 08:42:26'),
(64,'trainee_55','Saavedra, Ferdinand Capinig','ferdinand.saavedra@yahoo.com','$2y$10$nYFGnkBNzupSlkiQFnaM6eGPy22yV2ZyXQhxFDcFQMdSddOq/gxK6','trainee','fXwUzPPeexxVAy40JxQqmJdAvhlY7AKcBAKR9s1VxpHDxrxnkIbRBw7Rj1Zt',0,1,NULL,'2018-12-27 13:11:58','2019-01-16 15:21:36'),
(65,'trainee_56','Campena, Herman Managan','herman.campena@yahoo.com','$2y$10$ZzyVDYygzrQsVSRNaZx65e2uizdcmraPnHwSLMKQRZdEZX04XGQ9m','trainee',NULL,0,1,NULL,'2018-12-27 13:14:41','2018-12-28 09:55:10'),
(66,'trainee_57','Umali, Joe Mari Alday','joemari.umali@yahoo.com','$2y$10$qgPmwZdesdR/wxyRle3Z2eGVxZ.9/7UOCN7aIQ22jsmOYfcSMoiB2','trainee',NULL,0,1,NULL,'2018-12-27 14:19:03','2018-12-28 10:50:48'),
(67,'trainee_58','Guarino, John Mark Afable','johnmark.guarino@yahoo.com','$2y$10$xdvHhNAXHSOaAMYV3KiX3OZLKEmAENVBu.1tEqzT41mk.8Pb3zzEq','trainee',NULL,0,1,NULL,'2018-12-27 14:22:27','2018-12-28 10:42:37'),
(68,'trainee_59','Estoperez, Jordan Evardone','jordan.estoperez@yahoo.com','$2y$10$2fGzKu/YT46eodiyFq0xr.HoVTx7LOXO/JX4tHvjnkgR7eD3jKfIi','trainee',NULL,0,1,NULL,'2018-12-27 14:23:34','2018-12-28 10:42:38'),
(69,'trainee_60','Naagas, Ian Bacunawa','ian.naagas@yahoo.com','$2y$10$lj31WhTbTEysLgxlSJoxEuJAtMEPRNW6.CVQfb40FroghCgWTeQYe','trainee',NULL,0,1,NULL,'2018-12-28 08:58:12','2019-01-15 07:48:53'),
(70,'trainee_62','Mortos, Wembee Morante','wembee.mortos@yahoo.com','$2y$10$M.qzq0yq60oKrSq2J/zpsesu09Dx0StIgqH3TzSjLycqjBFwbhx2.','trainee',NULL,0,1,NULL,'2018-12-28 08:59:47','2019-01-15 07:50:45'),
(77,'trainee_63','Avelino, Joshua Cinco','joshua.avelino@yahoo.com','$2y$10$tZij2GuuI7k7.D.G30d5e.GTS4dPIPmDbWilicUoW/KhZID81RDoO','trainee',NULL,0,1,NULL,'2018-12-28 09:00:40','2019-01-03 13:29:38'),
(100,'trainee_88','Burlat, Joshua Niel Rosales','joshuaniel.burlat@yahoo.com','$2y$10$kNySe9mX86fqRXfRDIYInOsPoFoHR.A2al1kf8cN0JNj2HvLfGXym','trainee',NULL,0,1,NULL,'2019-01-03 14:09:02','2019-01-03 14:09:15'),
(101,'trainor_10','Maming, Darwin A.','maming.da@isuzupasig.com','$2y$10$4lh5ZzJQdFNiR8MqC9/TxOs7zNokAbvMxHVebN0l598Lyk4yZLM2y','trainor',NULL,0,1,NULL,'2019-01-03 14:19:38','2019-01-03 14:19:38'),
(102,'trainor_11','Bellosillo, Glen ','bellosillo.gb@isuzurizal.com','$2y$10$6fTqR0smH3xuKllTXnE4vOdACCJir6NGhVEX3U3/C13WjQK43KZmi','trainor','AU0r5GPHnCdUlbf567rjIYievKKYjTvCzjZ5ayYnZ1gSFZNID2j9uLBvYG7V',0,1,NULL,'2019-01-03 14:21:19','2019-01-14 09:21:32'),
(103,'trainor_12','Duquiatan, Allain ','duquiatan.as@isuzucavite.com','$2y$10$.NEo25lCaWpOrgwnPFvLvONay9s9Xo1g2oC9VAFl6bCRxcL03LNcu','trainor',NULL,0,1,NULL,'2019-01-03 14:22:08','2019-01-03 14:22:08'),
(104,'trainor_13','Laqui, Dominic ','laqui.dm@isuzucavite.com','$2y$10$hps/rMrIt5GZiHu9lzKnFeeBIChOvUavXr0WUqfu6kRVVIWwaAR3m','trainor',NULL,0,1,NULL,'2019-01-03 14:26:09','2019-01-03 14:26:09'),
(105,'trainor_14','Tinoy, Gilbert G.','tinoy.gg@isuzuiloilo.com','$2y$10$/2I2SDHP9Tq5w38bTd0M2uVJbmo9vFQb9A.Wnib6EnMC8HPOJMnB2','trainor','JjiTjOKLguRv14BCdfiHyxv3dcc0fuQbL3G86WMvjbdQER65FsUrL32Wyutc',0,1,NULL,'2019-01-03 14:27:19','2019-01-09 10:08:43'),
(106,'trainor_15','Ybanez, Eufemio P.','Ybanez.ep@isuzumandaue.com','$2y$10$YPLOSDZcV42Uk1RSb217XOo2UUfEMiRDWzVZlrduzj8LGkA9lHd9S','trainor','SnLz1rWiDAO1asi3oJyWftpcgtxM1kIrRRbCXK54GrxG8Umvx8qEVONAsV87',0,1,NULL,'2019-01-03 14:31:34','2019-01-07 09:35:28'),
(107,'trainor_16','Ybanez, Eufemio P.','eufemio.ybanez@yahoo.com','$2y$10$bWo.WMD2y6WUZRDuEBNXuu8LJRBiet9tAlhnrHVScC9EXTtP3yMiG','trainor','SH7JPj3CPrzlhAfvi9jqtTBcGG0col0SqtmkTUJvBueBeJw3zznoSgKuiFUT',0,1,NULL,'2019-01-03 14:34:09','2019-01-14 09:46:50'),
(108,'trainor_17','Descallar, Ritche A.','Descallar.ra@isuzumandaue.com','$2y$10$7u6L81p0zNngv47DIoXx8uadOQegfIHJO81d573EadF3h8mfntm4u','trainor',NULL,0,1,NULL,'2019-01-03 14:39:06','2019-01-03 14:39:06'),
(109,'trainor_18','Vicencio, Jerry ','jerlius@yahoo.com','$2y$10$nRjRvuO5SK3ZErRR7R2LJ.iMc/ar6NXdioIzAJPAuaY7Tuo4BSPI.','trainor','crPULrS2GHZudIp3fxHDTKI6oOE4j6NAsHioaSK9IXUZsBYW2o9dpfG69YjG',0,1,NULL,'2019-01-03 14:41:47','2019-01-14 11:19:44'),
(110,'trainor_19','Sanhi, Arwynn John C.','arwynnsanhi@bmdmotors.com','$2y$10$LvevXK9DZXbPtn89BKQtsOJ31DEXLsIgHYrh0ChUClWBzNlznxoeG','trainor',NULL,0,1,NULL,'2019-01-03 14:42:36','2019-01-03 14:42:36'),
(111,'trainor_20','Paltao, Jr., Bobby U.','bobbypaltao@yahoo.com','$2y$10$ebIAHfZtXeY8ADSVTeKQneXEZTaLbI0yzEnN/SogtBpgizUxF1MwO','trainor','irwcC0uIjKOsXWC997eOqrw5ZZM2v02OgydLfbCyyUfl44W6cgu8uHPByi7V',1,1,NULL,'2019-01-03 14:44:46','2019-06-06 16:35:46'),
(112,'trainor_21','Dimas, Roy ','rsdimas_service@yahoo.com','$2y$10$/1hZkwn6X05BWzLEyTVfkOGafjI4ndimjN1TtSjoy/1KNMNwcOHnm','trainor',NULL,0,1,NULL,'2019-01-03 14:47:15','2019-01-03 14:47:15'),
(113,'trainor_22','Monterola, Ramie ','ramiemonterola@yahoo.com','$2y$10$fUhXETWy4qTO0hLPF0GbWOLClWu1dkTpIgj/iyHcQoFAhKZWVAymm','trainor','kpAkErrjLvYXJsPssBX0Nih39fTswCXjow2rmR00kHD4DS8dq2TbVvuepH9n',0,1,NULL,'2019-01-03 14:49:25','2019-01-14 10:01:21'),
(114,'trainor_23','Sibulo, Adello H.','ahsibulo@isuzucommonwealth.com','$2y$10$YX9wmZrlbpG2Bs5PjksyFuUtb8Yh9.e2SOGhDJLcPIoeli7VlbyPu','trainor','qvRsxRuxa8lmWMC5PA2RoH09NVPOlM7bFeW5qlFn9IUBZtMPjxhwXLkrDeDK',0,1,NULL,'2019-01-03 14:51:06','2019-01-14 12:44:30'),
(115,'trainor_24','Hufemia, Michael G.','mghufemia@isuzumanila.com','$2y$10$nyFt3zGhYGlOlphT3syC/uvuBgxiN2YE.gEgdFzRUxmKFiY9JlC..','trainor','ggKmcIqEukrufEjQfKUXEqvlQjXsxJiHpq8qJMhiZGUqI2ju1uGb0chkJ7Ve',0,1,NULL,'2019-01-03 15:01:12','2019-01-14 13:09:17'),
(130,'trainor_34','Manuel, Marcel ','mg_manuel5462@yahoo.com','$2y$10$3qA0UUbM9MyPup0OoOUfVuHrydEnU.Qu2KYgET2Q9OASMXd/klDOu','trainor','ykApnigiDfzBDsZCdj3TFlRkh8TZv3MShT4adRSAGkmTbzqn1ze6ZWy21kzF',0,1,NULL,'2019-01-07 02:41:26','2019-01-14 11:57:59'),
(131,'trainor_35','Parungao, Orly Q.','oqparungao@yahoo.com.ph','$2y$10$9EFBIW1dL..aCvvyWlhHfu4/CKS2VSzxr0f/rG/MbT5Yfdugc6xnq','trainor','gxSs9B4KdgA7Zh5deazD0V0hrcCgJ0CJH1Bl5XUERvSooSxZXhZx3dj1jru0',0,1,NULL,'2019-01-07 02:42:16','2019-01-07 14:15:23'),
(132,'trainor_36','Castro, Manuel ','manuelboycastro@yahoo.com','$2y$10$3MY8mEv31PXE3SbuL8RBqu5c89dPSnh1HdmmkWHVtK8kbnQ6rXOMm','trainor','XxpZa1F3VhjMYrf1jfqJSwUdqidWYDtgb9DRykoY8ESQnEnpoRdmM6j1pPdl',0,1,NULL,'2019-01-07 02:42:51','2019-01-14 11:31:54'),
(133,'trainor_37','Busime, Dante ','busime.isuzubacolod@gmail.com','$2y$10$ATQXY5S7U4PtzubvPb8/8Od16WTGHF8CrfmYtM0S22sq9VDRngjry','trainor','MByeK2vmpWqZUJlFxrkzRzgTCMzExcxFLDHo6XLAlMsIDSfcNqRBdS4GSun1',0,1,NULL,'2019-01-07 02:45:08','2019-01-14 09:01:40'),
(134,'trainor_38','Dedal, Eleazar ','dedaleleazar@yahoo.com','$2y$10$XxJEKN0J7JpNhQDiKAGEneneARJGCwp4JxqyvvL6qhrScWzrZEB92','trainor','ufS5QGYPXUxDUnaVCr7PlRPcKmQo8vXRBFdEFDKUD4j5wAmWJCUTlHaRxYEW',0,1,NULL,'2019-01-07 08:08:15','2019-01-14 11:37:55'),
(135,'trainee_94','Digdigan, Romex Lagatoc','romex.digdigan@yahoo.com','$2y$10$Dl/Zf8z7a.w5.cdSUP3TVOKR1YLeirirlfO.WvlG6L8H4qeTPzZ1W','trainee',NULL,0,1,NULL,'2019-01-07 08:52:46','2019-01-15 07:49:02'),
(136,'trainee_95','Doruelo, Jelbert Diaz','jelbert.doruelo@yahoo.com','$2y$10$4tE8aI/uvutohkHUv2oZuOs/WPOUotCf7HIoQUJhNf7VRF5VeZiKi','trainee',NULL,0,1,NULL,'2019-01-07 08:54:37','2019-01-15 08:18:34'),
(137,'trainee_96','Genteroles, Roque Tumacag','roque.genteroles@yahoo.com','$2y$10$QqAHtg60L1qAoAnchoFBlOSKut.zt/wvb42rbOG3RlDhzoyJ8WIhu','trainee',NULL,0,1,NULL,'2019-01-07 08:56:11','2019-01-15 07:49:10'),
(138,'trainee_97','Olivar, Joseph Ryan Batbat','joseph.olivar@yahoo.com','$2y$10$rkx7XY6l9HS7GOOPmCFzL.VT7TZPoOu2yRoWJDcrwBDZ0xtixhAsG','trainee',NULL,0,1,NULL,'2019-01-07 08:59:33','2019-01-15 07:50:39'),
(141,'trainee_100','Tan, Romeo Tularon','romeo.tan@yahoo.com','$2y$10$wJtqwHakxzd/mGKPVSXb0.VYTdV8EEAHx4uC2bFy8Vbu0Nh6jEepu','trainee',NULL,0,1,NULL,'2019-01-07 09:27:20','2019-01-15 08:19:14'),
(142,'trainee_101','Digdigan, Jovin Gardose','jovin.digdigan@yahoo.com','$2y$10$Xmh8fyR42U4KzwWKxI4ERe1IplyrfA5zQedxN.qtkyLnduXzMUAfS','trainee',NULL,0,1,NULL,'2019-01-07 09:28:02','2019-01-15 07:49:23'),
(143,'trainee_102','Galang, Norman Braza','norman.galang@yahoo.com','$2y$10$tSRUQJS8ABmr7SaJ6ExIleyzBUye8RsWjymoK.DAbzmzrRsmZFcVe','trainee',NULL,0,1,NULL,'2019-01-07 09:30:46','2019-01-15 08:18:41'),
(144,'trainee_103','Canillo, Rolly Suaner','rolly.canillo@yahoo.com','$2y$10$A9U0G9282QrWMFJ5y/6Z/Ow0Jl0vXHY4NENxJngz23gvZ1nb9/6HC','trainee',NULL,0,1,NULL,'2019-01-07 09:31:48','2019-01-15 07:51:03'),
(145,'trainee_104','Sumarago, Kim Munoz','kim.sumarago@yahoo.com','$2y$10$A1n7on17FkHELUPIJ6UtIOpBH1ZLsUe2R1rd46cNbm7vX2hVi3Byq','trainee',NULL,0,1,NULL,'2019-01-07 09:33:06','2019-01-15 08:19:44'),
(146,'trainee_105','Debalucos, Jeran Jabordo','jeran.debalucos@yahoo.com','$2y$10$LuyYQAto5fFImOHCPuWsfOAtESMgepyJgQYtawTLP57go6LTH6yz2','trainee',NULL,0,1,NULL,'2019-01-07 09:34:19','2019-01-15 08:18:49'),
(147,'trainee_106','Cabatingan, Ariel Nebria','arjel.cabatingan@yahoo.com','$2y$10$Ogy9CTfcPbnt0Z.hMebJ8.b4Q2jrnkgDDUef2NipoIjBRDoIMSlv2','trainee',NULL,0,1,NULL,'2019-01-07 09:34:41','2019-01-15 08:19:22'),
(148,'trainee_107','Palua, Lay Jhon Binatero','layjhon.palua@yahoo.com','$2y$10$r5/j6LF3ogqkGJXVkYtPR.KJLGrLPvbPiH2mBnPFVMuzFJIUiJp5a','trainee',NULL,0,1,NULL,'2019-01-07 09:37:35','2019-01-15 08:19:00'),
(149,'trainee_108','Galono, Deolito Euterio','deolito.galono@yahoo.com','$2y$10$RCP/xesrJ7cpLYbjq3aiE.rYpPPGaErdvRbPBcWXIPbuQD8uQaOFG','trainee',NULL,0,1,NULL,'2019-01-07 09:40:27','2019-01-15 08:26:30'),
(150,'trainee_109','Blasico, Jan Herbie Mendiola','janherbie.blasico@yahoo.com','$2y$10$d.O3YSsazbcVCStPqGG1i.4FT6GUQ2903pxV3ZZ1n0UomBNTFPagG','trainee',NULL,0,1,NULL,'2019-01-07 09:41:55','2019-01-15 08:19:29'),
(151,'trainee_110','Japson, Christian Erespe','christian.japson@yahoo.com','$2y$10$nVbeIHB1dt4.OwHUEhzjEeaflHflTKANnESvp6B//qjvDhF6z1VJa','trainee',NULL,0,1,NULL,'2019-01-07 09:42:53','2019-01-15 08:19:52'),
(152,'trainee_111','Bernil, Ryan Cabatana','ryan.bernil@yahoo.com','$2y$10$SQxkeFqt73GYUsnvUVs/.enK8l9zZhqleUOx0jn7wLSDiIxkzGiP.','trainee',NULL,0,1,NULL,'2019-01-07 09:44:11','2019-01-15 08:51:15'),
(153,'trainee_112','Olimpo, Mickey John Gaspang','mickeyjohn.olimpo@yahoo.com','$2y$10$KZY8Kg0Kk58pW0VamLzpZurZW6rMiPc1rBAZL.S5B0zmVnAEw9Lna','trainee',NULL,0,1,NULL,'2019-01-07 09:44:46','2019-01-15 08:20:00'),
(154,'trainee_113','Mozcosa, Jhon Montes','jhon.mozcosa@yahoo.com','$2y$10$lnZBqCxoo6yCmacxLBhsTuLDhmYErh9YE6MWD12JWC46FXHPRHIWS','trainee',NULL,0,1,NULL,'2019-01-07 09:45:34','2019-01-15 08:51:23'),
(155,'trainee_114','Ramos, Johnndyl Endriga','johnndyl.ramos@yahoo.com','$2y$10$HOdMpPgxHyn2mqH7AWehCu5sbxPYFD1ZFansuZ73O1g2sJtAFBYRK','trainee',NULL,0,1,NULL,'2019-01-07 09:51:50','2019-01-15 08:20:08'),
(156,'trainee_115','Rubio, Jayson Tamayo','jayson.rubio@yahoo.com','$2y$10$H6CcPWaCtEwMe8J6Gq1zxu4wL2.TgmojexMOVg9VnP1gnJg1X3nKy','trainee',NULL,0,1,NULL,'2019-01-07 09:52:56','2019-01-15 08:51:31'),
(157,'trainee_116','Almoguera, Erwin Engay','erwin.almoguera@yahoo.com','$2y$10$Gy0OnErhPoXb8g2lSqhrbuLXChj8Hf3ry8bpyCPta2ugLlCdXosPC','trainee',NULL,0,1,NULL,'2019-01-07 09:53:44','2019-01-15 08:51:39'),
(158,'trainee_117','Navarro, William Resundanga','william.navarro@yahoo.com','$2y$10$FTSfbmwva7o2XG5RpQ/JKuuE/md5K2VhTSfZ64rL/KCeiOKXdsK6S','trainee',NULL,0,1,NULL,'2019-01-07 09:54:12','2019-01-15 08:52:27'),
(159,'trainee_118','Ventura, Fernando Talag','fernando.ventura@yahoo.com','$2y$10$.HLOrWOcvwBW8Rjv4lXfLebSCdJMP2BLP.sxrRQnUwMg2oN3p6eDS','trainee',NULL,0,1,NULL,'2019-01-07 09:54:56','2019-01-15 08:52:35'),
(160,'trainee_119','Benitez, Ronald Delos Santos','ronald.benitez@yahoo.com','$2y$10$J1ip0QnHQj5mg5RzEsTC3us3UyadWTW8xMJcGnfdIf3CG.IDtmEVG','trainee',NULL,0,1,NULL,'2019-01-07 09:55:43','2019-01-15 08:52:43'),
(161,'trainee_120','Alido, Ronnie Quinagutan','ronnie.alido@yahoo.com','$2y$10$AHFBQ2sBBfD0iaEhjRgMZOP85jGhvPY.s5Tq1wRkQavqCsfJsDbsK','trainee',NULL,0,1,NULL,'2019-01-07 09:56:17','2019-01-15 08:52:51'),
(162,'trainee_121','Garcia, Raymond Cabral','raymond.garcia@yahoo.com','$2y$10$5hwGlkxHFq11H9dYHJRzYu2SEoF4puFg1XviDTValkK10VPa0EbQ2','trainee',NULL,0,1,NULL,'2019-01-07 09:57:16','2019-01-15 08:52:59'),
(163,'trainee_122','Castro, Narsan Cabral','narsan.castro@yahoo.com','$2y$10$FazooWE98hB7MF1y0qkzmOktmqXOMpYjxQy/fd2Tsd1iYja0GEqi2','trainee',NULL,0,1,NULL,'2019-01-07 09:57:41','2019-01-15 08:53:06'),
(164,'trainee_123','Omana, Manuel San Diego','manuel.omana@yahoo.com','$2y$10$x9HQYCj1Wava82q6C8fkmuq9g7c.Qke0LBZHoTEKmYYJB68tr3bpK','trainee',NULL,0,1,NULL,'2019-01-07 09:58:22','2019-01-15 08:53:14'),
(165,'trainee_124','Tabago, Francisco Basada','francisco.tabago@yahoo.com','$2y$10$y9wDiLiuXGamn4HaM35dguMdWECdZ2brgqQIgLvmIWb.abHJgIZbO','trainee',NULL,0,1,NULL,'2019-01-07 12:30:51','2019-06-06 15:28:28'),
(166,'trainee_125','Salmos, Mario Severion Bartolome','marioseverino.salmos@yahoo.com','$2y$10$kCGT9ajjKU43qt0tM519aek.c96oZoeHy.cYz4TVQuQRKrj0R/TCW','trainee','KC6OTao3yXoNEDLdB670d4rQHtmbZFKYige1XT0PCI1VqbtYyC9JqSb8Y1uW',0,1,NULL,'2019-01-07 12:31:56','2019-06-06 15:58:10'),
(167,'trainee_126','Mauricio, Juan Sapla','juan.mauricio@yahoo.com','$2y$10$Q.D1.YETc9.vvrRmhJWL6uRfxxF3bPjzpeZtXx2ZIAcUgbWKuR2GC','trainee',NULL,0,1,NULL,'2019-01-07 12:32:29','2019-01-15 08:53:41'),
(168,'trainee_127','Virtus, Albert Claridad','albert.virtus@yahoo.com','$2y$10$E9JSVz7QRqMX9mdtM2aOfeZNgtEkzTT7qaNs22ci6g21lVtqH8X32','trainee',NULL,0,1,NULL,'2019-01-07 12:33:13','2019-01-15 08:53:51'),
(169,'trainee_128','Ocbian, Jomari Ibarreta','jomari.ocbian@yahoo.com','$2y$10$pEjZsZ2awF3f9LXc2iVmq.a6TJFFNloibBJv6ZDSsgxaqUHH7LuAu','trainee',NULL,0,1,NULL,'2019-01-07 12:33:52','2019-01-15 08:54:00'),
(170,'trainee_129','Manahan, Arnold Edra','arnold.manahan@yahoo.com','$2y$10$g/O098CwWLTWrZZw3633vuTWFZPlu1Jj7e7ouaJgSDtOmUkY56IRm','trainee',NULL,0,1,NULL,'2019-01-07 12:34:23','2019-01-15 08:54:09'),
(171,'trainee_130','Campano, Rolando Laguna','rolando.campano@yahoo.com','$2y$10$o4m0uHMgWv2jEbuJF1DigeYuUJ1ii4s4zlFVtmxakftdjCj3bQwea','trainee',NULL,0,1,NULL,'2019-01-07 12:34:49','2019-01-15 08:54:23'),
(172,'trainee_131','Soriano, Reden Santos','reden.soriano@yahoo.com','$2y$10$6VJXQKDtkrZWPu88mLbKvOmBhEOgnhShrvfqWlW3bjRCTvGDQ24C.','trainee',NULL,0,1,NULL,'2019-01-07 12:35:23','2019-01-15 08:54:31'),
(173,'trainee_132','Aglugub, Adrian Quimino','adrian.aglugub@yahoo.com','$2y$10$AsWI7i2SVd8NuJo055uHRO3Pz7B.qSkgQe/Wl2snnPytOSjKz/yZC','trainee',NULL,0,1,NULL,'2019-01-07 12:36:12','2019-01-15 08:54:41'),
(174,'trainee_133','Leal, Edison Melchor','edison.leal@yahoo.com','$2y$10$Q/w.tFBFlcbYbPIP77BM0.Pyeha3w9NUDZIVCbDJN38pF79TDw45u','trainee',NULL,0,1,NULL,'2019-01-07 12:39:55','2019-01-15 08:54:49'),
(175,'trainee_134','Lucas, Jan Joel Soriano','janjoel.lucas@yahoo.com','$2y$10$BXqUFMXWC2C/4HP0uzMZ5uptvVm.pfW2rfIAxmUB8VdYZ3iQBiq66','trainee',NULL,0,1,NULL,'2019-01-07 12:40:55','2019-01-15 08:54:57'),
(176,'trainee_135','Adolfo, Jovany Castro','jovany.adolfo@yahoo.com','$2y$10$9Blpe/w8KVqIpURa8m9SpuT/0yD2HB45.6yMWzfmtdMPG.7J5pMzS','trainee',NULL,0,1,NULL,'2019-01-07 12:41:14','2019-01-15 08:55:05'),
(177,'trainee_136','Dizon, Rodel Eserjose','rodel.dizon@yahoo.com','$2y$10$vHDsyLwpaiM9sqNLr6esd.fOJF9m3BvO1uPU5//8WX6WoUlu8uqqy','trainee',NULL,0,1,NULL,'2019-01-07 12:50:11','2019-01-15 08:55:20'),
(178,'trainee_137','Nalangan, Joemario Malbas','joemario.nalangan@yahoo.com','$2y$10$ahQDsrAbt38lY2sMB2g4..Nt9NYpSI7D0Oytz0qz3a20RzAT8dy4W','trainee',NULL,0,1,NULL,'2019-01-07 12:52:39','2019-01-15 08:55:29'),
(179,'trainee_138','Rodriguez, Roy David','roy.rodriquez@yahoo.com','$2y$10$UYxrWf2OPeZXamIwCbOxTucV.JRb28g.6JItw09qqItYp1H7o0IP6','trainee',NULL,0,1,NULL,'2019-01-07 12:53:30','2019-01-15 08:55:37'),
(180,'trainee_139','Alquero, Elking Alviz','elking.alquero@yahoo.com','$2y$10$hRSeV/xOliQeMvAoZpqBRuAkTZR46F7YHvTBO7oeRHwdKrU7VHTPG','trainee',NULL,0,1,NULL,'2019-01-07 12:56:23','2019-01-15 08:55:45'),
(181,'trainee_140','Baluyut, Renz Louie Mesina','renzlouie.mesina@yahoo.com','$2y$10$R1j508Y3Z2o3XEMmiUPaQeJo2CiuwVXIa9PB1S88dvDnEz5n7wZrG','trainee',NULL,0,1,NULL,'2019-01-07 12:57:16','2019-01-15 08:55:54'),
(182,'trainee_141','Fernandez, Kristoffer Matibag','kristoffer.fernandez@yahoo.com','$2y$10$fCOWZN2L16YUXOmxp912K.QY0fWGdHnDDK.ieu1BfEHN0X.UT/KE6','trainee',NULL,0,1,NULL,'2019-01-07 14:10:18','2019-01-15 08:56:02'),
(183,'trainee_142','Ortizluis, John Carlo Catu','johncarlo.ortizluis@yahoo.com','$2y$10$LxzH5XRiICJpHt9U0u9a8uGKPzSGWxXLdXJCrHcHCJbGM/n8BTfSC','trainee',NULL,0,1,NULL,'2019-01-07 14:11:38','2019-01-15 08:56:10'),
(184,'trainee_143','Macalintal, John Carlo Langaman','johncarlo.macalintal@yahoo.com','$2y$10$lUWKvsVEf4Rl5YbOBrUgVuZR0HwVMlYfefAP7MsPckOaxL/gVpgO.','trainee',NULL,0,1,NULL,'2019-01-07 14:14:06','2019-01-15 08:56:18'),
(185,'trainee_144','Almadrigo, Kelvin Barbosa','kelvin.almadrigo@yahoo.com','$2y$10$UATO03FXMqZFku.Cf9ulSOCZxboUnvDt9XCD4Dv3CH/mFl5NdqMti','trainee',NULL,0,1,NULL,'2019-01-07 14:15:08','2019-01-15 08:56:25'),
(186,'trainee_145','Israel, Roi Renzo Bonon','roirenzo.israel@yahoo.com','$2y$10$3iJU1KU6R19L2DO/INxM1uz2e9GmBgfE1h0r8Muwce0m6GxxSOBvu','trainee',NULL,0,1,NULL,'2019-01-07 14:18:12','2019-01-15 08:56:42'),
(187,'trainee_146','Arcales, Wally Tan','wally.arcales@yahoo.com','$2y$10$lBns1L68z.G8/vB3WNVHVOayae4WOQ8rFbpjmqPncoQiqt9i35NG6','trainee',NULL,0,1,NULL,'2019-01-07 14:18:52','2019-01-15 08:56:50'),
(188,'trainee_147','Valdecantos, Richard Cruz','richard.valdecantos@yahoo.com','$2y$10$8HfUOuBr1LgJmQ/ct5i6x.qWjXOG9AAO/dWTEyGTdpazuSkHgOS3K','trainee',NULL,0,1,NULL,'2019-01-07 14:19:37','2019-01-15 08:57:27'),
(189,'trainee_148','Dela Cruz, Adje ','adje.delacruz@yahoo.com','$2y$10$/gg7gGMIMt26djrU8CuZIuF6FhgIcEdK8dWbkdUhcT0iQDkgEdJXK','trainee',NULL,0,1,NULL,'2019-01-07 14:24:18','2019-01-15 08:57:35'),
(190,'trainee_149','Flores, Marjhun Trimbolo','marjhun.flores@yahoo.com','$2y$10$Gt5KSPn5n2r5tFTr50qa4ehKA6nvxA9X5rK5gD8lVReEIP50RhpQO','trainee',NULL,0,1,NULL,'2019-01-07 14:25:52','2019-01-15 08:57:43'),
(191,'trainee_150','Carlos, Joemark Pegarot','joemark.carlos@yahoo.com','$2y$10$hO/Ai4eyqs2y/.dVKrqFwerVA1nDdRMyj1qegAjvOUPbZLnaVtzAm','trainee',NULL,0,1,NULL,'2019-01-07 14:26:24','2019-01-15 08:57:52'),
(192,'trainee_151','Aguirre, Michael Tordecillas','michael.aguirre@yahoo.com','$2y$10$gJdBc07/i/gVCzNZSY8bTuDS8gNel.HcnLdU3A14PKcnG3/O6k5me','trainee',NULL,0,1,NULL,'2019-01-07 14:27:28','2019-01-15 08:58:26'),
(193,'trainee_152','Vequiso, Gaudioso Antipala','gaudioso.vequiso@yahoo.com','$2y$10$7MFz0C.zDtINeJWiZ2I2wOw8A5qgo3lSOOQiKhponCepTYKbjDySS','trainee',NULL,0,1,NULL,'2019-01-07 14:30:28','2019-01-15 08:58:34'),
(194,'trainee_153','Pilapil, Demetrio Arcega','demetrio.pilapil@yahoo.com','$2y$10$i/NrGvRP4OW7tX8L7e/LEeRqC4nhW.f33C2kjmC8ySepnP/Q0meDy','trainee',NULL,0,1,NULL,'2019-01-07 14:31:14','2019-01-15 08:58:42'),
(195,'trainor_39','Pasion, Robert Tito Dumlao','pasion.rd@isuzutaytay.com','$2y$10$YLWGmxy8nzQI9lFUSpo2euBE/QRDnn3V8nOx7WjeDtJvoQBzjSOLO','trainor','HDI3wV1ocnQNsYwVe6Nmd01qAney3Bb3GB5cr96prCE3NdVzw1Y3vkRkEKrr',0,1,NULL,'2019-01-07 14:57:02','2019-01-14 09:29:22'),
(196,'trainor_40','Liwanag, Cenon Tolentino','cenon_liwanag@yahoo.com','$2y$10$rUUuQ18/5gDPacGIoGqrBO/gIaIFpjhTt/he494VkdGcQTU2QQACm','trainor','EI4uu9cVrV7L3sPJRNBMO9WXci3UOkU1kmBU8F6oSw7eV9dNfZHmHLSZsEV3',0,1,NULL,'2019-01-07 15:04:02','2019-01-14 09:54:41'),
(197,'trainor_41','Gime, Richard Competente','richardgime10@gmail.com','$2y$10$PDp3rMEzHpscQ3QTJhKEwutCFQ92FwagO.fri0G2s3tgzs1LvDX4i','trainor','8mKR27p9qMkNkOosC7HJznWfbYX1LYx3ekC5hVq9tqBUGaO9V0A3MZatyhi0',0,1,NULL,'2019-01-07 15:06:22','2019-01-14 10:42:35'),
(198,'trainor_42','San Juan, Glenn K.','glennsanjuan20@yahoo.com','$2y$10$HnQg/dzYvpaBTJQ/mg.Q0ew9aZ2Q3GjlsDFd7JQMBdY3Llytwo4x6','trainor','Lijqjur10H7JDxIWHns3cba3t8ONILfAJhDDriX2Je2DVg4QqwII9e6A7AHR',0,1,NULL,'2019-01-07 15:07:58','2019-01-14 10:49:15'),
(199,'trainor_43','Monleon, Jerry ','jerry.monleon1966@gmail.com','$2y$10$/QEeizpTYZqx4oy59s.EeeeDcBwacnpdSs6.2uyq/R4jfUEv5x8Km','trainor','ebAGXjbFnJZ2D5u1inKlkWEqbUJvtGBPUWmTjqWorDx4Q8tez4nqAHH2RrLR',0,1,NULL,'2019-01-08 09:55:38','2019-01-14 09:37:31'),
(200,'trainee_154','Basalo, Aniceto Bacalso','aniceto.basalo@yahoo.com','$2y$10$jlKACgYHkt33z1Xchcv.qeytiwyc/riQNbNvwEQMBgGK/pZDtHgR.','trainee',NULL,0,1,NULL,'2019-01-08 10:04:32','2019-01-15 08:58:50'),
(201,'trainor_44','Reyes, Susan ','susanreyes_isuzugencars@yahoo.com','$2y$10$KkjXNDB0w0bj4yMZRH4a4eYLJzF8yG3uL5dUFvQRJ7J2x3bVfVEL6','trainor',NULL,0,1,NULL,'2019-01-08 10:28:00','2019-01-08 10:28:00'),
(202,'trainee_155','Balila, Ryan Sonny Banzuela','ryansonny.balila@yahoo.com','$2y$10$3AboJB.x8L9rFjJFH2hUQOXz1/koKSZ/hppQRDNOXgPn8sGkHIf6m','trainee',NULL,0,1,NULL,'2019-01-08 10:31:05','2019-01-15 08:58:58'),
(203,'trainor_45','Montemayor, Moel ','memmayor@yahoo.com','$2y$10$AJiFFcnAPG5euxicoPe4de8rgJ90bslrNmG4rOUprH6lWC/1xQQp2','trainor',NULL,0,1,NULL,'2019-01-08 10:32:30','2019-01-08 10:32:30'),
(204,'trainee_156','Parma, Jay Niel Dacuya','jayniel.parma@yahoo.com','$2y$10$GXFtpBsawNCGLKIohLLMBOMV8EIgVwmy0DtyGNOcBFhdTBhnrGY0u','trainee',NULL,0,1,NULL,'2019-01-08 10:43:57','2019-01-15 08:59:08'),
(205,'trainee_157','Balbin, Daniel Mendoza','daniel.balbin@yahoo.com','$2y$10$LOg9bIi5V/3USmuzt8eKY.9QmRxgoQ7GWsTIo1.UQw.zpPaZM1Y7a','trainee',NULL,0,1,NULL,'2019-01-08 10:44:55','2019-01-15 08:59:23'),
(206,'trainee_158','Perdigones, Joshua Carinaga','joshua.perdigones@yahoo.com','$2y$10$c99mDqcOAkpZZuYI6JLZF.jKpyQ43X.zbYTxaksfM1GRxZ1YnUf9W','trainee',NULL,0,1,NULL,'2019-01-08 10:45:54','2019-01-15 08:59:33'),
(207,'trainee_159','Cuba, Elmer Jr. Reyes','elmer.cuba@yahoo.com','$2y$10$hOc9pxmev7sLdbmFH8Xfj.9zYci9Rsc2xLJNd23hfKzW.lX8HRj7y','trainee',NULL,0,1,NULL,'2019-01-08 10:47:57','2019-01-15 08:59:40'),
(208,'trainee_160','Avila, Jerome Sarcon','jerome.avila@yahoo.com','$2y$10$8Yy..18JKHJf9vAvTNmErOFgzDgCiHjIfzlbAHsX948gvnJw9KWTC','trainee',NULL,0,1,NULL,'2019-01-08 10:49:15','2019-01-15 08:59:48'),
(209,'trainor_46','Paltao, Bobby Jr. U.','bobby.paltao@yahoo.com','$2y$10$F1hYAZ7byLvUqDG1vbZm5.I.GqYZCa5lF.KQnvjtyYwRpI2daHzRq','trainor','7SFhwobSJ8DT5XZys5e0dUj7ou1aYDxBxqTiGwFpLbL4jHSAUVYvKJnWKavQ',0,1,NULL,'2019-01-08 11:07:57','2019-06-06 16:35:24'),
(210,'trainee_161','Ibarreta, Christopher Mirador','christopher.ibarreta@yahoo.com','$2y$10$A01z3/EtgPbqD8CH36ANweYPxg5LO2e1o/k47Xm0kCeKnt5x05sKe','trainee',NULL,0,1,NULL,'2019-01-08 11:21:52','2019-01-15 08:59:57'),
(211,'trainee_162','Banguilan, Erwin Dalupang','erwin.banguilan@yahoo.com','$2y$10$uii5ghP6AWMzoGftDviydO3mItMqvJ2YO8m6iOx3BUerMwCWrIwIu','trainee',NULL,0,1,NULL,'2019-01-08 11:22:53','2019-01-15 09:00:05'),
(212,'trainee_163','Eclipse, Marvin Domingo','marvin.eclipse@yahoo.com','$2y$10$G2sqS3skbAe9kgEMsqVibOJLXmrvgXZmLMaxwA1y29MODKrTIDaJC','trainee',NULL,0,1,NULL,'2019-01-08 11:23:42','2019-01-15 09:00:13'),
(213,'trainee_164','Bobares, John Kim Yu','johnkim.bobares@yahoo.com','$2y$10$NBRJ6TgCOlAnUM7PE3.Cb.tutQMxyIS//2dsw5YppRu6WMg7TktNC','trainee',NULL,0,1,NULL,'2019-01-08 11:24:50','2019-01-15 09:00:21'),
(214,'trainor_47','Miranda, Restituto ','resty.miranda16@yahoo.com','$2y$10$Hwxyz6vHY05dBh7WSfUVYe5fyr.9YIWf6ZukAmVKV5S8S3J3o/H9.','trainor','6N7HsI4CwnBw4wTuO16saoYNsqPHSv6MsMlPDlSHn90feEL1IZki3nLRhNwA',0,1,NULL,'2019-01-08 11:33:50','2019-01-22 14:39:16'),
(215,'trainee_165','Soronio, Rogelio Jr. Clarin','rogelio.soronio@yahoo.com','$2y$10$892qqm5vZ9Y5tb.7lDn1aO.CnlO0Ub87RBaeU6sLwU5xcB06oSYmu','trainee',NULL,0,1,NULL,'2019-01-08 11:41:34','2019-01-15 09:00:29'),
(217,'trainee_167','Garcia, Julius Olivero','julius.garcia@yahoo.com','$2y$10$L1tIRbImmoatY1lFPfAMEuFFNHYq9lbDDFZByNvIJ2Uq/XMIJUucS','trainee',NULL,0,1,NULL,'2019-01-08 11:43:20','2019-01-15 09:00:44'),
(218,'trainee_168','Villaver, Michael ','michael.villaver@yahoo.com','$2y$10$xKtxCl3C3v6Zn6NWFUmkjejDbz95dzDS8MmNgOEUwoPYhP1JwpjKS','trainee',NULL,0,1,NULL,'2019-01-08 11:44:04','2019-01-15 09:00:52'),
(219,'trainee_169','Tabago, Arcelo Ibarreta','arcelo.tabago@yahoo.com','$2y$10$3qXVSYOeJdYkTygYFnK3Ze5UtNE55iQ0aSWIresAL8XnqJ4PN/c.6','trainee',NULL,0,1,NULL,'2019-01-08 11:44:58','2019-01-15 09:01:00'),
(220,'trainor_48','Cammayo, Wenceslao U.','wenceslao.cammayo@yahoo.com','$2y$10$cAM0v9TrXFX165eQEKv/Kep4Xu6EupJPl2OboA3OUkwmn0yQgGrNS','trainor','EAI0lvj5SDqsqeejrn5GnMKQs8dOJTZ06z6l8jeV6uFxMNCghJScQlRBHSkT',0,1,NULL,'2019-01-08 11:56:24','2019-01-14 11:51:48'),
(221,'trainee_170','Dela Cruz, Aguedo Sindayen','aguedo.delacruz@yahoo.com','$2y$10$9xOtekBrYjmWAjM6Kn8duua7QXrL.rE5PIQBPgyjwlQMWKZMXpj4u','trainee',NULL,0,1,NULL,'2019-01-08 12:23:44','2019-01-15 09:01:10'),
(222,'trainee_171','Balbiran, Gerry Villacorta','gerry.balbiran@yahoo.com','$2y$10$htym.fFqHTh2fFfG0uGnLObJ8EZUgsON/9m6kuePQcC0YNlagUDQa','trainee',NULL,0,1,NULL,'2019-01-08 12:24:38','2019-01-15 09:01:19'),
(223,'trainee_172','Abarcar, Eddie Lambino','eddie.abarcar@yahoo.com','$2y$10$q7tgSbJm5h5jHAkJ1y4KxOO2u5uaWJEkGBklh5H7LUgV/zeqrmAJO','trainee',NULL,0,1,NULL,'2019-01-08 12:25:29','2019-01-15 09:02:09'),
(224,'trainee_173','Tandingan, Jaime Baula','jaime.tandingan@yahoo.com','$2y$10$vtqRAgk.MsH6qHNG2F4lWefArfmIqXhCGOGLacEoNW4RJLA.C7HMC','trainee',NULL,0,1,NULL,'2019-01-08 12:26:35','2019-01-15 09:02:18'),
(225,'trainee_174','Cacapit, Dennis Balobar','dennis.cacapit@yahoo.com','$2y$10$QHxNmeCdZiN/mBUjKFfWrOLkvoG3JuGKLhKvb9uqLWXAet7hErsze','trainee',NULL,0,1,NULL,'2019-01-08 12:27:00','2019-01-15 09:02:25'),
(226,'trainee_175','De Guzman, Luige De Guzman','luige.deguzman@yahoo.com','$2y$10$jf.sBWrAiy0fwJZze4jryeQAt2PM1JKBT9ZOa/TOrkfpKoBbeurJa','trainee',NULL,0,1,NULL,'2019-01-08 12:28:33','2019-01-15 09:02:33'),
(227,'trainor_49','Sibulo, Adello ','adello.sibuloisuzugreenhills@yahoo.com','$2y$10$OrPEvgV339/uDXti96K3c.eLVQsL4HKNTaGhwG5ULS9CktcA7sM.S','trainor','y9VUDQ4ATvhqgb0gqaBnxkLgR2mW3945o1tsRFMHQwK0pR7Z5JV3cFLxyQF7',0,1,NULL,'2019-01-08 12:33:03','2019-01-14 12:51:11'),
(228,'trainor_50','Liu, Mellissa ','isuzugensan@yahoo.com','$2y$10$IpVdUaz1jLpRoTwnGpz8XuRk69FCUcQ2BpQTMGj5XjYJxylvMuS36','trainor','YSCfWpiD7g5ksdbFf2kHUkVWlHE7cw1R2Rq9rlLbe9d4MJCYNt7uOmGOA16q',0,1,NULL,'2019-01-08 12:36:31','2019-01-14 13:14:14'),
(229,'trainee_176','Amador, Niel Albert Jabuen','niel.amador@yahoo.com','$2y$10$KQr5OgEZ45XCG2lykv9DwO7aWLNo9Evn9TYP2fOyeFzox9SLqIjsq','trainee',NULL,0,1,NULL,'2019-01-08 12:38:36','2019-01-15 09:02:41'),
(230,'trainor_51','Dela Riarte, Dexter Jr. ','isuzubtn@gmail.com','$2y$10$Wu46elxmwnzqc5934GkyOOkTZQlz0ULRWSncVYMfFXriw5glVChSe','trainor','ltzecpfoRWw6QSLrmsEGs8TZSI0Hlbr94qqh8gFBtUlJ6N3dkged9T27qcPR',0,1,NULL,'2019-01-08 12:54:41','2019-01-14 13:24:14'),
(231,'trainee_177','Cardente, Gayson Cardenes','gayson.cardente@yahoo.com','$2y$10$HPm7mo8MWIVVC8ZK11Y1MuANM3igRjOSXabOu4WVgBPNRtymS1h5.','trainee',NULL,0,1,NULL,'2019-01-08 13:01:06','2019-01-15 09:02:49'),
(232,'trainee_178','Andoy, Garryson Mahinay','garryson.andoy@yahoo.com','$2y$10$A6drwbpuXBe5pOQlHF2sD.EwLGrDGCH8g0hFwBDsmuIOktjraM.q6','trainee',NULL,0,1,NULL,'2019-01-08 13:02:03','2019-01-15 09:02:57'),
(233,'trainee_179','Gamana, Jerric Cuesito','jerric.gamana@yahoo.com','$2y$10$uqTjuYOctFBj/oEfsRWqLuHGx6FIuAYek4Vx8QITzWYH6yf8cH/7e','trainee',NULL,0,1,NULL,'2019-01-08 13:02:45','2019-01-15 09:03:06'),
(234,'trainee_180','Cabusas, Reynante Cuesito','reynante.cabusas@yahoo.com','$2y$10$ATDCcX.1sOhClRKlE6Er3.GDab8pQ/X/uEPLXlhZoTs50HmqkILSq','trainee',NULL,0,1,NULL,'2019-01-08 13:03:35','2019-01-15 09:03:14'),
(235,'trainee_181','Ayoma, Eric Gasahan','eric.ayoma@yahoo.com','$2y$10$vJBRimga8B..MQ5eGJaPQewB34InLk5X4m8qsPYIam8iex1LAalR2','trainee',NULL,0,1,NULL,'2019-01-08 13:04:25','2019-01-15 09:03:26'),
(236,'trainor_52','Hufemia, Michael G.','michael.hufemiaisuzuleyte@yahoo.com','$2y$10$aB.VSAI66/pW5nrAdVKOHOcA80pODZBX3Ralk1V5u2OtWaRuNDL66','trainor','vufnIPqwYjrngqy4X3W4TNdrqSfAMIqvgEe8IaP6RAUimtsCWCTCmX0l83xl',0,1,NULL,'2019-01-08 13:07:32','2019-01-09 16:42:13'),
(237,'trainor_53','Lee, Patrick ','izu_zambo@yahoo.com','$2y$10$uoB9QaEq2BgRbRBL0fwe3u1GeF9yTKvKOLB/rGZXq.ch8u6xoJEN6','trainor','PBHLFZIfaRtYc703Ycu1YVU6giS3AkSCHYaOny9XfimyxMlQ0jorhHcvX0Yk',0,1,NULL,'2019-01-08 13:09:14','2019-01-14 13:28:41'),
(238,'trainee_182','Estrellas, Neil Apolinario','niel.estrellas@yahoo.com','$2y$10$lvBUtLs/I3Yd88imaIO2CedxNfLDwUa75w2gPQuBVCWthl3vzUe3C','trainee',NULL,0,1,NULL,'2019-01-08 13:19:53','2019-01-15 09:03:41'),
(239,'trainor_54','Daligdig, Cesar ','isuzudipolog@yahoo.com','$2y$10$MxqImey8I3JahX01SAyBnONUqtVN8AOgogrLRsqRsPTOD6AY.TNci','trainor','sHuyRjqnMxtbQ9e7Y7x17vaEz1QtOnXPwZCDqIoUo5JkIgKoyJWsTZZ1wlYr',0,1,NULL,'2019-01-08 13:21:36','2019-01-14 13:35:48'),
(240,'trainee_183','Mamanda, Jimson Emoy','jimson.mamanda@yahoo.com','$2y$10$qvpC1tdPIJJdlx.Qqftv1erNRUtZCyHKFH5HW5L3yJqCAUUN3pNs.','trainee',NULL,0,1,NULL,'2019-01-08 13:28:43','2019-01-15 09:03:50'),
(241,'trainee_184','Ejan, Renie Saindom','renie.ejan@yahoo.com','$2y$10$MRHWNwS8Dle95rv8atBZyuUsKWGHgOKZOl56fgKHyLSHD75c9jUgq','trainee',NULL,0,1,NULL,'2019-01-08 13:30:52','2019-01-15 09:03:59'),
(242,'trainee_185','Page, Jason Redillas','jason.page@yahoo.com','$2y$10$hAb8R3yEolsTqCUywx2CN.dtaXY45VjvFDbJJD/TL08J108Y6s5ae','trainee',NULL,0,1,NULL,'2019-01-08 13:31:27','2019-01-15 09:04:06'),
(243,'trainee_186','Tagbac, Jason Kindg Aldwin Redillas','jason.tagbac@yahoo.com','$2y$10$REfBvxBIKH4gsroFcK.GGulGvLWFXsS9e1GzhJaE28VpmdC1AhvVG','trainee',NULL,0,1,NULL,'2019-01-08 13:32:41','2019-01-15 09:04:59'),
(244,'trainor_55','Decena, Cheryll ','cheryll_decena@yahoo.com','$2y$10$YZ1rTLBehxn5VhfB1c33We9DWUdsb2xEbD/R9BFrJkO/q44If9122','trainor',NULL,0,1,NULL,'2019-01-08 13:40:05','2019-01-08 13:40:05'),
(245,'trainor_56','Marino, Leah M.','isuzudumaguete@hotmail.com','$2y$10$N28PGolZmdua9eGB2Di2Y.90PwRxQ0URcueYVXUestOcLqIv1NcgG','trainor','MMSSa37ifY7tCNOLP72L4v8U4SMrq2LPjMN7TsS1ejWMWeouXldoA8sRe9Sq',0,1,NULL,'2019-01-08 13:41:55','2019-01-14 13:50:16'),
(246,'trainee_187','Turtal, Karl Dioje Flame','karl.turtal@yahoo.com','$2y$10$yzUjQ3mufw2wtjOfRSozHOd93jJzSxOSVq6wO862pzHR0pEXX/F7e','trainee',NULL,0,1,NULL,'2019-01-08 14:00:26','2019-01-15 09:05:08'),
(247,'trainee_188','Amil, Erwin Jay Laurente','erwin.amil@yahoo.com','$2y$10$L8Ptnu.3EtX44LM78hX2/.hm/q9H.hvBN.8ZQPZ6BIv1NKTi3zW8m','trainee',NULL,0,1,NULL,'2019-01-08 14:03:25','2019-01-15 08:38:45'),
(248,'trainor_57','Vallar, Abrille Hector M.','abrille@gmail.com','$2y$10$h4NlDr7oxCwIoTCSyqVr3.PNskP4Utoo37QBcxgFgilNjWK7oksNu','trainor',NULL,0,1,NULL,'2019-01-08 14:06:06','2019-01-08 14:06:06'),
(249,'trainor_58','Parma, Edwin ','isuzupagbilaoservice.main@gmail.com','$2y$10$DNhqmweE9WamFp4FiaWpMe9Bya.5M7iQtEuT9JmAKKBIF0cmCHwFy','trainor','B8bLaDzFTjnMjxGAwls4OO4NGna1SjYGcTF7wj8BH4NIQYCLI3UMzXAiywYx',0,1,NULL,'2019-01-08 14:09:17','2019-01-14 14:12:42'),
(250,'trainor_59','Cammayo, Wenceslao U.','wenceslaocammayo@yahoo.com','$2y$10$u2rByRkE/fWeEIRKMveTkembgS675LxDtD4bJLAAo98Lhe6.RHh9S','trainor','VkGO0kvoWjcdmEEyxhR4IRMQi2Vr3k0G42hPeBesS4C5BxWqIq9Dmztqtxwd',0,1,NULL,'2019-01-08 14:39:58','2019-01-09 11:10:29');

/*!40101 SET SQL_MODE=@OLD_SQL_MODE */;
/*!40014 SET FOREIGN_KEY_CHECKS=@OLD_FOREIGN_KEY_CHECKS */;
/*!40014 SET UNIQUE_CHECKS=@OLD_UNIQUE_CHECKS */;
/*!40111 SET SQL_NOTES=@OLD_SQL_NOTES */;
